gene_identifier,tech_penalty
ENSMUSG00000051951,0.5236626439690502
ENSMUSG00000089699,0.9590958583777625
ENSMUSG00000102331,0.8665892462308685
ENSMUSG00000102343,1.0
ENSMUSG00000025900,1.0
ENSMUSG00000025902,0.683495499830051
ENSMUSG00000104238,1.0
ENSMUSG00000104328,1.0
ENSMUSG00000033845,0.7275143454628572
ENSMUSG00000025903,0.6507781724057257
ENSMUSG00000033813,0.5540426593297818
ENSMUSG00000002459,0.4427560253325032
ENSMUSG00000085623,1.0
ENSMUSG00000033793,0.610397613036437
ENSMUSG00000025905,1.0
ENSMUSG00000033774,1.0
ENSMUSG00000025907,0.48594950154453026
ENSMUSG00000090031,0.8508402591861729
ENSMUSG00000087247,1.0
ENSMUSG00000033740,0.3622082395855249
ENSMUSG00000051285,0.44789561186524235
ENSMUSG00000097797,0.9946829509026551
ENSMUSG00000103067,1.0
ENSMUSG00000025909,0.52939170411543
ENSMUSG00000061024,0.7855963314416606
ENSMUSG00000025911,0.6654455962686343
ENSMUSG00000079671,0.731737442887729
ENSMUSG00000067879,0.7307175553679637
ENSMUSG00000099827,1.0
ENSMUSG00000025912,0.9669820525335507
ENSMUSG00000045210,0.6421737128847433
ENSMUSG00000097893,0.9816325989118913
ENSMUSG00000025915,0.5937835665434379
ENSMUSG00000046101,0.9735582433180987
ENSMUSG00000098234,0.6762284481582064
ENSMUSG00000099032,1.0
ENSMUSG00000025916,1.0
ENSMUSG00000087199,1.0
ENSMUSG00000025917,0.6865133301002685
ENSMUSG00000056763,0.5372086543803405
ENSMUSG00000067851,0.5297913667260479
ENSMUSG00000042501,0.824179259574793
ENSMUSG00000048960,0.35920816832730224
ENSMUSG00000057715,0.7529597077408542
ENSMUSG00000097171,1.0
ENSMUSG00000101314,1.0
ENSMUSG00000016918,0.7779308828121632
ENSMUSG00000025938,0.9313860487069505
ENSMUSG00000099498,1.0
ENSMUSG00000042414,1.0
ENSMUSG00000005886,0.466644064434587
ENSMUSG00000101476,1.0
ENSMUSG00000025935,0.6113167588091999
ENSMUSG00000025937,0.7087041603731628
ENSMUSG00000067813,1.0
ENSMUSG00000025932,0.696051079312621
ENSMUSG00000054493,1.0
ENSMUSG00000025930,1.0
ENSMUSG00000032769,1.0
ENSMUSG00000092083,0.5485956908009699
ENSMUSG00000025925,0.662338766938031
ENSMUSG00000032719,1.0
ENSMUSG00000067795,1.0
ENSMUSG00000043716,0.3319136601543738
ENSMUSG00000025921,0.7992721059703484
ENSMUSG00000100868,1.0
ENSMUSG00000025920,0.6111531713803484
ENSMUSG00000089982,1.0
ENSMUSG00000025939,0.5756598135872405
ENSMUSG00000079658,0.5544014128160579
ENSMUSG00000097744,1.0
ENSMUSG00000025940,0.7453058775019498
ENSMUSG00000025779,0.925808668855933
ENSMUSG00000101640,0.6647184997883105
ENSMUSG00000042686,0.6581412640796381
ENSMUSG00000100110,1.0
ENSMUSG00000025777,0.7172283854511362
ENSMUSG00000099899,1.0
ENSMUSG00000067780,1.0
ENSMUSG00000100053,1.0
ENSMUSG00000085125,0.9986202051417407
ENSMUSG00000025776,0.9643605454181801
ENSMUSG00000099895,1.0
ENSMUSG00000109887,1.0
ENSMUSG00000025774,1.0
ENSMUSG00000073735,1.0
ENSMUSG00000067773,1.0
ENSMUSG00000089787,1.0
ENSMUSG00000042596,1.0
ENSMUSG00000025927,0.9103779410626145
ENSMUSG00000100538,1.0
ENSMUSG00000043760,1.0
ENSMUSG00000089914,1.0
ENSMUSG00000099906,1.0
ENSMUSG00000025929,1.0
ENSMUSG00000041872,1.0
ENSMUSG00000041859,1.0
ENSMUSG00000102121,1.0
ENSMUSG00000097934,1.0
ENSMUSG00000025931,0.43779628141983234
ENSMUSG00000041809,0.9984458724561783
ENSMUSG00000041779,0.8828293044526642
ENSMUSG00000099971,1.0
ENSMUSG00000025933,0.7710469091095554
ENSMUSG00000025934,0.9853502173383493
ENSMUSG00000099343,1.0
ENSMUSG00000067750,1.0
ENSMUSG00000041722,1.0
ENSMUSG00000085079,1.0
ENSMUSG00000028033,0.5774382795062165
ENSMUSG00000041670,0.4174426528217478
ENSMUSG00000101227,1.0
ENSMUSG00000073730,1.0
ENSMUSG00000097970,1.0
ENSMUSG00000100775,0.9460006252219626
ENSMUSG00000026158,0.5637400737923041
ENSMUSG00000099503,1.0
ENSMUSG00000026156,0.792590983470009
ENSMUSG00000026155,0.5234712245347934
ENSMUSG00000026154,0.7019116687292533
ENSMUSG00000026153,0.5844797165552797
ENSMUSG00000026147,0.9998940665406553
ENSMUSG00000026141,0.8290823555013636
ENSMUSG00000073725,0.5047178547705474
ENSMUSG00000100483,
ENSMUSG00000099392,1.0
ENSMUSG00000033569,0.32365537713854436
ENSMUSG00000073722,1.0
ENSMUSG00000101514,1.0
ENSMUSG00000048411,1.0
ENSMUSG00000053185,1.0
ENSMUSG00000048874,0.5079147677695909
ENSMUSG00000026064,1.0
ENSMUSG00000117310,1.0
ENSMUSG00000117091,
ENSMUSG00000086727,1.0
ENSMUSG00000100237,1.0
ENSMUSG00000100910,1.0
ENSMUSG00000050217,1.0
ENSMUSG00000026063,1.0
ENSMUSG00000026058,0.688157435154716
ENSMUSG00000091318,1.0
ENSMUSG00000102917,1.0
ENSMUSG00000104230,1.0
ENSMUSG00000026134,0.7559381719983875
ENSMUSG00000004768,0.7772189488937132
ENSMUSG00000042215,0.9088156043853984
ENSMUSG00000042197,0.6267294142985497
ENSMUSG00000042182,0.6141826022340896
ENSMUSG00000026131,0.34192141020831146
ENSMUSG00000096992,1.0
ENSMUSG00000104397,1.0
ENSMUSG00000102336,1.0
ENSMUSG00000042111,0.8012059973096827
ENSMUSG00000101711,1.0
ENSMUSG00000026127,0.7464507512123473
ENSMUSG00000026126,0.6485433199090971
ENSMUSG00000100280,1.0
ENSMUSG00000101223,1.0
ENSMUSG00000026125,1.0
ENSMUSG00000026124,1.0
ENSMUSG00000037529,1.0
ENSMUSG00000045815,1.0
ENSMUSG00000045174,0.9802383528143762
ENSMUSG00000037509,0.5593176599434083
ENSMUSG00000118272,
ENSMUSG00000104002,1.0
ENSMUSG00000037503,0.5300731438544202
ENSMUSG00000026123,0.6598905549354275
ENSMUSG00000104417,1.0
ENSMUSG00000101714,1.0
ENSMUSG00000102531,1.0
ENSMUSG00000102279,1.0
ENSMUSG00000103708,1.0
ENSMUSG00000104201,1.0
ENSMUSG00000045216,0.6930670898230812
ENSMUSG00000104523,1.0
ENSMUSG00000102202,1.0
ENSMUSG00000037470,0.641899499470263
ENSMUSG00000047180,0.7282491966403386
ENSMUSG00000037447,0.7857706304965301
ENSMUSG00000102762,1.0
ENSMUSG00000010453,0.6355689319029681
ENSMUSG00000037432,1.0
ENSMUSG00000001143,0.6858241090067989
ENSMUSG00000037408,0.8584054826468301
ENSMUSG00000001138,0.6706607564601326
ENSMUSG00000102845,1.0
ENSMUSG00000067653,0.9791430177289595
ENSMUSG00000079610,0.8158193808911733
ENSMUSG00000026121,0.8049818460636436
ENSMUSG00000087589,0.9977314516182304
ENSMUSG00000046337,1.0
ENSMUSG00000061518,0.4925796155880958
ENSMUSG00000037351,0.643511624416851
ENSMUSG00000102416,1.0
ENSMUSG00000104237,1.0
ENSMUSG00000026117,1.0
ENSMUSG00000026116,0.5427852017822496
ENSMUSG00000102930,0.9846931192286716
ENSMUSG00000050122,1.0
ENSMUSG00000103603,1.0
ENSMUSG00000026114,1.0
ENSMUSG00000026113,0.6496905503335222
ENSMUSG00000086064,1.0
ENSMUSG00000026112,0.7478303565481423
ENSMUSG00000026111,0.6639139985930432
ENSMUSG00000026110,0.520757270298611
ENSMUSG00000026090,0.7770025647321395
ENSMUSG00000089767,1.0
ENSMUSG00000060771,0.6830086260790765
ENSMUSG00000097268,1.0
ENSMUSG00000037216,1.0
ENSMUSG00000026088,0.759400024769223
ENSMUSG00000026087,0.6543718278893911
ENSMUSG00000061584,1.0
ENSMUSG00000087374,1.0
ENSMUSG00000026085,1.0
ENSMUSG00000058407,0.6827848569506955
ENSMUSG00000026083,0.5165877445409591
ENSMUSG00000026082,0.6123003393267564
ENSMUSG00000103804,1.0
ENSMUSG00000102716,1.0
ENSMUSG00000037138,0.6732795031519286
ENSMUSG00000085391,1.0
ENSMUSG00000085280,1.0
ENSMUSG00000087131,1.0
ENSMUSG00000048814,0.7162186357775909
ENSMUSG00000026080,0.6766685583909735
ENSMUSG00000103647,1.0
ENSMUSG00000067604,1.0
ENSMUSG00000026078,0.6954195176675965
ENSMUSG00000104188,1.0
ENSMUSG00000026077,0.5765874587050533
ENSMUSG00000073702,0.41218059680949104
ENSMUSG00000003134,0.7258031076193269
ENSMUSG00000003135,0.7995778799032072
ENSMUSG00000085894,0.9997390883110215
ENSMUSG00000048234,0.8088537358947776
ENSMUSG00000050967,0.8462730794367656
ENSMUSG00000097083,1.0
ENSMUSG00000057173,1.0
ENSMUSG00000091937,1.0
ENSMUSG00000101634,1.0
ENSMUSG00000026074,0.4140941083307181
ENSMUSG00000026073,1.0
ENSMUSG00000097899,0.9386031473879298
ENSMUSG00000026072,0.8575430262292574
ENSMUSG00000070942,0.9721804467154272
ENSMUSG00000026069,1.0
ENSMUSG00000026070,1.0
ENSMUSG00000026068,1.0
ENSMUSG00000104441,1.0
ENSMUSG00000026065,1.0
ENSMUSG00000026062,1.0
ENSMUSG00000103679,1.0
ENSMUSG00000103270,1.0
ENSMUSG00000041945,1.0
ENSMUSG00000079588,1.0
ENSMUSG00000104072,1.0
ENSMUSG00000100185,1.0
ENSMUSG00000100832,1.0
ENSMUSG00000053640,1.0
ENSMUSG00000101919,
ENSMUSG00000101299,0.8909831031537654
ENSMUSG00000100180,1.0
ENSMUSG00000060424,0.5232787567690079
ENSMUSG00000093436,0.7667391438135586
ENSMUSG00000045515,0.5461450616063119
ENSMUSG00000097063,0.7136385601160538
ENSMUSG00000099784,1.0
ENSMUSG00000060679,0.6771517251351074
ENSMUSG00000041907,0.8639732400618753
ENSMUSG00000070939,0.678037314700752
ENSMUSG00000100269,1.0
ENSMUSG00000041878,1.0
ENSMUSG00000010290,0.8164114057280485
ENSMUSG00000008136,0.9536612579663302
ENSMUSG00000099576,1.0
ENSMUSG00000066877,0.6904304677699032
ENSMUSG00000026051,1.0
ENSMUSG00000100764,1.0
ENSMUSG00000100635,1.0
ENSMUSG00000100480,1.0
ENSMUSG00000057363,0.7096909490705158
ENSMUSG00000041763,0.5999240691019748
ENSMUSG00000047343,1.0
ENSMUSG00000091844,1.0
ENSMUSG00000026049,0.9395648857473391
ENSMUSG00000026047,0.8455368287186047
ENSMUSG00000041684,0.8298591989695442
ENSMUSG00000026048,0.6690942331569895
ENSMUSG00000046828,1.0
ENSMUSG00000100769,1.0
ENSMUSG00000056870,0.582098046432091
ENSMUSG00000101701,1.0
ENSMUSG00000026043,1.0
ENSMUSG00000026042,0.8448406530144409
ENSMUSG00000025995,0.8014545015757377
ENSMUSG00000098549,1.0
ENSMUSG00000025993,0.592618915160905
ENSMUSG00000041144,0.6981604128958
ENSMUSG00000101337,0.961320464137407
ENSMUSG00000025986,0.43501276959569535
ENSMUSG00000100213,0.9912466201656501
ENSMUSG00000101447,1.0
ENSMUSG00000051616,1.0
ENSMUSG00000099608,1.0
ENSMUSG00000100451,1.0
ENSMUSG00000100816,1.0
ENSMUSG00000026109,0.3298170304316111
ENSMUSG00000100671,0.8513547502987846
ENSMUSG00000101242,1.0
ENSMUSG00000099924,0.7797899954285933
ENSMUSG00000099625,0.9861700545737565
ENSMUSG00000101799,0.9776310310281919
ENSMUSG00000045954,0.6165858761940946
ENSMUSG00000101702,1.0
ENSMUSG00000026107,0.9168355500112746
ENSMUSG00000099413,1.0
ENSMUSG00000101741,1.0
ENSMUSG00000018417,0.5202871380260448
ENSMUSG00000101724,1.0
ENSMUSG00000100313,1.0
ENSMUSG00000062939,1.0
ENSMUSG00000109599,1.0
ENSMUSG00000026104,0.6726699857122969
ENSMUSG00000026103,0.5268671221180983
ENSMUSG00000002881,0.6250474016669234
ENSMUSG00000100120,1.0
ENSMUSG00000099878,1.0
ENSMUSG00000043015,0.872295809927191
ENSMUSG00000041439,0.6271921886273923
ENSMUSG00000100302,1.0
ENSMUSG00000026102,0.7084471930766495
ENSMUSG00000041426,0.6936700893164693
ENSMUSG00000043629,0.7962015058866689
ENSMUSG00000026100,1.0
ENSMUSG00000060715,0.9944779050755981
ENSMUSG00000026098,0.7532053989955768
ENSMUSG00000100763,1.0
ENSMUSG00000026097,0.8754520353722594
ENSMUSG00000026096,0.8068254226225532
ENSMUSG00000026095,0.803332357603152
ENSMUSG00000117809,
ENSMUSG00000096141,0.9995734357718009
ENSMUSG00000026094,0.718537513669314
ENSMUSG00000042807,0.45480537987131053
ENSMUSG00000025983,1.0
ENSMUSG00000041303,0.7276479995939734
ENSMUSG00000109809,1.0
ENSMUSG00000073678,0.6673776257779878
ENSMUSG00000052331,0.4735841923825992
ENSMUSG00000101674,0.8535991718770518
ENSMUSG00000025982,0.47905477534947116
ENSMUSG00000025981,0.6887120036421346
ENSMUSG00000025980,0.5919554738308825
ENSMUSG00000073676,0.5020459850992453
ENSMUSG00000025979,0.5737212893608247
ENSMUSG00000025978,0.5926129957365462
ENSMUSG00000097649,0.7223406250032732
ENSMUSG00000046994,0.87779624866685
ENSMUSG00000025977,1.0
ENSMUSG00000038349,0.29476029989674934
ENSMUSG00000099950,1.0
ENSMUSG00000100372,1.0
ENSMUSG00000101332,1.0
ENSMUSG00000045336,1.0
ENSMUSG00000038331,0.9019970259731656
ENSMUSG00000087022,0.9881516989616145
ENSMUSG00000099945,
ENSMUSG00000101429,1.0
ENSMUSG00000097519,1.0
ENSMUSG00000038323,0.7804801010081925
ENSMUSG00000048495,0.802066328124894
ENSMUSG00000025971,0.8069637200418728
ENSMUSG00000038305,0.7558280170176876
ENSMUSG00000091283,1.0
ENSMUSG00000054770,0.7738030767301062
ENSMUSG00000026039,1.0
ENSMUSG00000063558,0.7129219500735835
ENSMUSG00000064294,1.0
ENSMUSG00000038242,1.0
ENSMUSG00000089822,1.0
ENSMUSG00000079554,1.0
ENSMUSG00000051223,0.5853554959874383
ENSMUSG00000026034,0.47143598346679516
ENSMUSG00000026035,0.7851948757427497
ENSMUSG00000026036,0.8475795149794333
ENSMUSG00000026037,0.6714298075776064
ENSMUSG00000085054,0.9306429430707173
ENSMUSG00000038174,0.567262400772239
ENSMUSG00000026032,0.5575477295996839
ENSMUSG00000047528,1.0
ENSMUSG00000026031,0.5264891546865306
ENSMUSG00000026029,0.7030713956855715
ENSMUSG00000026028,0.6658258787094715
ENSMUSG00000026027,0.773601652527612
ENSMUSG00000072295,1.0
ENSMUSG00000047383,
ENSMUSG00000099752,1.0
ENSMUSG00000038079,0.7335708534776313
ENSMUSG00000097573,1.0
ENSMUSG00000079550,0.9700326831335647
ENSMUSG00000101586,1.0
ENSMUSG00000026024,0.6623723607984706
ENSMUSG00000026023,1.0
ENSMUSG00000099922,1.0
ENSMUSG00000041075,0.8707352311631122
ENSMUSG00000097819,1.0
ENSMUSG00000047361,0.5762790143151858
ENSMUSG00000099811,0.922828650793109
ENSMUSG00000101409,1.0
ENSMUSG00000026021,0.4835491399039119
ENSMUSG00000026020,0.7232568698231424
ENSMUSG00000067336,0.41791478020712247
ENSMUSG00000041040,0.5313258107785346
ENSMUSG00000026018,0.8276671722500907
ENSMUSG00000026019,0.7460996722685569
ENSMUSG00000026017,0.7625273106351743
ENSMUSG00000073664,0.4753149947075552
ENSMUSG00000049439,0.7051393413907802
ENSMUSG00000026782,0.5718353509248765
ENSMUSG00000026014,0.6092199256641642
ENSMUSG00000026012,1.0
ENSMUSG00000086795,1.0
ENSMUSG00000085965,1.0
ENSMUSG00000026011,1.0
ENSMUSG00000026009,1.0
ENSMUSG00000100893,1.0
ENSMUSG00000085248,1.0
ENSMUSG00000085447,1.0
ENSMUSG00000086408,1.0
ENSMUSG00000100965,1.0
ENSMUSG00000086009,1.0
ENSMUSG00000052062,0.4609129493525183
ENSMUSG00000085842,0.9977381779564142
ENSMUSG00000085019,1.0
ENSMUSG00000085400,1.0
ENSMUSG00000100750,1.0
ENSMUSG00000025969,0.6418974961465832
ENSMUSG00000100811,1.0
ENSMUSG00000100426,1.0
ENSMUSG00000040865,0.5501431961572147
ENSMUSG00000084799,0.6877470748419636
ENSMUSG00000101599,0.7362579039970009
ENSMUSG00000025968,0.6152494048512863
ENSMUSG00000025967,0.38915705595367567
ENSMUSG00000046856,1.0
ENSMUSG00000086730,1.0
ENSMUSG00000087561,1.0
ENSMUSG00000027520,0.8481460463782325
ENSMUSG00000025964,0.6311120699039517
ENSMUSG00000115378,1.0
ENSMUSG00000069085,1.0
ENSMUSG00000025963,1.0
ENSMUSG00000025962,0.8834709957192795
ENSMUSG00000025961,1.0
ENSMUSG00000044689,1.0
ENSMUSG00000025959,0.40482549982685456
ENSMUSG00000086836,1.0
ENSMUSG00000101895,0.9577342776564775
ENSMUSG00000025958,0.5434692931074162
ENSMUSG00000025956,0.8434021143206402
ENSMUSG00000101832,1.0
ENSMUSG00000100437,1.0
ENSMUSG00000087213,1.0
ENSMUSG00000070871,0.7197680408190407
ENSMUSG00000045005,0.9709121464656081
ENSMUSG00000051344,0.5975561246280422
ENSMUSG00000025955,1.0
ENSMUSG00000070870,1.0
ENSMUSG00000067299,1.0
ENSMUSG00000025952,1.0
ENSMUSG00000073658,1.0
ENSMUSG00000044429,1.0
ENSMUSG00000044816,1.0
ENSMUSG00000025950,0.669251980059925
ENSMUSG00000025949,0.6321656352548651
ENSMUSG00000025946,1.0
ENSMUSG00000025945,1.0
ENSMUSG00000015222,0.4384693992173587
ENSMUSG00000073656,1.0
ENSMUSG00000055567,0.5510612920050093
ENSMUSG00000026005,0.7524937093781044
ENSMUSG00000026004,0.5070578706442866
ENSMUSG00000026003,0.6503411947535875
ENSMUSG00000061816,1.0
ENSMUSG00000026000,0.6992310577481808
ENSMUSG00000025991,1.0
ENSMUSG00000086204,1.0
ENSMUSG00000085075,1.0
ENSMUSG00000087329,1.0
ENSMUSG00000062209,0.3263759503178611
ENSMUSG00000087514,1.0
ENSMUSG00000099804,1.0
ENSMUSG00000100354,1.0
ENSMUSG00000101156,1.0
ENSMUSG00000025997,0.5891646734179417
ENSMUSG00000100815,1.0
ENSMUSG00000099954,1.0
ENSMUSG00000053153,0.9932216631468556
ENSMUSG00000045648,0.9003140001805869
ENSMUSG00000026196,1.0
ENSMUSG00000050296,1.0
ENSMUSG00000026192,0.8463637565009307
ENSMUSG00000026193,0.47965660417188916
ENSMUSG00000073652,1.0
ENSMUSG00000099707,1.0
ENSMUSG00000101211,1.0
ENSMUSG00000101848,1.0
ENSMUSG00000101764,1.0
ENSMUSG00000102123,1.0
ENSMUSG00000039395,0.9276504309592313
ENSMUSG00000026189,0.8740815400017489
ENSMUSG00000026188,0.9178947093444751
ENSMUSG00000026187,0.765678454757258
ENSMUSG00000039372,0.9304110089773664
ENSMUSG00000039354,0.8080996730643883
ENSMUSG00000110712,1.0
ENSMUSG00000039342,1.0
ENSMUSG00000046330,0.2882252810586771
ENSMUSG00000039323,0.7045052933678718
ENSMUSG00000026185,0.6271426027410931
ENSMUSG00000101968,1.0
ENSMUSG00000026182,1.0
ENSMUSG00000101112,1.0
ENSMUSG00000099877,1.0
ENSMUSG00000101812,1.0
ENSMUSG00000100444,1.0
ENSMUSG00000100429,1.0
ENSMUSG00000100301,0.9525488564269379
ENSMUSG00000101344,1.0
ENSMUSG00000055322,0.44582091821310427
ENSMUSG00000061815,1.0
ENSMUSG00000026180,1.0
ENSMUSG00000048480,1.0
ENSMUSG00000006304,0.4708062042211738
ENSMUSG00000064272,1.0
ENSMUSG00000006299,0.6056301616663365
ENSMUSG00000101503,1.0
ENSMUSG00000026179,0.5380208633999922
ENSMUSG00000006301,0.5267730987628534
ENSMUSG00000099931,0.9938501102945358
ENSMUSG00000073650,0.9515238793680624
ENSMUSG00000026177,0.8311560269946657
ENSMUSG00000026176,0.6687397609594891
ENSMUSG00000026175,1.0
ENSMUSG00000033364,0.6365755762462436
ENSMUSG00000026174,0.765453397322619
ENSMUSG00000026173,0.6366198452984887
ENSMUSG00000026135,0.7846197404675614
ENSMUSG00000026172,0.828851625505104
ENSMUSG00000026171,0.715816784793945
ENSMUSG00000033276,0.9683929854137248
ENSMUSG00000033257,0.7432222419931768
ENSMUSG00000026170,0.7520836506793741
ENSMUSG00000006542,1.0
ENSMUSG00000033227,1.0
ENSMUSG00000099472,1.0
ENSMUSG00000026167,1.0
ENSMUSG00000089964,1.0
ENSMUSG00000090071,0.7921458582878301
ENSMUSG00000055197,1.0
ENSMUSG00000006546,1.0
ENSMUSG00000047021,1.0
ENSMUSG00000089653,1.0
ENSMUSG00000006538,1.0
ENSMUSG00000026162,0.9308316400328609
ENSMUSG00000026205,1.0
ENSMUSG00000033159,0.749473782605383
ENSMUSG00000049339,0.6256696430734149
ENSMUSG00000026197,0.8679315903371516
ENSMUSG00000026198,0.9902328034796418
ENSMUSG00000033124,0.6759246432236441
ENSMUSG00000026199,0.8116664169256576
ENSMUSG00000026200,0.8628842926704605
ENSMUSG00000026201,0.6503579721144903
ENSMUSG00000026202,0.6721667626412398
ENSMUSG00000096094,1.0
ENSMUSG00000026203,0.5364465904156425
ENSMUSG00000026204,0.6572711448000583
ENSMUSG00000101840,1.0
ENSMUSG00000033061,0.900928572763873
ENSMUSG00000100556,1.0
ENSMUSG00000026209,0.8258786692496272
ENSMUSG00000026208,1.0
ENSMUSG00000085653,1.0
ENSMUSG00000026207,0.7406728579639813
ENSMUSG00000086053,1.0
ENSMUSG00000033021,0.8346522596174105
ENSMUSG00000033007,0.9830416982644749
ENSMUSG00000032997,0.798783522295099
ENSMUSG00000026211,0.9303028834780043
ENSMUSG00000051703,0.9143244067343086
ENSMUSG00000032968,0.8976030367156099
ENSMUSG00000026213,0.9202628186986745
ENSMUSG00000006576,0.7459465312040282
ENSMUSG00000099996,1.0
ENSMUSG00000100827,1.0
ENSMUSG00000100553,1.0
ENSMUSG00000100534,0.974444407859009
ENSMUSG00000026235,0.5913100809544889
ENSMUSG00000101849,1.0
ENSMUSG00000102052,1.0
ENSMUSG00000004872,0.9103731563103673
ENSMUSG00000032908,0.6151966202599388
ENSMUSG00000099561,1.0
ENSMUSG00000026245,0.7001361981114209
ENSMUSG00000090486,1.0
ENSMUSG00000012187,1.0
ENSMUSG00000099364,1.0
ENSMUSG00000100562,1.0
ENSMUSG00000032883,0.4030853651852973
ENSMUSG00000079470,0.6390242159398535
ENSMUSG00000099706,1.0
ENSMUSG00000047330,1.0
ENSMUSG00000101324,1.0
ENSMUSG00000050711,0.7315245213137949
ENSMUSG00000054702,1.0
ENSMUSG00000073643,0.6910425319250006
ENSMUSG00000026248,0.8794038697336484
ENSMUSG00000026249,0.4339626534484867
ENSMUSG00000099552,1.0
ENSMUSG00000043230,1.0
ENSMUSG00000101257,1.0
ENSMUSG00000004364,0.5441667669683795
ENSMUSG00000101722,1.0
ENSMUSG00000101483,1.0
ENSMUSG00000110100,1.0
ENSMUSG00000038608,0.3048778681414067
ENSMUSG00000054976,0.6922833651090103
ENSMUSG00000055980,0.717533114594685
ENSMUSG00000022591,1.0
ENSMUSG00000026142,0.7014360740067909
ENSMUSG00000100786,1.0
ENSMUSG00000067158,1.0
ENSMUSG00000079465,1.0
ENSMUSG00000097564,1.0
ENSMUSG00000026150,0.5407379842373549
ENSMUSG00000101450,1.0
ENSMUSG00000026149,1.0
ENSMUSG00000114299,1.0
ENSMUSG00000100170,
ENSMUSG00000026159,0.5616762996149305
ENSMUSG00000113880,1.0
ENSMUSG00000113973,1.0
ENSMUSG00000113846,
ENSMUSG00000113084,1.0
ENSMUSG00000113925,1.0
ENSMUSG00000114011,1.0
ENSMUSG00000113097,1.0
ENSMUSG00000038496,0.7920397148346611
ENSMUSG00000100190,1.0
ENSMUSG00000113267,1.0
ENSMUSG00000104423,1.0
ENSMUSG00000101315,1.0
ENSMUSG00000026166,1.0
ENSMUSG00000053161,1.0
ENSMUSG00000026163,0.5108752199327735
ENSMUSG00000100580,1.0
ENSMUSG00000045658,0.41638339856072903
ENSMUSG00000036766,0.5962645255233863
ENSMUSG00000026219,0.4947119459159817
ENSMUSG00000073633,0.825442079495935
ENSMUSG00000026220,0.9974280369027876
ENSMUSG00000052477,1.0
ENSMUSG00000089844,1.0
ENSMUSG00000073631,1.0
ENSMUSG00000072109,1.0
ENSMUSG00000090252,1.0
ENSMUSG00000089652,1.0
ENSMUSG00000089714,1.0
ENSMUSG00000094127,1.0
ENSMUSG00000070034,0.9998948034761203
ENSMUSG00000090103,1.0
ENSMUSG00000070031,0.986954948679352
ENSMUSG00000073628,1.0
ENSMUSG00000090246,1.0
ENSMUSG00000026222,0.7052261380313403
ENSMUSG00000052760,0.7736798533415986
ENSMUSG00000100217,1.0
ENSMUSG00000036707,0.5175542522140023
ENSMUSG00000026223,0.42135889235834695
ENSMUSG00000026224,0.9998484968738512
ENSMUSG00000099767,1.0
ENSMUSG00000049608,1.0
ENSMUSG00000100108,1.0
ENSMUSG00000026226,1.0
ENSMUSG00000026227,0.8317538430776216
ENSMUSG00000026229,0.5526833618317541
ENSMUSG00000026228,1.0
ENSMUSG00000062590,0.7204673537434048
ENSMUSG00000087538,1.0
ENSMUSG00000079445,1.0
ENSMUSG00000099644,1.0
ENSMUSG00000026234,0.5035407023413773
ENSMUSG00000073627,0.9187719717116847
ENSMUSG00000026237,1.0
ENSMUSG00000036574,1.0
ENSMUSG00000026238,0.2382275816344023
ENSMUSG00000026239,0.682682318154468
ENSMUSG00000026240,0.8054944036977938
ENSMUSG00000026241,0.9901263330657405
ENSMUSG00000053333,0.5297101831346576
ENSMUSG00000100768,1.0
ENSMUSG00000099401,0.769338872233386
ENSMUSG00000101625,1.0
ENSMUSG00000026246,
ENSMUSG00000079440,1.0
ENSMUSG00000036500,1.0
ENSMUSG00000099839,1.0
ENSMUSG00000026247,0.9999999788541116
ENSMUSG00000036480,1.0
ENSMUSG00000026251,1.0
ENSMUSG00000026253,1.0
ENSMUSG00000026254,0.6714228664801257
ENSMUSG00000026255,0.5703185848616303
ENSMUSG00000089821,1.0
ENSMUSG00000048000,0.5329818667588936
ENSMUSG00000079436,1.0
ENSMUSG00000026258,1.0
ENSMUSG00000026259,0.6567250390183345
ENSMUSG00000079434,1.0
ENSMUSG00000026288,0.3754362594085003
ENSMUSG00000026289,0.6371158926227729
ENSMUSG00000056055,0.9408521479232224
ENSMUSG00000070738,0.5412368779119586
ENSMUSG00000101942,1.0
ENSMUSG00000005501,0.6132712932924161
ENSMUSG00000090165,1.0
ENSMUSG00000092220,1.0
ENSMUSG00000090175,
ENSMUSG00000089675,
ENSMUSG00000090124,1.0
ENSMUSG00000090145,1.0
ENSMUSG00000054545,1.0
ENSMUSG00000089943,1.0
ENSMUSG00000090171,1.0
ENSMUSG00000081984,1.0
ENSMUSG00000089960,1.0
ENSMUSG00000079429,1.0
ENSMUSG00000044783,0.6598885809896872
ENSMUSG00000036251,1.0
ENSMUSG00000085420,1.0
ENSMUSG00000026295,1.0
ENSMUSG00000099553,1.0
ENSMUSG00000100908,1.0
ENSMUSG00000062310,1.0
ENSMUSG00000100798,1.0
ENSMUSG00000100367,1.0
ENSMUSG00000049866,0.6302106234543953
ENSMUSG00000097398,1.0
ENSMUSG00000099848,1.0
ENSMUSG00000099378,1.0
ENSMUSG00000036206,0.7012857770244347
ENSMUSG00000101288,1.0
ENSMUSG00000099938,1.0
ENSMUSG00000055013,0.4176772355549392
ENSMUSG00000101662,1.0
ENSMUSG00000102009,0.9391262658595839
ENSMUSG00000034486,1.0
ENSMUSG00000092627,1.0
ENSMUSG00000067081,1.0
ENSMUSG00000026301,1.0
ENSMUSG00000100850,1.0
ENSMUSG00000044337,0.6847139093145765
ENSMUSG00000101951,1.0
ENSMUSG00000101028,1.0
ENSMUSG00000101997,1.0
ENSMUSG00000034432,0.6584391513749974
ENSMUSG00000056128,1.0
ENSMUSG00000048126,1.0
ENSMUSG00000026303,0.803335186260187
ENSMUSG00000090550,1.0
ENSMUSG00000026304,1.0
ENSMUSG00000100791,1.0
ENSMUSG00000026305,0.6171023756515619
ENSMUSG00000070732,1.0
ENSMUSG00000034353,0.5505867271003394
ENSMUSG00000034343,0.6347376473507168
ENSMUSG00000026307,0.7132427372980432
ENSMUSG00000090322,0.998396008269848
ENSMUSG00000049515,1.0
ENSMUSG00000026308,1.0
ENSMUSG00000047443,1.0
ENSMUSG00000026309,0.6359575072438292
ENSMUSG00000100253,1.0
ENSMUSG00000067071,0.8573576730642413
ENSMUSG00000055866,0.6556828137454613
ENSMUSG00000100151,1.0
ENSMUSG00000034292,0.8265909743716863
ENSMUSG00000026311,0.8316314249680028
ENSMUSG00000101705,1.0
ENSMUSG00000100980,1.0
ENSMUSG00000007805,1.0
ENSMUSG00000101414,1.0
ENSMUSG00000026313,0.5623025485132995
ENSMUSG00000101265,1.0
ENSMUSG00000026260,0.5999438364486427
ENSMUSG00000067064,1.0
ENSMUSG00000057464,
ENSMUSG00000042849,1.0
ENSMUSG00000058904,
ENSMUSG00000097001,
ENSMUSG00000046300,1.0
ENSMUSG00000062497,
ENSMUSG00000063583,1.0
ENSMUSG00000061616,1.0
ENSMUSG00000073616,0.4883000012025082
ENSMUSG00000044055,1.0
ENSMUSG00000100546,1.0
ENSMUSG00000099665,1.0
ENSMUSG00000100781,1.0
ENSMUSG00000034220,0.804000101190903
ENSMUSG00000101995,1.0
ENSMUSG00000034212,0.9977638194372132
ENSMUSG00000047067,0.8872354107891054
ENSMUSG00000097251,1.0
ENSMUSG00000026269,0.6250915702166028
ENSMUSG00000100632,0.953147939046697
ENSMUSG00000026270,0.7849836600492129
ENSMUSG00000026271,0.9953088889826914
ENSMUSG00000045091,1.0
ENSMUSG00000014602,0.4927654471180692
ENSMUSG00000101378,1.0
ENSMUSG00000026272,1.0
ENSMUSG00000034159,1.0
ENSMUSG00000084989,1.0
ENSMUSG00000047793,0.6680080136645636
ENSMUSG00000026273,0.8896733460143824
ENSMUSG00000101172,1.0
ENSMUSG00000026274,1.0
ENSMUSG00000026275,0.682680884138157
ENSMUSG00000034107,1.0
ENSMUSG00000034088,0.5606884851997966
ENSMUSG00000026276,0.922951026587452
ENSMUSG00000116048,
ENSMUSG00000034066,0.6875958290063569
ENSMUSG00000026277,0.639477518741366
ENSMUSG00000100927,1.0
ENSMUSG00000026278,0.7877199390125489
ENSMUSG00000026279,0.8516624338871265
ENSMUSG00000101952,0.9934623788279938
ENSMUSG00000026280,0.6874147334951733
ENSMUSG00000026281,0.7227297052828655
ENSMUSG00000026283,0.8486410401584105
ENSMUSG00000073609,0.8665420332566494
ENSMUSG00000094651,1.0
ENSMUSG00000093805,1.0
ENSMUSG00000073608,1.0
ENSMUSG00000034000,0.7937074903408622
ENSMUSG00000026285,1.0
ENSMUSG00000100518,1.0
ENSMUSG00000051185,0.5223282120535672
ENSMUSG00000040710,0.5850409079841467
ENSMUSG00000100777,1.0
ENSMUSG00000100062,1.0
ENSMUSG00000100336,1.0
ENSMUSG00000100589,1.0
ENSMUSG00000040693,1.0
ENSMUSG00000097814,1.0
ENSMUSG00000100454,1.0
ENSMUSG00000026331,1.0
ENSMUSG00000044768,0.6568576165107197
ENSMUSG00000040648,0.7073445411329895
ENSMUSG00000026333,0.7296478729045656
ENSMUSG00000026335,0.5328399551593601
ENSMUSG00000089706,0.9555619110773801
ENSMUSG00000100182,1.0
ENSMUSG00000100711,1.0
ENSMUSG00000026336,1.0
ENSMUSG00000100009,0.919682759669079
ENSMUSG00000067028,0.7869973189159142
ENSMUSG00000100684,1.0
ENSMUSG00000099375,1.0
ENSMUSG00000050840,0.3955482500646205
ENSMUSG00000089866,1.0
ENSMUSG00000099669,1.0
ENSMUSG00000047496,0.6610501053546305
ENSMUSG00000097482,1.0
ENSMUSG00000101214,0.9366806651929428
ENSMUSG00000056536,0.6564578116759182
ENSMUSG00000100672,1.0
ENSMUSG00000026319,0.5560402898534862
ENSMUSG00000026321,0.6735418087811724
ENSMUSG00000099843,0.9968844692040805
ENSMUSG00000038866,0.7523982770310648
ENSMUSG00000101583,1.0
ENSMUSG00000044340,0.32631098280787874
ENSMUSG00000100247,1.0
ENSMUSG00000057329,0.5283040905180281
ENSMUSG00000054006,1.0
ENSMUSG00000009905,0.6723565142082748
ENSMUSG00000009907,0.617852996790313
ENSMUSG00000067006,1.0
ENSMUSG00000059956,1.0
ENSMUSG00000048775,1.0
ENSMUSG00000044594,1.0
ENSMUSG00000058017,1.0
ENSMUSG00000073602,1.0
ENSMUSG00000073601,1.0
ENSMUSG00000026327,1.0
ENSMUSG00000087210,1.0
ENSMUSG00000067001,1.0
ENSMUSG00000062345,1.0
ENSMUSG00000026315,1.0
ENSMUSG00000086161,1.0
ENSMUSG00000100457,1.0
ENSMUSG00000026312,0.6883087357000927
ENSMUSG00000047216,0.46514423559728696
ENSMUSG00000101253,1.0
ENSMUSG00000038702,0.8682435357061404
ENSMUSG00000101453,1.0
ENSMUSG00000097648,1.0
ENSMUSG00000070695,0.7213507840129408
ENSMUSG00000094429,1.0
ENSMUSG00000107979,1.0
ENSMUSG00000100265,1.0
ENSMUSG00000101303,1.0
ENSMUSG00000100305,1.0
ENSMUSG00000101415,1.0
ENSMUSG00000100617,1.0
ENSMUSG00000102030,1.0
ENSMUSG00000026374,0.5526274082782181
ENSMUSG00000026377,0.8097233166246739
ENSMUSG00000099936,1.0
ENSMUSG00000064302,0.545413238697855
ENSMUSG00000107722,0.834477004276718
ENSMUSG00000026380,0.9946458678689858
ENSMUSG00000048402,0.6339320439032002
ENSMUSG00000097408,1.0
ENSMUSG00000099860,1.0
ENSMUSG00000101179,0.9832772819664756
ENSMUSG00000037035,0.9028235656218575
ENSMUSG00000004451,0.6617246562339962
ENSMUSG00000098447,1.0
ENSMUSG00000098923,0.8504824782340606
ENSMUSG00000101731,1.0
ENSMUSG00000026383,0.7330763241564199
ENSMUSG00000026384,0.5008408917902705
ENSMUSG00000101224,1.0
ENSMUSG00000036975,0.9962626571756531
ENSMUSG00000036962,1.0
ENSMUSG00000026387,1.0
ENSMUSG00000050777,1.0
ENSMUSG00000026385,0.35480596813183474
ENSMUSG00000026388,0.8885398665602284
ENSMUSG00000026389,0.8411680580046199
ENSMUSG00000036907,0.9977765977798387
ENSMUSG00000101275,1.0
ENSMUSG00000026390,1.0
ENSMUSG00000058665,0.9942064282887461
ENSMUSG00000099957,1.0
ENSMUSG00000101386,1.0
ENSMUSG00000101922,1.0
ENSMUSG00000099336,1.0
ENSMUSG00000100979,1.0
ENSMUSG00000097881,0.69476247761817
ENSMUSG00000101700,1.0
ENSMUSG00000003721,0.6401597011072863
ENSMUSG00000101791,1.0
ENSMUSG00000026339,0.6591999399714793
ENSMUSG00000085857,1.0
ENSMUSG00000050534,1.0
ENSMUSG00000001674,0.6835913239820562
ENSMUSG00000099960,1.0
ENSMUSG00000036815,0.4938876281195747
ENSMUSG00000099574,1.0
ENSMUSG00000026341,0.5328394552075237
ENSMUSG00000102063,1.0
ENSMUSG00000026342,0.7720776179535634
ENSMUSG00000026343,1.0
ENSMUSG00000026344,0.8084522197002157
ENSMUSG00000049690,0.494488391519608
ENSMUSG00000101600,1.0
ENSMUSG00000036155,0.4856793704084194
ENSMUSG00000026347,0.5541091189489936
ENSMUSG00000026348,1.0
ENSMUSG00000102014,0.9758601131659614
ENSMUSG00000026349,0.5577437385123348
ENSMUSG00000051590,0.7772411989483082
ENSMUSG00000036104,0.5756598523444856
ENSMUSG00000036086,0.8082757536004334
ENSMUSG00000099760,1.0
ENSMUSG00000056211,0.46790287322569485
ENSMUSG00000026353,0.5189026731558948
ENSMUSG00000026354,1.0
ENSMUSG00000026355,0.9640501033168918
ENSMUSG00000026356,0.6731373195524641
ENSMUSG00000045382,1.0
ENSMUSG00000097283,1.0
ENSMUSG00000042581,0.7708005648265779
ENSMUSG00000086633,1.0
ENSMUSG00000026401,1.0
ENSMUSG00000087691,1.0
ENSMUSG00000086825,1.0
ENSMUSG00000026399,1.0
ENSMUSG00000085526,0.9558103441011556
ENSMUSG00000042554,1.0
ENSMUSG00000026405,1.0
ENSMUSG00000026409,0.7463101507998335
ENSMUSG00000046404,0.7578460464000792
ENSMUSG00000042510,0.9609444661660838
ENSMUSG00000099556,1.0
ENSMUSG00000100106,1.0
ENSMUSG00000026415,1.0
ENSMUSG00000086706,1.0
ENSMUSG00000026417,1.0
ENSMUSG00000042474,1.0
ENSMUSG00000026420,1.0
ENSMUSG00000026416,1.0
ENSMUSG00000016524,1.0
ENSMUSG00000016529,1.0
ENSMUSG00000016528,0.6096947958234044
ENSMUSG00000016526,1.0
ENSMUSG00000026427,0.8083499138875911
ENSMUSG00000026430,0.8299398859588262
ENSMUSG00000042349,0.9620763421750909
ENSMUSG00000102027,1.0
ENSMUSG00000102055,1.0
ENSMUSG00000026425,0.3261376986870775
ENSMUSG00000101778,0.9217575329052816
ENSMUSG00000055184,0.999986662720609
ENSMUSG00000026432,1.0
ENSMUSG00000004552,1.0
ENSMUSG00000052688,0.9953236425116544
ENSMUSG00000042268,1.0
ENSMUSG00000042251,0.9727881161978014
ENSMUSG00000013275,0.5859195870263652
ENSMUSG00000026433,0.8713036261771165
ENSMUSG00000026434,0.47862907069465355
ENSMUSG00000026435,0.9916137510960772
ENSMUSG00000026436,0.6505314900039019
ENSMUSG00000059149,0.7049096474172862
ENSMUSG00000026437,0.7612427464016452
ENSMUSG00000099874,1.0
ENSMUSG00000079330,1.0
ENSMUSG00000118219,1.0
ENSMUSG00000066936,1.0
ENSMUSG00000101549,1.0
ENSMUSG00000042115,0.9727054701780559
ENSMUSG00000009772,0.7993184549569409
ENSMUSG00000100658,1.0
ENSMUSG00000042066,0.5831910048576444
ENSMUSG00000090079,1.0
ENSMUSG00000042046,0.5795893757506002
ENSMUSG00000097760,0.8819162164834884
ENSMUSG00000026439,0.732975583347879
ENSMUSG00000048174,0.9895376553640468
ENSMUSG00000053024,0.45147440092111313
ENSMUSG00000026442,0.42627991388918013
ENSMUSG00000101126,1.0
ENSMUSG00000026443,0.7451831335702458
ENSMUSG00000054387,0.5474667419001065
ENSMUSG00000026447,0.6397117892996097
ENSMUSG00000101102,0.9555280235946096
ENSMUSG00000046062,0.6572355146729895
ENSMUSG00000041757,0.7623173040934245
ENSMUSG00000101693,0.9999683335047868
ENSMUSG00000115958,1.0
ENSMUSG00000116158,1.0
ENSMUSG00000070645,1.0
ENSMUSG00000070644,0.987223833331792
ENSMUSG00000070643,0.7503435006059522
ENSMUSG00000090553,0.5782658975799091
ENSMUSG00000102976,0.9750365697279822
ENSMUSG00000116275,1.0
ENSMUSG00000094410,1.0
ENSMUSG00000102049,
ENSMUSG00000051998,1.0
ENSMUSG00000026463,0.6621297498992776
ENSMUSG00000100830,1.0
ENSMUSG00000010311,1.0
ENSMUSG00000090208,1.0
ENSMUSG00000041577,0.6998359608556473
ENSMUSG00000100987,1.0
ENSMUSG00000041559,1.0
ENSMUSG00000020423,0.376704643242777
ENSMUSG00000026450,1.0
ENSMUSG00000064246,0.8432173368604592
ENSMUSG00000042451,1.0
ENSMUSG00000042429,0.5824714891012379
ENSMUSG00000026459,1.0
ENSMUSG00000026458,0.6810504846051363
ENSMUSG00000042305,0.6863112885663536
ENSMUSG00000050526,1.0
ENSMUSG00000026456,0.8353014783650509
ENSMUSG00000026457,0.5389267110382404
ENSMUSG00000101061,1.0
ENSMUSG00000026455,0.7173586984773831
ENSMUSG00000042229,0.786457188241894
ENSMUSG00000046367,1.0
ENSMUSG00000042207,0.5843797295723547
ENSMUSG00000097435,1.0
ENSMUSG00000026452,0.7004917685936354
ENSMUSG00000073557,0.5207889179258028
ENSMUSG00000101168,1.0
ENSMUSG00000026429,1.0
ENSMUSG00000042793,0.8048317947469895
ENSMUSG00000097988,1.0
ENSMUSG00000031506,1.0
ENSMUSG00000026426,0.5212251364473041
ENSMUSG00000085311,1.0
ENSMUSG00000026424,0.3911789462619845
ENSMUSG00000097680,1.0
ENSMUSG00000003051,1.0
ENSMUSG00000041926,0.6329643656207355
ENSMUSG00000062580,0.6342735899539661
ENSMUSG00000048096,0.9883845159027312
ENSMUSG00000041889,0.4714951343572631
ENSMUSG00000041879,0.6479929402268565
ENSMUSG00000100620,1.0
ENSMUSG00000009418,0.47495032485372485
ENSMUSG00000054412,1.0
ENSMUSG00000026421,0.3474200511665362
ENSMUSG00000041801,0.6533278300519023
ENSMUSG00000026418,0.7607339436406184
ENSMUSG00000041782,1.0
ENSMUSG00000026414,1.0
ENSMUSG00000026413,1.0
ENSMUSG00000051985,1.0
ENSMUSG00000026411,0.74344835115704
ENSMUSG00000097918,1.0
ENSMUSG00000026407,1.0
ENSMUSG00000102717,1.0
ENSMUSG00000086264,1.0
ENSMUSG00000041642,0.6006763112715141
ENSMUSG00000087230,0.9880537836736806
ENSMUSG00000041605,0.9412951385191934
ENSMUSG00000097315,1.0
ENSMUSG00000103594,1.0
ENSMUSG00000102941,1.0
ENSMUSG00000097433,1.0
ENSMUSG00000052759,1.0
ENSMUSG00000041570,0.5882751277993581
ENSMUSG00000097403,1.0
ENSMUSG00000026404,0.9238637764491776
ENSMUSG00000041498,1.0
ENSMUSG00000104414,1.0
ENSMUSG00000104509,1.0
ENSMUSG00000104366,1.0
ENSMUSG00000097229,1.0
ENSMUSG00000041483,0.6405576319245918
ENSMUSG00000097113,0.903357353720285
ENSMUSG00000097448,1.0
ENSMUSG00000026398,1.0
ENSMUSG00000098243,0.49687378339350297
ENSMUSG00000098045,1.0
ENSMUSG00000098145,0.8921986268481725
ENSMUSG00000102142,0.9770329596797547
ENSMUSG00000098206,0.9254265068313245
ENSMUSG00000026395,0.5986724379311748
ENSMUSG00000099459,1.0
ENSMUSG00000026394,1.0
ENSMUSG00000026393,0.48825423698806864
ENSMUSG00000099510,0.9448779146900987
ENSMUSG00000100459,1.0
ENSMUSG00000019230,0.9983915820920785
ENSMUSG00000079283,0.7843262563405538
ENSMUSG00000099808,1.0
ENSMUSG00000056268,0.5839333319171459
ENSMUSG00000104900,1.0
ENSMUSG00000063681,1.0
ENSMUSG00000103844,1.0
ENSMUSG00000102661,1.0
ENSMUSG00000033964,0.749690465836813
ENSMUSG00000033952,1.0
ENSMUSG00000026368,1.0
ENSMUSG00000057037,1.0
ENSMUSG00000070594,1.0
ENSMUSG00000033898,1.0
ENSMUSG00000026365,0.4953005257119648
ENSMUSG00000052726,0.7688870894274462
ENSMUSG00000102368,1.0
ENSMUSG00000026361,0.5758493415027367
ENSMUSG00000033849,0.675122921050013
ENSMUSG00000018196,0.6501681385334734
ENSMUSG00000018199,0.5783454850627945
ENSMUSG00000018189,0.7135545643577997
ENSMUSG00000100455,0.9459674045893499
ENSMUSG00000026360,0.5417651463143403
ENSMUSG00000051079,1.0
ENSMUSG00000026358,0.7489500949178457
ENSMUSG00000098509,1.0
ENSMUSG00000026357,1.0
ENSMUSG00000099964,0.687775648511302
ENSMUSG00000035131,0.4610687838102324
ENSMUSG00000087627,1.0
ENSMUSG00000085822,0.9237641135879067
ENSMUSG00000099629,1.0
ENSMUSG00000102074,1.0
ENSMUSG00000101011,1.0
ENSMUSG00000056220,0.656753004782689
ENSMUSG00000097028,1.0
ENSMUSG00000032487,1.0
ENSMUSG00000097754,1.0
ENSMUSG00000006007,1.0
ENSMUSG00000099447,1.0
ENSMUSG00000006010,0.6436835836198409
ENSMUSG00000006005,0.4823552189889783
ENSMUSG00000006014,1.0
ENSMUSG00000066842,0.47354747164486893
ENSMUSG00000093650,1.0
ENSMUSG00000099622,1.0
ENSMUSG00000102095,1.0
ENSMUSG00000114212,1.0
ENSMUSG00000114943,1.0
ENSMUSG00000114694,
ENSMUSG00000114582,
ENSMUSG00000114591,
ENSMUSG00000100954,0.8001608873234773
ENSMUSG00000023150,0.4981875792126675
ENSMUSG00000052748,0.555680418056588
ENSMUSG00000053286,0.6344586704580764
ENSMUSG00000026484,0.6426342145763101
ENSMUSG00000100357,1.0
ENSMUSG00000026483,0.851890307785052
ENSMUSG00000100594,1.0
ENSMUSG00000043019,0.6585698700893909
ENSMUSG00000032666,0.5843268363735171
ENSMUSG00000100685,1.0
ENSMUSG00000014980,0.7903133592492301
ENSMUSG00000032649,0.7883382386647313
ENSMUSG00000026482,0.5525577658944684
ENSMUSG00000086145,1.0
ENSMUSG00000099868,1.0
ENSMUSG00000055547,1.0
ENSMUSG00000008475,0.5657543010064591
ENSMUSG00000026480,0.6198405117900405
ENSMUSG00000042772,0.5854440004033313
ENSMUSG00000100394,0.914690895335835
ENSMUSG00000042751,0.5545205375103496
ENSMUSG00000099969,0.9429561553076319
ENSMUSG00000026479,1.0
ENSMUSG00000026478,0.5358417189467058
ENSMUSG00000073538,0.6782348422188132
ENSMUSG00000042708,0.9957259982008919
ENSMUSG00000042699,0.6019045161828149
ENSMUSG00000042684,0.8078895501545618
ENSMUSG00000042671,0.807849536035905
ENSMUSG00000100945,1.0
ENSMUSG00000100334,1.0
ENSMUSG00000026475,0.9671882366244686
ENSMUSG00000099568,1.0
ENSMUSG00000066800,0.9486789604780131
ENSMUSG00000100183,1.0
ENSMUSG00000042641,1.0
ENSMUSG00000045968,0.9521864642402184
ENSMUSG00000043282,1.0
ENSMUSG00000047053,1.0
ENSMUSG00000026473,0.24290869162279044
ENSMUSG00000100014,1.0
ENSMUSG00000101903,1.0
ENSMUSG00000100502,1.0
ENSMUSG00000100627,0.6548744062730796
ENSMUSG00000066797,1.0
ENSMUSG00000099933,1.0
ENSMUSG00000100221,1.0
ENSMUSG00000004110,0.5575670077590109
ENSMUSG00000101880,1.0
ENSMUSG00000096950,1.0
ENSMUSG00000056708,0.42176908635428395
ENSMUSG00000026471,0.9301208348832325
ENSMUSG00000026470,0.5864374895566604
ENSMUSG00000033722,0.8416556855843859
ENSMUSG00000103670,1.0
ENSMUSG00000026469,0.4822079990871442
ENSMUSG00000073535,1.0
ENSMUSG00000033701,0.5938284770570516
ENSMUSG00000026468,1.0
ENSMUSG00000033684,0.7504194872967636
ENSMUSG00000102558,1.0
ENSMUSG00000033671,0.5226929204762739
ENSMUSG00000026466,0.49670708533003627
ENSMUSG00000050565,0.6033997573511419
ENSMUSG00000015484,0.7333586891829388
ENSMUSG00000060985,1.0
ENSMUSG00000103705,1.0
ENSMUSG00000026602,1.0
ENSMUSG00000026601,1.0
ENSMUSG00000078193,0.7741031967607007
ENSMUSG00000026600,0.5852916056202029
ENSMUSG00000026596,0.5482653834326544
ENSMUSG00000060519,0.801228810397248
ENSMUSG00000033557,0.6999180946223075
ENSMUSG00000026594,0.5975944102271914
ENSMUSG00000033544,0.9937366681525479
ENSMUSG00000101905,1.0
ENSMUSG00000101768,1.0
ENSMUSG00000026592,1.0
ENSMUSG00000070565,0.40065100678158927
ENSMUSG00000033488,0.8914224895395316
ENSMUSG00000087093,1.0
ENSMUSG00000026589,1.0
ENSMUSG00000004031,0.6899334150058438
ENSMUSG00000026587,0.533991425627975
ENSMUSG00000103971,0.7665854770761806
ENSMUSG00000073530,1.0
ENSMUSG00000047661,
ENSMUSG00000104014,1.0
ENSMUSG00000040782,0.5457925555949503
ENSMUSG00000015829,0.523177361490855
ENSMUSG00000073528,1.0
ENSMUSG00000103719,0.9806207313439224
ENSMUSG00000104111,1.0
ENSMUSG00000090394,0.6759579072337063
ENSMUSG00000026729,1.0
ENSMUSG00000026725,1.0
ENSMUSG00000058267,0.6019373171909796
ENSMUSG00000014226,0.6263536932995771
ENSMUSG00000026721,0.46568538491900346
ENSMUSG00000104302,0.7451166068345711
ENSMUSG00000103693,0.8977414826211406
ENSMUSG00000118401,1.0
ENSMUSG00000103200,1.0
ENSMUSG00000102852,1.0
ENSMUSG00000103631,1.0
ENSMUSG00000040423,0.5231524370428745
ENSMUSG00000026715,1.0
ENSMUSG00000043467,0.7167486623057904
ENSMUSG00000104016,1.0
ENSMUSG00000053332,0.3856926817881555
ENSMUSG00000026709,0.8430421851471803
ENSMUSG00000102864,1.0
ENSMUSG00000026708,1.0
ENSMUSG00000026705,0.7359911205616358
ENSMUSG00000044835,0.9088007674041911
ENSMUSG00000049160,1.0
ENSMUSG00000026701,0.4717107384844658
ENSMUSG00000026700,1.0
ENSMUSG00000066755,1.0
ENSMUSG00000000817,1.0
ENSMUSG00000040297,0.6234712329570657
ENSMUSG00000103158,1.0
ENSMUSG00000086277,0.9562798651335502
ENSMUSG00000026698,0.8403872377569458
ENSMUSG00000103393,0.9206071798198464
ENSMUSG00000040265,0.36554759077839843
ENSMUSG00000090260,1.0
ENSMUSG00000078190,1.0
ENSMUSG00000026694,0.9201054843574251
ENSMUSG00000026696,0.5532834063030612
ENSMUSG00000026697,1.0
ENSMUSG00000091060,1.0
ENSMUSG00000040225,0.4271187499965642
ENSMUSG00000026692,1.0
ENSMUSG00000040181,0.7465555651433471
ENSMUSG00000040170,0.9348323652705456
ENSMUSG00000095576,1.0
ENSMUSG00000026691,1.0
ENSMUSG00000103288,1.0
ENSMUSG00000071890,1.0
ENSMUSG00000026586,0.628097028318678
ENSMUSG00000092188,1.0
ENSMUSG00000040124,0.8823707819269683
ENSMUSG00000101869,1.0
ENSMUSG00000040113,0.9996260176508751
ENSMUSG00000026585,0.5541324925772619
ENSMUSG00000026584,0.7595086301917449
ENSMUSG00000041406,1.0
ENSMUSG00000041396,0.9857476641193745
ENSMUSG00000026582,1.0
ENSMUSG00000026581,1.0
ENSMUSG00000026580,1.0
ENSMUSG00000090081,1.0
ENSMUSG00000086593,1.0
ENSMUSG00000026579,1.0
ENSMUSG00000040918,0.8867216964342702
ENSMUSG00000026578,0.8533478202140312
ENSMUSG00000026577,0.7633961462487707
ENSMUSG00000026575,0.7039154250630014
ENSMUSG00000026576,0.4794569046634652
ENSMUSG00000104011,1.0
ENSMUSG00000097281,1.0
ENSMUSG00000103383,1.0
ENSMUSG00000102897,1.0
ENSMUSG00000102761,1.0
ENSMUSG00000102163,1.0
ENSMUSG00000026574,1.0
ENSMUSG00000103659,1.0
ENSMUSG00000104117,0.8403975196218411
ENSMUSG00000026573,1.0
ENSMUSG00000101189,1.0
ENSMUSG00000102408,1.0
ENSMUSG00000026572,1.0
ENSMUSG00000040848,0.6561926476352087
ENSMUSG00000040843,0.662965315773432
ENSMUSG00000102302,1.0
ENSMUSG00000040836,0.9935536961926513
ENSMUSG00000026571,0.5552760587156657
ENSMUSG00000102401,1.0
ENSMUSG00000026568,0.5568880325239154
ENSMUSG00000026567,0.9274752723947809
ENSMUSG00000103583,1.0
ENSMUSG00000026566,0.5162310424577577
ENSMUSG00000040723,0.5487331038665276
ENSMUSG00000103686,1.0
ENSMUSG00000040713,0.6166688583008761
ENSMUSG00000104306,1.0
ENSMUSG00000089829,1.0
ENSMUSG00000005763,1.0
ENSMUSG00000102154,1.0
ENSMUSG00000026565,0.5313612544147219
ENSMUSG00000097196,1.0
ENSMUSG00000102484,1.0
ENSMUSG00000026564,1.0
ENSMUSG00000000544,1.0
ENSMUSG00000040629,1.0
ENSMUSG00000040612,0.6499152484891255
ENSMUSG00000091393,1.0
ENSMUSG00000103400,1.0
ENSMUSG00000026563,0.7490996864069722
ENSMUSG00000040596,0.6509110343174841
ENSMUSG00000086056,1.0
ENSMUSG00000051081,1.0
ENSMUSG00000026560,1.0
ENSMUSG00000102548,1.0
ENSMUSG00000097823,0.9991401060047577
ENSMUSG00000060568,0.7746601006410929
ENSMUSG00000026558,0.8400619331153093
ENSMUSG00000103139,0.9855292453721485
ENSMUSG00000102909,1.0
ENSMUSG00000052428,0.5458045304242397
ENSMUSG00000026687,0.7220677856313554
ENSMUSG00000026688,0.7611476786135322
ENSMUSG00000040485,1.0
ENSMUSG00000015843,0.991077412742793
ENSMUSG00000026686,1.0
ENSMUSG00000093538,1.0
ENSMUSG00000052534,0.3718608799820526
ENSMUSG00000103530,1.0
ENSMUSG00000026683,1.0
ENSMUSG00000026678,0.3378012061008709
ENSMUSG00000038530,0.5243800310216993
ENSMUSG00000070532,0.6662742077946854
ENSMUSG00000089990,1.0
ENSMUSG00000026675,0.8258267013468251
ENSMUSG00000097503,1.0
ENSMUSG00000026674,0.8415063415467738
ENSMUSG00000026670,0.7027990603988373
ENSMUSG00000104266,1.0
ENSMUSG00000103908,1.0
ENSMUSG00000026667,0.650133150065365
ENSMUSG00000044306,1.0
ENSMUSG00000073494,1.0
ENSMUSG00000102418,1.0
ENSMUSG00000102752,0.9975319469330785
ENSMUSG00000038473,0.6076023093946256
ENSMUSG00000042800,1.0
ENSMUSG00000038463,0.9366069242337859
ENSMUSG00000026663,0.5869633844230877
ENSMUSG00000053925,0.8890668952094488
ENSMUSG00000026659,0.6983463105558091
ENSMUSG00000096968,1.0
ENSMUSG00000070524,1.0
ENSMUSG00000038421,1.0
ENSMUSG00000026656,0.7291027911507886
ENSMUSG00000103676,1.0
ENSMUSG00000104340,1.0
ENSMUSG00000059089,1.0
ENSMUSG00000059498,0.5504691594352432
ENSMUSG00000026649,1.0
ENSMUSG00000058076,0.5859628889739178
ENSMUSG00000056569,1.0
ENSMUSG00000038370,0.47955760970604633
ENSMUSG00000005677,1.0
ENSMUSG00000005674,0.8019470457544878
ENSMUSG00000005681,1.0
ENSMUSG00000058715,0.5355231829764125
ENSMUSG00000013593,0.614873272933418
ENSMUSG00000006403,0.6427614285742398
ENSMUSG00000052423,0.7677007199687522
ENSMUSG00000062729,0.8261856732030094
ENSMUSG00000053483,0.8027078209629678
ENSMUSG00000062963,0.6337640244649261
ENSMUSG00000103983,0.8104592142851086
ENSMUSG00000013973,0.7309930822920758
ENSMUSG00000013997,0.7106140353939113
ENSMUSG00000006412,0.5307358635516776
ENSMUSG00000045259,1.0
ENSMUSG00000006411,0.9995364679523274
ENSMUSG00000048865,0.7141193165652225
ENSMUSG00000026641,0.7462490178436435
ENSMUSG00000103711,1.0
ENSMUSG00000038235,0.5212032267016942
ENSMUSG00000091993,0.7361708195259247
ENSMUSG00000060244,0.9185549087103557
ENSMUSG00000038209,1.0
ENSMUSG00000004709,1.0
ENSMUSG00000004707,1.0
ENSMUSG00000038179,1.0
ENSMUSG00000103219,1.0
ENSMUSG00000103083,1.0
ENSMUSG00000015355,1.0
ENSMUSG00000015316,1.0
ENSMUSG00000038147,0.6104581077486996
ENSMUSG00000073492,1.0
ENSMUSG00000104413,1.0
ENSMUSG00000015314,1.0
ENSMUSG00000026556,0.7585433359970487
ENSMUSG00000051251,1.0
ENSMUSG00000003458,0.6591411651667276
ENSMUSG00000026553,0.5547777375534018
ENSMUSG00000103380,1.0
ENSMUSG00000003464,0.6846411290232276
ENSMUSG00000026554,0.5506806559814437
ENSMUSG00000013698,0.44642523186721705
ENSMUSG00000007122,1.0
ENSMUSG00000092085,1.0
ENSMUSG00000007107,1.0
ENSMUSG00000103617,1.0
ENSMUSG00000038034,0.6005896760217138
ENSMUSG00000007097,0.22166016077182302
ENSMUSG00000038026,0.7999986076199407
ENSMUSG00000102413,1.0
ENSMUSG00000044708,0.4350380440517151
ENSMUSG00000050229,0.8201540051378787
ENSMUSG00000026548,1.0
ENSMUSG00000037995,1.0
ENSMUSG00000026547,0.612789448924984
ENSMUSG00000026546,1.0
ENSMUSG00000085184,1.0
ENSMUSG00000049598,1.0
ENSMUSG00000053318,1.0
ENSMUSG00000070504,1.0
ENSMUSG00000026544,0.8424379872253909
ENSMUSG00000037942,1.0
ENSMUSG00000026542,1.0
ENSMUSG00000037924,1.0
ENSMUSG00000062527,1.0
ENSMUSG00000058981,1.0
ENSMUSG00000046643,1.0
ENSMUSG00000049456,1.0
ENSMUSG00000005339,1.0
ENSMUSG00000049605,1.0
ENSMUSG00000079180,1.0
ENSMUSG00000037872,0.8009041777588461
ENSMUSG00000005338,0.5955326679370284
ENSMUSG00000037860,0.659052275546011
ENSMUSG00000037849,1.0
ENSMUSG00000070501,1.0
ENSMUSG00000073491,1.0
ENSMUSG00000043263,1.0
ENSMUSG00000066677,1.0
ENSMUSG00000073490,1.0
ENSMUSG00000073489,1.0
ENSMUSG00000090272,0.9031604513676338
ENSMUSG00000026536,1.0
ENSMUSG00000039997,0.950311571453568
ENSMUSG00000026535,1.0
ENSMUSG00000054203,1.0
ENSMUSG00000045381,1.0
ENSMUSG00000047048,1.0
ENSMUSG00000050134,
ENSMUSG00000049528,1.0
ENSMUSG00000059371,1.0
ENSMUSG00000046486,
ENSMUSG00000051528,
ENSMUSG00000055033,1.0
ENSMUSG00000026532,1.0
ENSMUSG00000050788,
ENSMUSG00000026531,1.0
ENSMUSG00000066672,1.0
ENSMUSG00000059503,1.0
ENSMUSG00000051509,1.0
ENSMUSG00000066671,1.0
ENSMUSG00000028354,0.4834958244144756
ENSMUSG00000050069,0.9884492114995974
ENSMUSG00000026527,0.46417539379757666
ENSMUSG00000103079,1.0
ENSMUSG00000026526,0.8062244442195442
ENSMUSG00000039783,1.0
ENSMUSG00000026525,1.0
ENSMUSG00000078185,0.9352565290938769
ENSMUSG00000026523,1.0
ENSMUSG00000039748,1.0
ENSMUSG00000104158,1.0
ENSMUSG00000055214,0.583470120818225
ENSMUSG00000078184,1.0
ENSMUSG00000104157,1.0
ENSMUSG00000104021,1.0
ENSMUSG00000057335,0.5434947991251273
ENSMUSG00000103435,1.0
ENSMUSG00000026504,0.5824184715786078
ENSMUSG00000087082,1.0
ENSMUSG00000019699,0.46082399816699554
ENSMUSG00000097892,1.0
ENSMUSG00000063659,0.589938048850597
ENSMUSG00000102432,1.0
ENSMUSG00000103043,1.0
ENSMUSG00000102885,1.0
ENSMUSG00000101746,1.0
ENSMUSG00000015962,1.0
ENSMUSG00000015961,0.6835814468287462
ENSMUSG00000102483,1.0
ENSMUSG00000091476,0.7756052232089815
ENSMUSG00000026502,0.5146175893103968
ENSMUSG00000070489,1.0
ENSMUSG00000086350,0.8777868416934305
ENSMUSG00000026500,0.645192186365056
ENSMUSG00000039630,0.4531156041734535
ENSMUSG00000026495,0.7712405854863515
ENSMUSG00000026494,0.6843308406465901
ENSMUSG00000089713,1.0
ENSMUSG00000055067,0.5012916876855424
ENSMUSG00000026492,0.7704981388972848
ENSMUSG00000038949,0.7187992191971194
ENSMUSG00000038936,0.6273541685857128
ENSMUSG00000087236,1.0
ENSMUSG00000026491,0.6343692112943983
ENSMUSG00000073486,1.0
ENSMUSG00000026490,0.37416979684946305
ENSMUSG00000026489,0.8830452243244034
ENSMUSG00000104520,1.0
ENSMUSG00000010609,0.7941884394003702
ENSMUSG00000102923,0.9816817680638344
ENSMUSG00000038855,0.48372670370264265
ENSMUSG00000053963,0.8494356645107293
ENSMUSG00000102608,1.0
ENSMUSG00000026496,0.736309828703562
ENSMUSG00000058729,0.8651669021814715
ENSMUSG00000026497,1.0
ENSMUSG00000026499,0.6378390048298507
ENSMUSG00000103649,0.8549091624666454
ENSMUSG00000103156,1.0
ENSMUSG00000060743,0.36002647086046474
ENSMUSG00000073485,1.0
ENSMUSG00000038806,0.7481302656429374
ENSMUSG00000066652,1.0
ENSMUSG00000026520,0.7595407916616784
ENSMUSG00000038793,0.9419478961935168
ENSMUSG00000026519,0.5872160919428095
ENSMUSG00000085563,1.0
ENSMUSG00000038776,0.7904472743826335
ENSMUSG00000038768,1.0
ENSMUSG00000103328,1.0
ENSMUSG00000026516,0.6503222835244413
ENSMUSG00000062169,0.6557821479040981
ENSMUSG00000038733,0.48829716246267896
ENSMUSG00000054135,1.0
ENSMUSG00000026514,0.8965823086260064
ENSMUSG00000050625,1.0
ENSMUSG00000047369,0.9709133181255054
ENSMUSG00000004880,0.7042421983174865
ENSMUSG00000056699,1.0
ENSMUSG00000022995,0.48421850946240175
ENSMUSG00000026511,0.5572185282827921
ENSMUSG00000091013,1.0
ENSMUSG00000038633,0.5832360225770923
ENSMUSG00000100147,0.6379837782649571
ENSMUSG00000047539,0.6516455491371135
ENSMUSG00000026510,0.5769140990609773
ENSMUSG00000026509,0.5706842523464425
ENSMUSG00000102234,0.8603010977811358
ENSMUSG00000038599,1.0
ENSMUSG00000102688,1.0
ENSMUSG00000043429,1.0
ENSMUSG00000038576,0.7178791115212099
ENSMUSG00000079164,1.0
ENSMUSG00000104367,1.0
ENSMUSG00000030768,0.8113378365183934
ENSMUSG00000046836,0.6735726838282898
ENSMUSG00000042901,0.6668775689937163
ENSMUSG00000056050,0.562559717063214
ENSMUSG00000072258,0.845723722183161
ENSMUSG00000104212,1.0
ENSMUSG00000053461,1.0
ENSMUSG00000104022,1.0
ENSMUSG00000103451,1.0
ENSMUSG00000103305,1.0
ENSMUSG00000102743,
ENSMUSG00000039384,0.7162281143033719
ENSMUSG00000044854,1.0
ENSMUSG00000102682,1.0
ENSMUSG00000102794,
ENSMUSG00000101574,1.0
ENSMUSG00000103308,1.0
ENSMUSG00000092578,1.0
ENSMUSG00000039377,1.0
ENSMUSG00000102158,1.0
ENSMUSG00000026621,1.0
ENSMUSG00000073481,0.6287613189987119
ENSMUSG00000039349,0.7456875074670282
ENSMUSG00000026620,0.6697890559721883
ENSMUSG00000102784,0.9695140811197839
ENSMUSG00000103942,1.0
ENSMUSG00000103478,1.0
ENSMUSG00000104461,1.0
ENSMUSG00000039318,0.6282028204745937
ENSMUSG00000103613,1.0
ENSMUSG00000026618,0.664870461909108
ENSMUSG00000104368,1.0
ENSMUSG00000026617,0.6828159913241548
ENSMUSG00000097261,0.9993286159882284
ENSMUSG00000026615,0.6110336909445298
ENSMUSG00000051295,1.0
ENSMUSG00000097615,1.0
ENSMUSG00000026614,0.6587327260271743
ENSMUSG00000103799,1.0
ENSMUSG00000039246,0.9516469390217756
ENSMUSG00000103449,1.0
ENSMUSG00000103690,1.0
ENSMUSG00000039239,0.6488171315678339
ENSMUSG00000100393,1.0
ENSMUSG00000001305,0.8801190275722529
ENSMUSG00000097784,0.9973595710999146
ENSMUSG00000103503,1.0
ENSMUSG00000104312,1.0
ENSMUSG00000039224,1.0
ENSMUSG00000026611,0.8585145382345493
ENSMUSG00000089947,1.0
ENSMUSG00000089730,1.0
ENSMUSG00000039210,0.5939544336911486
ENSMUSG00000104245,1.0
ENSMUSG00000103923,1.0
ENSMUSG00000026610,0.6208878899857199
ENSMUSG00000103961,0.9731045220698368
ENSMUSG00000103577,1.0
ENSMUSG00000104482,1.0
ENSMUSG00000026609,1.0
ENSMUSG00000026608,0.5773445589572119
ENSMUSG00000037624,0.6231389248198774
ENSMUSG00000103669,1.0
ENSMUSG00000104507,0.9994818461902357
ENSMUSG00000026605,1.0
ENSMUSG00000026604,0.7428314092603746
ENSMUSG00000097925,1.0
ENSMUSG00000104435,1.0
ENSMUSG00000026603,0.7838528439379543
ENSMUSG00000010175,0.5809717348979768
ENSMUSG00000099404,1.0
ENSMUSG00000079045,0.8170490413602504
ENSMUSG00000103644,1.0
ENSMUSG00000103510,1.0
ENSMUSG00000103963,1.0
ENSMUSG00000089872,0.7013436485511103
ENSMUSG00000026634,0.5985568355060196
ENSMUSG00000037568,1.0
ENSMUSG00000104487,1.0
ENSMUSG00000066595,0.7663809096840387
ENSMUSG00000097845,1.0
ENSMUSG00000057072,1.0
ENSMUSG00000026632,0.775241844304713
ENSMUSG00000062510,1.0
ENSMUSG00000103576,1.0
ENSMUSG00000026630,1.0
ENSMUSG00000102777,1.0
ENSMUSG00000091017,1.0
ENSMUSG00000026628,0.45051494999822095
ENSMUSG00000073478,0.7730874122613247
ENSMUSG00000103174,1.0
ENSMUSG00000037499,0.5886606339756878
ENSMUSG00000026627,0.7849618059933618
ENSMUSG00000026626,0.4974220934677087
ENSMUSG00000103114,0.9978886831883805
ENSMUSG00000103517,1.0
ENSMUSG00000037474,1.0
ENSMUSG00000037461,0.7352811335966775
ENSMUSG00000026623,0.5329140761025294
ENSMUSG00000102840,1.0
ENSMUSG00000026622,1.0
ENSMUSG00000055833,1.0
ENSMUSG00000037434,0.6167826728667702
ENSMUSG00000049353,1.0
ENSMUSG00000097416,1.0
ENSMUSG00000026637,0.6918940799371344
ENSMUSG00000097089,1.0
ENSMUSG00000037395,0.6876345680405851
ENSMUSG00000097316,0.8520335842237359
ENSMUSG00000058248,0.7020360405832233
ENSMUSG00000037375,0.9351678022068234
ENSMUSG00000100872,1.0
ENSMUSG00000016262,0.9710110305235834
ENSMUSG00000089812,1.0
ENSMUSG00000016200,0.7942830630282125
ENSMUSG00000103640,1.0
ENSMUSG00000016181,0.810314790101384
ENSMUSG00000026638,1.0
ENSMUSG00000079144,0.9559435157439734
ENSMUSG00000037318,1.0
ENSMUSG00000090080,1.0
ENSMUSG00000089683,1.0
ENSMUSG00000026639,1.0
ENSMUSG00000016194,0.7191621210575764
ENSMUSG00000009633,0.7506375657232566
ENSMUSG00000103736,1.0
ENSMUSG00000016179,0.9787747458609691
ENSMUSG00000097850,1.0
ENSMUSG00000103692,1.0
ENSMUSG00000026640,0.5434368321345886
ENSMUSG00000016494,0.5314268300724081
ENSMUSG00000097325,1.0
ENSMUSG00000096929,0.5476345589788372
ENSMUSG00000104206,0.8727736886330587
ENSMUSG00000104077,1.0
ENSMUSG00000016493,0.6696642267093436
ENSMUSG00000016481,0.6280831743631244
ENSMUSG00000026616,0.9587659844986827
ENSMUSG00000050530,0.6190080818705446
ENSMUSG00000026643,0.6121024574515089
ENSMUSG00000049950,0.9263244107046492
ENSMUSG00000026644,1.0
ENSMUSG00000026645,1.0
ENSMUSG00000103786,1.0
ENSMUSG00000026650,1.0
ENSMUSG00000026648,0.7026791631688015
ENSMUSG00000026646,1.0
ENSMUSG00000085043,1.0
ENSMUSG00000109865,0.7060029463581303
ENSMUSG00000051396,0.9972254430948728
ENSMUSG00000039496,1.0
ENSMUSG00000026655,0.6868272224693118
ENSMUSG00000085205,1.0
ENSMUSG00000085656,1.0
ENSMUSG00000086445,1.0
ENSMUSG00000026657,0.33718783606983943
ENSMUSG00000104284,0.9888311346942672
ENSMUSG00000102517,1.0
ENSMUSG00000084859,1.0
ENSMUSG00000086921,1.0
ENSMUSG00000102816,1.0
ENSMUSG00000102136,1.0
ENSMUSG00000102357,1.0
ENSMUSG00000087355,0.9730188661570636
ENSMUSG00000102494,0.8574975873830235
ENSMUSG00000086874,1.0
ENSMUSG00000086018,1.0
ENSMUSG00000039449,0.6616235343029816
ENSMUSG00000048186,0.8005858129572341
ENSMUSG00000026662,0.794850107863592
ENSMUSG00000026664,0.6817035177451775
ENSMUSG00000026668,1.0
ENSMUSG00000026669,1.0
ENSMUSG00000026672,0.7809841514394773
ENSMUSG00000086430,1.0
ENSMUSG00000026676,0.9913839429939721
ENSMUSG00000039145,0.45101207156631246
ENSMUSG00000039128,0.6466841350559495
ENSMUSG00000025817,0.6782226241900238
ENSMUSG00000056718,1.0
ENSMUSG00000025816,0.6474677033992435
ENSMUSG00000085818,1.0
ENSMUSG00000025815,0.7690759992465508
ENSMUSG00000043241,0.575675253269502
ENSMUSG00000045319,0.8149985867285151
ENSMUSG00000102887,1.0
ENSMUSG00000039063,1.0
ENSMUSG00000087125,1.0
ENSMUSG00000087485,1.0
ENSMUSG00000118578,1.0
ENSMUSG00000039046,0.5985708540868079
ENSMUSG00000085716,1.0
ENSMUSG00000086109,1.0
ENSMUSG00000002107,0.3543445335337275
ENSMUSG00000087079,1.0
ENSMUSG00000075538,1.0
ENSMUSG00000062319,0.9664286150571314
ENSMUSG00000099424,1.0
ENSMUSG00000085070,1.0
ENSMUSG00000085580,1.0
ENSMUSG00000079604,1.0
ENSMUSG00000079603,1.0
ENSMUSG00000015619,1.0
ENSMUSG00000086618,1.0
ENSMUSG00000025783,1.0
ENSMUSG00000079602,1.0
ENSMUSG00000075534,1.0
ENSMUSG00000025782,0.573725928509274
ENSMUSG00000025781,0.4993547735687692
ENSMUSG00000037262,0.724994531653968
ENSMUSG00000037254,1.0
ENSMUSG00000025780,0.46861844760430066
ENSMUSG00000086748,1.0
ENSMUSG00000061186,0.8855502773672328
ENSMUSG00000085257,1.0
ENSMUSG00000026778,0.6543150357808042
ENSMUSG00000102196,1.0
ENSMUSG00000102674,0.6503413656194029
ENSMUSG00000086006,0.8843387779939549
ENSMUSG00000086491,1.0
ENSMUSG00000026773,0.6612327975880997
ENSMUSG00000102329,1.0
ENSMUSG00000037197,0.7157882165740871
ENSMUSG00000091312,
ENSMUSG00000026770,1.0
ENSMUSG00000023206,0.7488060585261512
ENSMUSG00000058594,0.7070606665193896
ENSMUSG00000047909,0.7450653055073054
ENSMUSG00000026768,0.9027684504348921
ENSMUSG00000086843,1.0
ENSMUSG00000026767,0.6467529231815137
ENSMUSG00000104045,1.0
ENSMUSG00000026730,0.8352238396085484
ENSMUSG00000049630,0.8473681355856371
ENSMUSG00000026727,0.5624242176451486
ENSMUSG00000086358,1.0
ENSMUSG00000026726,1.0
ENSMUSG00000026723,0.8743521661763871
ENSMUSG00000026728,0.5653670873623918
ENSMUSG00000003418,0.9115440842721991
ENSMUSG00000104354,1.0
ENSMUSG00000063275,0.6860892956307093
ENSMUSG00000086657,1.0
ENSMUSG00000026718,0.655528095221465
ENSMUSG00000061531,1.0
ENSMUSG00000026712,1.0
ENSMUSG00000036949,0.46427339900787934
ENSMUSG00000084901,0.782839710277137
ENSMUSG00000057914,0.4643746675758685
ENSMUSG00000104106,0.9998863276541227
ENSMUSG00000087086,0.9738074451238027
ENSMUSG00000026707,0.7088391446892175
ENSMUSG00000017418,0.7273686779347986
ENSMUSG00000075520,1.0
ENSMUSG00000026748,0.3077364817563723
ENSMUSG00000085193,1.0
ENSMUSG00000053702,0.3749119170665004
ENSMUSG00000085100,1.0
ENSMUSG00000062651,1.0
ENSMUSG00000054057,1.0
ENSMUSG00000085319,1.0
ENSMUSG00000054074,0.8788193832814688
ENSMUSG00000086340,1.0
ENSMUSG00000026743,0.47088121150517204
ENSMUSG00000026740,0.4606370520614491
ENSMUSG00000051154,0.624648165610761
ENSMUSG00000026739,0.7151438461439135
ENSMUSG00000037708,1.0
ENSMUSG00000092353,1.0
ENSMUSG00000097638,1.0
ENSMUSG00000026737,0.40086110860678364
ENSMUSG00000026736,1.0
ENSMUSG00000037683,1.0
ENSMUSG00000087674,1.0
ENSMUSG00000023094,0.7373243430312479
ENSMUSG00000109733,1.0
ENSMUSG00000087103,1.0
ENSMUSG00000085388,1.0
ENSMUSG00000026735,1.0
ENSMUSG00000056329,1.0
ENSMUSG00000026734,1.0
ENSMUSG00000086621,1.0
ENSMUSG00000043415,0.7659255965112437
ENSMUSG00000087246,1.0
ENSMUSG00000036617,0.5870990053752573
ENSMUSG00000091457,1.0
ENSMUSG00000085477,1.0
ENSMUSG00000086418,1.0
ENSMUSG00000036591,0.4874410652389565
ENSMUSG00000085206,1.0
ENSMUSG00000075514,1.0
ENSMUSG00000087219,1.0
ENSMUSG00000026679,1.0
ENSMUSG00000048550,0.8610581977160503
ENSMUSG00000085680,1.0
ENSMUSG00000045967,0.5027635530945593
ENSMUSG00000025716,1.0
ENSMUSG00000026787,0.64362025400206
ENSMUSG00000085353,1.0
ENSMUSG00000026786,0.4745763966440219
ENSMUSG00000026784,0.7271615244607553
ENSMUSG00000058835,0.48455244366698963
ENSMUSG00000026781,0.5436060292490281
ENSMUSG00000026779,0.9802835566849437
ENSMUSG00000026775,0.572631172279631
ENSMUSG00000026774,1.0
ENSMUSG00000069132,1.0
ENSMUSG00000026771,0.6744795962027459
ENSMUSG00000026986,0.7984943167119786
ENSMUSG00000061809,1.0
ENSMUSG00000026985,1.0
ENSMUSG00000044103,1.0
ENSMUSG00000026984,1.0
ENSMUSG00000026983,1.0
ENSMUSG00000046845,1.0
ENSMUSG00000085999,1.0
ENSMUSG00000026981,1.0
ENSMUSG00000026979,1.0
ENSMUSG00000026976,1.0
ENSMUSG00000085057,1.0
ENSMUSG00000085330,1.0
ENSMUSG00000004113,0.7470480761882883
ENSMUSG00000036893,0.5406636427956468
ENSMUSG00000026972,0.9092914737557254
ENSMUSG00000026974,0.8901418395418836
ENSMUSG00000026975,0.805590146697277
ENSMUSG00000036850,0.6454980013891652
ENSMUSG00000036833,0.5196607034439957
ENSMUSG00000006476,0.6295922003492371
ENSMUSG00000036813,1.0
ENSMUSG00000036805,1.0
ENSMUSG00000087028,1.0
ENSMUSG00000078202,0.6944506481560464
ENSMUSG00000103217,1.0
ENSMUSG00000059555,1.0
ENSMUSG00000013465,0.672508650449095
ENSMUSG00000036770,1.0
ENSMUSG00000026969,1.0
ENSMUSG00000036752,0.6433209192612237
ENSMUSG00000006469,1.0
ENSMUSG00000089953,1.0
ENSMUSG00000036731,1.0
ENSMUSG00000044628,0.7122482974664526
ENSMUSG00000006471,0.7960755607536188
ENSMUSG00000078201,0.9056149054719093
ENSMUSG00000048707,0.6942732724435667
ENSMUSG00000026966,0.6307982740948331
ENSMUSG00000026965,0.7146972989693557
ENSMUSG00000026963,1.0
ENSMUSG00000026961,1.0
ENSMUSG00000026959,0.5882999490328714
ENSMUSG00000085830,1.0
ENSMUSG00000036646,0.6792987030416828
ENSMUSG00000026958,0.892958205734156
ENSMUSG00000026956,0.9910451139326413
ENSMUSG00000026955,0.9964409357947464
ENSMUSG00000015085,0.7469781809902633
ENSMUSG00000015094,0.6071237990661287
ENSMUSG00000036587,1.0
ENSMUSG00000026944,0.4537542038733834
ENSMUSG00000047617,0.6288981898064195
ENSMUSG00000015093,1.0
ENSMUSG00000015090,0.2936525027682632
ENSMUSG00000026943,1.0
ENSMUSG00000015083,1.0
ENSMUSG00000015095,0.7381871344427554
ENSMUSG00000026942,0.8907338682841255
ENSMUSG00000015092,0.5209549058315605
ENSMUSG00000026941,1.0
ENSMUSG00000036504,0.765926437671231
ENSMUSG00000029419,0.8034092322968794
ENSMUSG00000015087,0.5517996549302038
ENSMUSG00000052403,1.0
ENSMUSG00000026940,1.0
ENSMUSG00000026939,0.7712090495932837
ENSMUSG00000026938,1.0
ENSMUSG00000036449,1.0
ENSMUSG00000026937,1.0
ENSMUSG00000045684,1.0
ENSMUSG00000047356,1.0
ENSMUSG00000062061,1.0
ENSMUSG00000087612,1.0
ENSMUSG00000049086,0.5990838506863321
ENSMUSG00000079539,1.0
ENSMUSG00000026936,1.0
ENSMUSG00000069080,1.0
ENSMUSG00000085484,1.0
ENSMUSG00000090073,1.0
ENSMUSG00000036401,1.0
ENSMUSG00000023210,1.0
ENSMUSG00000059625,1.0
ENSMUSG00000058740,0.6564233510516301
ENSMUSG00000026933,0.622723589812067
ENSMUSG00000036352,0.6856001444429062
ENSMUSG00000026932,0.5188193940980199
ENSMUSG00000087515,1.0
ENSMUSG00000087679,0.7509914618653329
ENSMUSG00000087595,1.0
ENSMUSG00000085545,1.0
ENSMUSG00000026934,1.0
ENSMUSG00000098977,1.0
ENSMUSG00000036327,0.8104594428239289
ENSMUSG00000048038,0.9880154877330164
ENSMUSG00000026930,0.6631754617074581
ENSMUSG00000075467,0.6846585446760126
ENSMUSG00000026928,1.0
ENSMUSG00000086779,0.9933510303415025
ENSMUSG00000036281,0.8390254326473193
ENSMUSG00000085767,0.9876165207068492
ENSMUSG00000026927,0.6448325388464825
ENSMUSG00000026926,0.7388373153334312
ENSMUSG00000026925,0.8741434183270249
ENSMUSG00000026924,0.6466034621604718
ENSMUSG00000086714,0.9128010077096766
ENSMUSG00000085543,1.0
ENSMUSG00000026923,0.4786618602119807
ENSMUSG00000026921,0.4270501165839303
ENSMUSG00000026922,0.9983629053940207
ENSMUSG00000036186,0.7969019767807805
ENSMUSG00000086775,1.0
ENSMUSG00000026919,1.0
ENSMUSG00000015787,1.0
ENSMUSG00000036160,0.846411323415255
ENSMUSG00000015776,0.7828001219379752
ENSMUSG00000062647,0.4077659348722586
ENSMUSG00000015790,0.7517516819292478
ENSMUSG00000014873,0.7996968996374475
ENSMUSG00000014867,0.6307026175512445
ENSMUSG00000049897,1.0
ENSMUSG00000052406,0.7526941939837947
ENSMUSG00000014852,1.0
ENSMUSG00000015488,0.7504780078671421
ENSMUSG00000036067,0.9986476189647597
ENSMUSG00000087364,1.0
ENSMUSG00000009214,1.0
ENSMUSG00000036040,1.0
ENSMUSG00000009216,0.9036447588101215
ENSMUSG00000085008,1.0
ENSMUSG00000000889,1.0
ENSMUSG00000009614,0.8525488419131011
ENSMUSG00000091192,1.0
ENSMUSG00000009621,0.7335209654027869
ENSMUSG00000086669,1.0
ENSMUSG00000109946,0.9209321675884882
ENSMUSG00000026918,0.5794110418793991
ENSMUSG00000026917,0.8010392970932629
ENSMUSG00000085929,1.0
ENSMUSG00000015846,0.7772247724069699
ENSMUSG00000085766,1.0
ENSMUSG00000026837,1.0
ENSMUSG00000086560,1.0
ENSMUSG00000026835,1.0
ENSMUSG00000085693,1.0
ENSMUSG00000086425,1.0
ENSMUSG00000026833,0.540009797237155
ENSMUSG00000087196,1.0
ENSMUSG00000035829,0.9462950507226481
ENSMUSG00000026831,1.0
ENSMUSG00000035772,0.8848771735333816
ENSMUSG00000026829,1.0
ENSMUSG00000063611,0.9774818236485331
ENSMUSG00000026821,0.5354817681406
ENSMUSG00000026818,1.0
ENSMUSG00000087667,1.0
ENSMUSG00000026816,0.8607871356347834
ENSMUSG00000026815,1.0
ENSMUSG00000026812,0.6165288569539821
ENSMUSG00000026809,1.0
ENSMUSG00000026807,1.0
ENSMUSG00000035666,0.7699847658873626
ENSMUSG00000026806,0.7943162976840972
ENSMUSG00000026805,0.9992181086052752
ENSMUSG00000079502,1.0
ENSMUSG00000026803,0.6908370999876378
ENSMUSG00000086519,1.0
ENSMUSG00000043535,0.5736766640033777
ENSMUSG00000035513,0.7647368931780507
ENSMUSG00000079499,0.9525268588061925
ENSMUSG00000026799,0.6676548696490048
ENSMUSG00000086994,0.8922219702769146
ENSMUSG00000039844,0.5132224907690891
ENSMUSG00000079497,1.0
ENSMUSG00000075425,1.0
ENSMUSG00000039826,0.7434445274356073
ENSMUSG00000026798,0.8405028212073617
ENSMUSG00000059316,0.735815436064611
ENSMUSG00000069020,0.6514831202405181
ENSMUSG00000039798,1.0
ENSMUSG00000039787,0.9022557565810342
ENSMUSG00000026790,0.5639640940962086
ENSMUSG00000019715,0.6471130232304658
ENSMUSG00000057738,0.47734120411621445
ENSMUSG00000039715,0.8420682624366018
ENSMUSG00000054766,0.45689097135266066
ENSMUSG00000026785,1.0
ENSMUSG00000015335,0.9196834271280161
ENSMUSG00000039686,0.6328966571017259
ENSMUSG00000039678,0.724956702166876
ENSMUSG00000015337,0.8373000897918529
ENSMUSG00000039660,0.8087820650092283
ENSMUSG00000039648,0.78231682963936
ENSMUSG00000100747,1.0
ENSMUSG00000007476,0.5348786144810954
ENSMUSG00000079484,0.5578168359358455
ENSMUSG00000075419,0.8179546832985749
ENSMUSG00000052533,0.7695490808304365
ENSMUSG00000084892,0.9926667791095107
ENSMUSG00000026860,0.635742232665627
ENSMUSG00000026858,0.6898616244798839
ENSMUSG00000026856,0.7923510276121298
ENSMUSG00000026853,0.7069283077034519
ENSMUSG00000087435,1.0
ENSMUSG00000039515,0.5761738786464473
ENSMUSG00000089762,0.8374489145239511
ENSMUSG00000085275,1.0
ENSMUSG00000047363,1.0
ENSMUSG00000086405,1.0
ENSMUSG00000087268,1.0
ENSMUSG00000075416,1.0
ENSMUSG00000044320,1.0
ENSMUSG00000085491,1.0
ENSMUSG00000026857,0.756037884063729
ENSMUSG00000039483,0.8330013825699305
ENSMUSG00000039476,1.0
ENSMUSG00000050737,0.989084969096257
ENSMUSG00000026848,0.7162996629237335
ENSMUSG00000026849,0.7709173746859992
ENSMUSG00000026851,0.6324775135419742
ENSMUSG00000026854,0.7396172078769884
ENSMUSG00000075415,0.3545846033820716
ENSMUSG00000087269,0.7388861425861787
ENSMUSG00000000194,0.637115027758105
ENSMUSG00000087430,1.0
ENSMUSG00000062661,0.6984355070808472
ENSMUSG00000055632,1.0
ENSMUSG00000076441,0.9737734216466185
ENSMUSG00000026843,0.6686493764604711
ENSMUSG00000085224,1.0
ENSMUSG00000079466,1.0
ENSMUSG00000039356,0.8828055021846907
ENSMUSG00000087549,0.9393296157081902
ENSMUSG00000026842,0.5307323365592346
ENSMUSG00000043102,1.0
ENSMUSG00000026841,1.0
ENSMUSG00000086356,1.0
ENSMUSG00000026840,0.7243237922122601
ENSMUSG00000001864,0.7496487397061788
ENSMUSG00000085737,1.0
ENSMUSG00000001855,0.6460911727531399
ENSMUSG00000086192,1.0
ENSMUSG00000050592,1.0
ENSMUSG00000090157,1.0
ENSMUSG00000051373,0.8018391472128982
ENSMUSG00000039262,0.5030135252709526
ENSMUSG00000086216,1.0
ENSMUSG00000039254,0.8074017759546093
ENSMUSG00000002550,0.7723813779536466
ENSMUSG00000044627,0.5575054915230699
ENSMUSG00000002546,0.7057555263262354
ENSMUSG00000026825,0.5436894241695918
ENSMUSG00000039205,0.734051289867743
ENSMUSG00000039195,0.6925064467308653
ENSMUSG00000026822,1.0
ENSMUSG00000026820,0.8124507067244283
ENSMUSG00000026819,0.6805497946391531
ENSMUSG00000039164,0.9962510083084168
ENSMUSG00000085017,1.0
ENSMUSG00000039157,0.6157235747778987
ENSMUSG00000026810,0.6696779097621318
ENSMUSG00000075405,1.0
ENSMUSG00000046854,1.0
ENSMUSG00000079442,0.7277357773074687
ENSMUSG00000026811,0.7200924450355324
ENSMUSG00000026817,0.7402988814466692
ENSMUSG00000026814,0.44867666088517405
ENSMUSG00000009566,0.9266793429806595
ENSMUSG00000009555,0.6813901951663799
ENSMUSG00000059013,0.7201367573590834
ENSMUSG00000009551,1.0
ENSMUSG00000039021,1.0
ENSMUSG00000009563,0.7752358496091163
ENSMUSG00000053746,1.0
ENSMUSG00000038987,1.0
ENSMUSG00000026797,0.5214667215846547
ENSMUSG00000085397,1.0
ENSMUSG00000087496,1.0
ENSMUSG00000026796,0.7387205609848496
ENSMUSG00000026792,0.8001709272252461
ENSMUSG00000038900,0.34946368792150073
ENSMUSG00000026791,0.7836703095682076
ENSMUSG00000038860,0.6354238790467184
ENSMUSG00000038831,0.5563293420070803
ENSMUSG00000085087,1.0
ENSMUSG00000004105,0.8261353341543056
ENSMUSG00000068966,0.7960885203399842
ENSMUSG00000085742,1.0
ENSMUSG00000026788,0.770484288453884
ENSMUSG00000086939,1.0
ENSMUSG00000038765,1.0
ENSMUSG00000052951,1.0
ENSMUSG00000085463,1.0
ENSMUSG00000038740,0.5268094141501994
ENSMUSG00000086484,1.0
ENSMUSG00000085987,1.0
ENSMUSG00000086904,1.0
ENSMUSG00000087461,1.0
ENSMUSG00000103413,1.0
ENSMUSG00000038718,0.5559951760203196
ENSMUSG00000084908,0.9322095442374458
ENSMUSG00000038696,0.5388088504959764
ENSMUSG00000026867,0.5010632418995424
ENSMUSG00000026864,0.4575363099355602
ENSMUSG00000070953,0.7827336539802178
ENSMUSG00000035949,0.5855025197336458
ENSMUSG00000107167,1.0
ENSMUSG00000026869,0.7169749017309561
ENSMUSG00000026870,1.0
ENSMUSG00000026873,1.0
ENSMUSG00000086001,1.0
ENSMUSG00000026875,1.0
ENSMUSG00000026874,1.0
ENSMUSG00000085599,1.0
ENSMUSG00000035875,1.0
ENSMUSG00000057110,0.6506036604554156
ENSMUSG00000026878,0.44616517007743944
ENSMUSG00000084768,1.0
ENSMUSG00000026879,0.6161057081323271
ENSMUSG00000026880,0.8147358185595642
ENSMUSG00000026882,1.0
ENSMUSG00000079421,1.0
ENSMUSG00000035778,0.6743889953690225
ENSMUSG00000085668,1.0
ENSMUSG00000086555,1.0
ENSMUSG00000026883,0.5149429314865177
ENSMUSG00000026885,0.7203618366586818
ENSMUSG00000086449,1.0
ENSMUSG00000026895,0.5863194729441028
ENSMUSG00000026894,1.0
ENSMUSG00000026890,1.0
ENSMUSG00000026889,0.6989963423506916
ENSMUSG00000026887,0.828619693899808
ENSMUSG00000085141,1.0
ENSMUSG00000087187,1.0
ENSMUSG00000047250,0.5823413237159492
ENSMUSG00000068950,1.0
ENSMUSG00000094464,1.0
ENSMUSG00000094266,
ENSMUSG00000075387,1.0
ENSMUSG00000111869,
ENSMUSG00000096822,1.0
ENSMUSG00000059251,
ENSMUSG00000094764,1.0
ENSMUSG00000111863,
ENSMUSG00000049315,
ENSMUSG00000111021,1.0
ENSMUSG00000075384,
ENSMUSG00000050015,
ENSMUSG00000075383,1.0
ENSMUSG00000053146,1.0
ENSMUSG00000075382,1.0
ENSMUSG00000055088,1.0
ENSMUSG00000075380,1.0
ENSMUSG00000070943,
ENSMUSG00000055838,
ENSMUSG00000075379,1.0
ENSMUSG00000083361,1.0
ENSMUSG00000075378,1.0
ENSMUSG00000075377,1.0
ENSMUSG00000078198,1.0
ENSMUSG00000059429,1.0
ENSMUSG00000068947,1.0
ENSMUSG00000049018,
ENSMUSG00000009030,0.7820513140915327
ENSMUSG00000075376,0.5514473970050381
ENSMUSG00000066798,0.8094423015742843
ENSMUSG00000050714,0.8428559574960355
ENSMUSG00000035437,0.510303042765451
ENSMUSG00000026915,0.4514114606518052
ENSMUSG00000053164,1.0
ENSMUSG00000035403,1.0
ENSMUSG00000035392,0.4284850543837096
ENSMUSG00000087294,1.0
ENSMUSG00000000247,0.7208738625424527
ENSMUSG00000098383,1.0
ENSMUSG00000087539,1.0
ENSMUSG00000085950,1.0
ENSMUSG00000026749,0.7133767334197909
ENSMUSG00000026750,0.6670484006410906
ENSMUSG00000087062,1.0
ENSMUSG00000026751,1.0
ENSMUSG00000087164,1.0
ENSMUSG00000063972,0.5921209385570578
ENSMUSG00000085201,0.7110720591299089
ENSMUSG00000046618,0.9861783795976314
ENSMUSG00000085755,1.0
ENSMUSG00000035295,0.9928505164256746
ENSMUSG00000062997,0.40859365002973275
ENSMUSG00000026755,0.577571039690646
ENSMUSG00000026754,0.6262521667176743
ENSMUSG00000035236,0.6060077094043856
ENSMUSG00000026753,0.6202778348264444
ENSMUSG00000049252,0.28138781181353345
ENSMUSG00000026866,1.0
ENSMUSG00000049744,0.8394364703825544
ENSMUSG00000085089,1.0
ENSMUSG00000036890,0.5384729041486633
ENSMUSG00000026872,0.3031445202223604
ENSMUSG00000052248,0.6843230851237155
ENSMUSG00000100135,1.0
ENSMUSG00000085591,1.0
ENSMUSG00000086202,
ENSMUSG00000086710,1.0
ENSMUSG00000086830,1.0
ENSMUSG00000086644,1.0
ENSMUSG00000086353,1.0
ENSMUSG00000052155,0.6713477276758971
ENSMUSG00000026761,0.656276971354634
ENSMUSG00000036792,0.4494275817155344
ENSMUSG00000069495,0.5864488212406398
ENSMUSG00000026764,0.5668383752530612
ENSMUSG00000026765,0.9854076311242118
ENSMUSG00000085357,1.0
ENSMUSG00000050447,0.7190860543436974
ENSMUSG00000026766,0.7457406470432904
ENSMUSG00000085862,0.7459864461825555
ENSMUSG00000115545,1.0
ENSMUSG00000085429,1.0
ENSMUSG00000017144,0.7512706232463461
ENSMUSG00000100496,1.0
ENSMUSG00000086349,1.0
ENSMUSG00000086523,1.0
ENSMUSG00000086007,1.0
ENSMUSG00000056115,1.0
ENSMUSG00000085014,1.0
ENSMUSG00000036249,0.929900789482723
ENSMUSG00000026946,0.771719199632584
ENSMUSG00000053475,0.5908424562881076
ENSMUSG00000036202,0.540941385183678
ENSMUSG00000026950,0.8382773971054225
ENSMUSG00000086447,1.0
ENSMUSG00000036093,0.6247648821046149
ENSMUSG00000085315,0.9158407236973055
ENSMUSG00000017412,0.47372347970579864
ENSMUSG00000055371,0.6668773665876632
ENSMUSG00000036053,0.42860760495858125
ENSMUSG00000061136,0.5259978674426501
ENSMUSG00000026960,0.7401366303149182
ENSMUSG00000075334,0.9089054432486026
ENSMUSG00000060988,0.4645659798748465
ENSMUSG00000087040,1.0
ENSMUSG00000026824,0.5591530822769826
ENSMUSG00000026826,0.7737150958280984
ENSMUSG00000084938,1.0
ENSMUSG00000086396,1.0
ENSMUSG00000054181,1.0
ENSMUSG00000026827,0.5041447493125025
ENSMUSG00000110205,0.9594033303292778
ENSMUSG00000026828,0.979343647569146
ENSMUSG00000026830,0.4191790727676676
ENSMUSG00000026832,1.0
ENSMUSG00000086862,1.0
ENSMUSG00000026834,0.7801476966460025
ENSMUSG00000086995,1.0
ENSMUSG00000026836,0.5998155564950617
ENSMUSG00000026839,0.5508639780978847
ENSMUSG00000086129,1.0
ENSMUSG00000036641,0.8141473724328352
ENSMUSG00000079353,0.9998063032796248
ENSMUSG00000026991,0.45610880497117623
ENSMUSG00000087455,1.0
ENSMUSG00000026989,1.0
ENSMUSG00000035168,0.5631153620870083
ENSMUSG00000026988,0.7975866130912543
ENSMUSG00000026987,0.3993772512401548
ENSMUSG00000085975,1.0
ENSMUSG00000086603,1.0
ENSMUSG00000026977,0.5516878500534392
ENSMUSG00000060703,0.6973978629838175
ENSMUSG00000026980,0.9618755906853207
ENSMUSG00000086196,1.0
ENSMUSG00000087283,1.0
ENSMUSG00000054580,1.0
ENSMUSG00000086578,1.0
ENSMUSG00000026971,1.0
ENSMUSG00000026970,0.437787083419709
ENSMUSG00000075325,1.0
ENSMUSG00000064289,0.6274742661748683
ENSMUSG00000026914,0.6258016982210551
ENSMUSG00000035033,0.9520362598772679
ENSMUSG00000026904,0.6342681677568172
ENSMUSG00000035000,1.0
ENSMUSG00000087518,1.0
ENSMUSG00000087681,1.0
ENSMUSG00000087422,1.0
ENSMUSG00000000394,1.0
ENSMUSG00000000392,1.0
ENSMUSG00000026896,0.8261201579570346
ENSMUSG00000026893,0.7548071053486227
ENSMUSG00000059742,0.6098491879392844
ENSMUSG00000085029,1.0
ENSMUSG00000075324,0.6191041935588831
ENSMUSG00000087702,1.0
ENSMUSG00000026888,0.4140667393139437
ENSMUSG00000034903,0.4380057880335779
ENSMUSG00000086881,1.0
ENSMUSG00000061171,0.555432487117891
ENSMUSG00000057182,0.764333410851267
ENSMUSG00000086701,1.0
ENSMUSG00000075318,0.5256410371598578
ENSMUSG00000044647,0.6653930352309745
ENSMUSG00000052865,1.0
ENSMUSG00000085160,1.0
ENSMUSG00000026994,0.8808609609531395
ENSMUSG00000100197,1.0
ENSMUSG00000034848,0.7661573469892651
ENSMUSG00000086671,1.0
ENSMUSG00000064329,0.6400577856258978
ENSMUSG00000085386,1.0
ENSMUSG00000087301,0.895154911713117
ENSMUSG00000075316,0.9600711815031076
ENSMUSG00000034810,1.0
ENSMUSG00000086908,1.0
ENSMUSG00000027022,1.0
ENSMUSG00000087043,1.0
ENSMUSG00000096240,
ENSMUSG00000087467,1.0
ENSMUSG00000034780,0.37668567211800796
ENSMUSG00000097067,1.0
ENSMUSG00000027030,0.5498473533679813
ENSMUSG00000085182,1.0
ENSMUSG00000115996,1.0
ENSMUSG00000115973,1.0
ENSMUSG00000053896,1.0
ENSMUSG00000079324,1.0
ENSMUSG00000109667,1.0
ENSMUSG00000027035,0.6270337068606384
ENSMUSG00000034738,0.5137623700874028
ENSMUSG00000005233,1.0
ENSMUSG00000005232,1.0
ENSMUSG00000027048,1.0
ENSMUSG00000086819,1.0
ENSMUSG00000027068,1.0
ENSMUSG00000027070,1.0
ENSMUSG00000063145,0.8145329380170527
ENSMUSG00000075307,1.0
ENSMUSG00000027086,0.8269028080117639
ENSMUSG00000042133,0.5037703854559469
ENSMUSG00000070883,0.7943007356706205
ENSMUSG00000027088,0.7879810221075911
ENSMUSG00000042155,0.680725699712285
ENSMUSG00000068882,0.5560493756541396
ENSMUSG00000051730,0.8040179071168261
ENSMUSG00000089902,1.0
ENSMUSG00000085735,0.9845023719894159
ENSMUSG00000044308,0.49979421180127526
ENSMUSG00000086132,1.0
ENSMUSG00000042064,0.9994272459209594
ENSMUSG00000075304,1.0
ENSMUSG00000087264,0.9982681107582023
ENSMUSG00000086515,1.0
ENSMUSG00000075302,1.0
ENSMUSG00000070880,0.6183390215919158
ENSMUSG00000097025,1.0
ENSMUSG00000014959,0.6396787662950407
ENSMUSG00000041997,0.5667249300528546
ENSMUSG00000085868,1.0
ENSMUSG00000041975,0.7752904045411196
ENSMUSG00000041966,0.5705854870395943
ENSMUSG00000027015,1.0
ENSMUSG00000027012,0.47973756421875724
ENSMUSG00000027010,0.5616498111813825
ENSMUSG00000027018,0.7694120124734066
ENSMUSG00000041921,0.6210724621762131
ENSMUSG00000084946,0.959802852092573
ENSMUSG00000041911,0.8927945205372934
ENSMUSG00000023391,0.9910520569771225
ENSMUSG00000064263,1.0
ENSMUSG00000087570,1.0
ENSMUSG00000027111,0.4285310500780032
ENSMUSG00000086641,1.0
ENSMUSG00000084794,1.0
ENSMUSG00000006494,0.72791206563364
ENSMUSG00000087345,1.0
ENSMUSG00000049044,0.45687696892053287
ENSMUSG00000085439,0.7876224715165083
ENSMUSG00000085001,1.0
ENSMUSG00000086231,1.0
ENSMUSG00000004085,0.5647271378961216
ENSMUSG00000055612,0.9916431376378207
ENSMUSG00000085252,1.0
ENSMUSG00000085427,1.0
ENSMUSG00000027109,0.5715876039601425
ENSMUSG00000079286,0.8877896017042416
ENSMUSG00000063714,0.7382394201980681
ENSMUSG00000027108,0.6565766331338573
ENSMUSG00000068859,0.9500367044408835
ENSMUSG00000041777,0.6256698739335295
ENSMUSG00000008226,0.7448888127111187
ENSMUSG00000041762,0.622624384981168
ENSMUSG00000085519,1.0
ENSMUSG00000086546,1.0
ENSMUSG00000087176,0.8849651990953832
ENSMUSG00000085768,1.0
ENSMUSG00000075284,0.4809554989166189
ENSMUSG00000086069,0.9885840044037817
ENSMUSG00000027107,1.0
ENSMUSG00000086382,1.0
ENSMUSG00000086544,1.0
ENSMUSG00000056486,0.5401096449751873
ENSMUSG00000085838,1.0
ENSMUSG00000027104,0.5312022152463864
ENSMUSG00000018770,0.5260311554202806
ENSMUSG00000085387,1.0
ENSMUSG00000099502,1.0
ENSMUSG00000084791,1.0
ENSMUSG00000085405,1.0
ENSMUSG00000009207,0.6776494504973524
ENSMUSG00000087205,1.0
ENSMUSG00000001815,1.0
ENSMUSG00000001819,1.0
ENSMUSG00000001823,
ENSMUSG00000042499,1.0
ENSMUSG00000050368,
ENSMUSG00000086077,
ENSMUSG00000100209,1.0
ENSMUSG00000043342,1.0
ENSMUSG00000052371,1.0
ENSMUSG00000027102,1.0
ENSMUSG00000079277,1.0
ENSMUSG00000101174,1.0
ENSMUSG00000075277,0.9985546518470961
ENSMUSG00000085015,1.0
ENSMUSG00000086559,1.0
ENSMUSG00000042448,1.0
ENSMUSG00000027099,0.7026972173612221
ENSMUSG00000087333,1.0
ENSMUSG00000100303,1.0
ENSMUSG00000086044,1.0
ENSMUSG00000087504,1.0
ENSMUSG00000086576,1.0
ENSMUSG00000059005,0.4694048178243899
ENSMUSG00000015839,0.5114539951900788
ENSMUSG00000087222,1.0
ENSMUSG00000087527,1.0
ENSMUSG00000086813,1.0
ENSMUSG00000042410,0.5828948785183412
ENSMUSG00000075273,0.9501868003178029
ENSMUSG00000075272,1.0
ENSMUSG00000075271,1.0
ENSMUSG00000075270,0.9752683469645231
ENSMUSG00000056436,1.0
ENSMUSG00000042369,0.8834399598372201
ENSMUSG00000042359,0.6043107949865827
ENSMUSG00000002731,0.7755997159555449
ENSMUSG00000075267,1.0
ENSMUSG00000002732,0.8933084869349408
ENSMUSG00000002733,0.6869823584400485
ENSMUSG00000051747,1.0
ENSMUSG00000086354,1.0
ENSMUSG00000044033,0.37589884299042914
ENSMUSG00000042272,0.7174300032054517
ENSMUSG00000085277,1.0
ENSMUSG00000027016,0.518677162710836
ENSMUSG00000085845,0.8598338870427753
ENSMUSG00000087102,1.0
ENSMUSG00000087353,1.0
ENSMUSG00000027014,0.7272346148141018
ENSMUSG00000085431,1.0
ENSMUSG00000054510,1.0
ENSMUSG00000027011,0.5380386601984598
ENSMUSG00000027009,0.7391329969209167
ENSMUSG00000075256,0.8729605712390619
ENSMUSG00000034701,0.615263776647787
ENSMUSG00000027007,0.5906192564687439
ENSMUSG00000034683,1.0
ENSMUSG00000059173,0.6053064099228168
ENSMUSG00000050114,1.0
ENSMUSG00000027006,0.6105685100888784
ENSMUSG00000085921,1.0
ENSMUSG00000027004,0.9989569179730244
ENSMUSG00000027002,0.43312322344690674
ENSMUSG00000027001,0.8664136976982174
ENSMUSG00000026999,0.6853366378942733
ENSMUSG00000070866,0.6609037967674415
ENSMUSG00000087061,1.0
ENSMUSG00000075249,1.0
ENSMUSG00000102082,1.0
ENSMUSG00000027091,0.5470287526367776
ENSMUSG00000085450,1.0
ENSMUSG00000027087,0.4880973710953708
ENSMUSG00000085335,0.8621523781302636
ENSMUSG00000048388,0.4398137560756503
ENSMUSG00000034552,1.0
ENSMUSG00000094125,
ENSMUSG00000094336,
ENSMUSG00000096729,
ENSMUSG00000096484,
ENSMUSG00000096337,
ENSMUSG00000095824,
ENSMUSG00000079247,
ENSMUSG00000059588,0.6379498862952042
ENSMUSG00000027082,0.8336772196051341
ENSMUSG00000087362,0.9588390557135497
ENSMUSG00000034101,0.4958354529043906
ENSMUSG00000086598,1.0
ENSMUSG00000076437,0.6818362982582934
ENSMUSG00000050043,0.61415766250803
ENSMUSG00000027080,0.7607825463558162
ENSMUSG00000034075,0.7010153268062357
ENSMUSG00000027079,0.8972047403691691
ENSMUSG00000034059,0.8400306740764347
ENSMUSG00000097187,1.0
ENSMUSG00000023224,0.9560880129363485
ENSMUSG00000027078,1.0
ENSMUSG00000027077,1.0
ENSMUSG00000027076,0.7819069946781967
ENSMUSG00000027075,1.0
ENSMUSG00000050896,1.0
ENSMUSG00000027074,1.0
ENSMUSG00000027073,1.0
ENSMUSG00000027072,1.0
ENSMUSG00000027071,1.0
ENSMUSG00000027067,0.6851389613664046
ENSMUSG00000033955,0.7428282380760622
ENSMUSG00000086969,1.0
ENSMUSG00000044338,1.0
ENSMUSG00000085135,1.0
ENSMUSG00000075224,0.9859826527053526
ENSMUSG00000086905,1.0
ENSMUSG00000085025,1.0
ENSMUSG00000075223,1.0
ENSMUSG00000075222,1.0
ENSMUSG00000075221,1.0
ENSMUSG00000075220,
ENSMUSG00000075219,1.0
ENSMUSG00000075218,1.0
ENSMUSG00000075217,1.0
ENSMUSG00000111179,
ENSMUSG00000111454,
ENSMUSG00000075215,
ENSMUSG00000075214,
ENSMUSG00000075212,
ENSMUSG00000075211,1.0
ENSMUSG00000050603,
ENSMUSG00000043226,1.0
ENSMUSG00000075210,1.0
ENSMUSG00000053287,1.0
ENSMUSG00000059379,1.0
ENSMUSG00000033850,1.0
ENSMUSG00000075209,1.0
ENSMUSG00000043892,
ENSMUSG00000075208,1.0
ENSMUSG00000046975,
ENSMUSG00000057761,
ENSMUSG00000050128,1.0
ENSMUSG00000075206,
ENSMUSG00000058884,1.0
ENSMUSG00000042863,
ENSMUSG00000057207,1.0
ENSMUSG00000059873,1.0
ENSMUSG00000044923,1.0
ENSMUSG00000043267,1.0
ENSMUSG00000042796,
ENSMUSG00000045392,1.0
ENSMUSG00000102091,1.0
ENSMUSG00000099820,1.0
ENSMUSG00000075205,
ENSMUSG00000075204,1.0
ENSMUSG00000075203,
ENSMUSG00000075202,
ENSMUSG00000075201,1.0
ENSMUSG00000075200,1.0
ENSMUSG00000075199,1.0
ENSMUSG00000075198,
ENSMUSG00000075197,
ENSMUSG00000075196,1.0
ENSMUSG00000075195,1.0
ENSMUSG00000075194,
ENSMUSG00000075193,1.0
ENSMUSG00000047149,1.0
ENSMUSG00000075192,
ENSMUSG00000075190,
ENSMUSG00000075189,1.0
ENSMUSG00000075188,1.0
ENSMUSG00000075187,1.0
ENSMUSG00000075186,
ENSMUSG00000075185,
ENSMUSG00000090059,1.0
ENSMUSG00000111306,1.0
ENSMUSG00000075181,
ENSMUSG00000111772,1.0
ENSMUSG00000060742,
ENSMUSG00000075179,
ENSMUSG00000110912,1.0
ENSMUSG00000111689,1.0
ENSMUSG00000110804,
ENSMUSG00000075176,
ENSMUSG00000075175,1.0
ENSMUSG00000075174,1.0
ENSMUSG00000111711,
ENSMUSG00000075172,1.0
ENSMUSG00000047969,1.0
ENSMUSG00000078420,1.0
ENSMUSG00000044213,1.0
ENSMUSG00000075171,
ENSMUSG00000086338,1.0
ENSMUSG00000075170,1.0
ENSMUSG00000075169,1.0
ENSMUSG00000075168,
ENSMUSG00000070875,
ENSMUSG00000075167,
ENSMUSG00000049843,1.0
ENSMUSG00000075166,1.0
ENSMUSG00000075165,
ENSMUSG00000075164,1.0
ENSMUSG00000075163,1.0
ENSMUSG00000075161,
ENSMUSG00000075160,1.0
ENSMUSG00000075159,
ENSMUSG00000075158,
ENSMUSG00000044487,1.0
ENSMUSG00000070857,1.0
ENSMUSG00000070856,1.0
ENSMUSG00000070855,1.0
ENSMUSG00000083706,1.0
ENSMUSG00000081234,1.0
ENSMUSG00000070852,
ENSMUSG00000047594,1.0
ENSMUSG00000043274,1.0
ENSMUSG00000050772,1.0
ENSMUSG00000058194,
ENSMUSG00000025839,1.0
ENSMUSG00000025838,1.0
ENSMUSG00000061520,1.0
ENSMUSG00000075156,1.0
ENSMUSG00000062272,1.0
ENSMUSG00000059205,1.0
ENSMUSG00000068819,1.0
ENSMUSG00000068818,1.0
ENSMUSG00000075155,
ENSMUSG00000111747,1.0
ENSMUSG00000075153,1.0
ENSMUSG00000075151,
ENSMUSG00000075150,1.0
ENSMUSG00000075149,1.0
ENSMUSG00000068817,1.0
ENSMUSG00000075148,
ENSMUSG00000068816,1.0
ENSMUSG00000068815,
ENSMUSG00000068814,
ENSMUSG00000061875,1.0
ENSMUSG00000070853,1.0
ENSMUSG00000047039,
ENSMUSG00000045225,1.0
ENSMUSG00000048197,
ENSMUSG00000075146,
ENSMUSG00000075145,
ENSMUSG00000075144,1.0
ENSMUSG00000075143,1.0
ENSMUSG00000075142,
ENSMUSG00000062793,
ENSMUSG00000075141,1.0
ENSMUSG00000045150,1.0
ENSMUSG00000075140,1.0
ENSMUSG00000075139,1.0
ENSMUSG00000075137,
ENSMUSG00000075136,
ENSMUSG00000101078,
ENSMUSG00000100899,1.0
ENSMUSG00000061342,
ENSMUSG00000075133,1.0
ENSMUSG00000075132,1.0
ENSMUSG00000080713,
ENSMUSG00000083855,1.0
ENSMUSG00000050023,
ENSMUSG00000075128,1.0
ENSMUSG00000056995,1.0
ENSMUSG00000075127,1.0
ENSMUSG00000081836,1.0
ENSMUSG00000075125,1.0
ENSMUSG00000090097,1.0
ENSMUSG00000049372,1.0
ENSMUSG00000051424,
ENSMUSG00000057735,1.0
ENSMUSG00000082882,1.0
ENSMUSG00000068809,
ENSMUSG00000068808,1.0
ENSMUSG00000081948,1.0
ENSMUSG00000111590,1.0
ENSMUSG00000060827,1.0
ENSMUSG00000075121,1.0
ENSMUSG00000075120,1.0
ENSMUSG00000075119,1.0
ENSMUSG00000075117,1.0
ENSMUSG00000089892,1.0
ENSMUSG00000075115,1.0
ENSMUSG00000059023,
ENSMUSG00000064084,1.0
ENSMUSG00000057447,1.0
ENSMUSG00000061798,1.0
ENSMUSG00000062757,1.0
ENSMUSG00000075114,1.0
ENSMUSG00000075113,1.0
ENSMUSG00000075112,1.0
ENSMUSG00000048226,1.0
ENSMUSG00000075111,1.0
ENSMUSG00000075110,1.0
ENSMUSG00000100016,1.0
ENSMUSG00000075107,1.0
ENSMUSG00000101391,1.0
ENSMUSG00000075105,1.0
ENSMUSG00000075104,1.0
ENSMUSG00000101480,1.0
ENSMUSG00000075102,1.0
ENSMUSG00000075101,1.0
ENSMUSG00000075100,1.0
ENSMUSG00000075099,1.0
ENSMUSG00000101918,
ENSMUSG00000075097,1.0
ENSMUSG00000099486,
ENSMUSG00000075095,1.0
ENSMUSG00000075094,
ENSMUSG00000075093,
ENSMUSG00000075092,
ENSMUSG00000075091,1.0
ENSMUSG00000075090,
ENSMUSG00000111517,1.0
ENSMUSG00000075088,
ENSMUSG00000111174,
ENSMUSG00000075086,
ENSMUSG00000075085,1.0
ENSMUSG00000075084,
ENSMUSG00000111456,
ENSMUSG00000111715,1.0
ENSMUSG00000075081,1.0
ENSMUSG00000111239,
ENSMUSG00000075079,1.0
ENSMUSG00000075078,1.0
ENSMUSG00000111567,1.0
ENSMUSG00000110819,1.0
ENSMUSG00000075075,1.0
ENSMUSG00000075074,1.0
ENSMUSG00000045148,1.0
ENSMUSG00000075073,1.0
ENSMUSG00000075072,1.0
ENSMUSG00000049057,
ENSMUSG00000049149,1.0
ENSMUSG00000068806,1.0
ENSMUSG00000042894,1.0
ENSMUSG00000061295,1.0
ENSMUSG00000051313,1.0
ENSMUSG00000059112,
ENSMUSG00000075069,1.0
ENSMUSG00000059910,1.0
ENSMUSG00000075068,1.0
ENSMUSG00000084336,1.0
ENSMUSG00000075066,1.0
ENSMUSG00000075065,1.0
ENSMUSG00000075064,1.0
ENSMUSG00000075063,1.0
ENSMUSG00000075062,1.0
ENSMUSG00000075061,1.0
ENSMUSG00000089859,1.0
ENSMUSG00000082980,1.0
ENSMUSG00000025314,0.4145960444858968
ENSMUSG00000085471,1.0
ENSMUSG00000051329,0.7241114001996
ENSMUSG00000008200,0.6203939401991454
ENSMUSG00000040812,0.9685940433952547
ENSMUSG00000027282,0.6037782538118793
ENSMUSG00000040794,0.7117533556948835
ENSMUSG00000005510,0.6698263786746353
ENSMUSG00000005505,0.8221138198064258
ENSMUSG00000063235,0.6480863216493451
ENSMUSG00000005506,0.47118572064496445
ENSMUSG00000002104,1.0
ENSMUSG00000086495,0.9349860227279033
ENSMUSG00000002102,0.632646493890036
ENSMUSG00000002105,0.7114499683565129
ENSMUSG00000002111,0.6208331150358204
ENSMUSG00000002100,1.0
ENSMUSG00000040687,0.6631677200653039
ENSMUSG00000002108,0.9007734025720732
ENSMUSG00000086206,1.0
ENSMUSG00000002103,0.6226039528953271
ENSMUSG00000002109,0.7282773573919129
ENSMUSG00000027257,0.750549644078326
ENSMUSG00000027255,0.6447798260122879
ENSMUSG00000040591,0.523470971501747
ENSMUSG00000027253,0.6069042651982447
ENSMUSG00000040549,0.5075414856899766
ENSMUSG00000027249,1.0
ENSMUSG00000075040,0.8030684332535009
ENSMUSG00000027247,0.661231211791462
ENSMUSG00000027244,0.6603186374520029
ENSMUSG00000027243,0.9282588641268807
ENSMUSG00000040506,0.4867467692690053
ENSMUSG00000040495,1.0
ENSMUSG00000027239,0.7005882313289232
ENSMUSG00000040479,0.6037416703443619
ENSMUSG00000095332,1.0
ENSMUSG00000027230,0.9609517714941697
ENSMUSG00000087197,1.0
ENSMUSG00000087018,1.0
ENSMUSG00000058318,0.4167822197915622
ENSMUSG00000040434,1.0
ENSMUSG00000027222,0.8364842554614115
ENSMUSG00000044916,1.0
ENSMUSG00000027223,0.5335257659822964
ENSMUSG00000068742,0.6164018065951367
ENSMUSG00000084781,1.0
ENSMUSG00000049922,0.9165062609416401
ENSMUSG00000085261,1.0
ENSMUSG00000085293,1.0
ENSMUSG00000027221,0.6100474898732527
ENSMUSG00000085976,1.0
ENSMUSG00000086980,1.0
ENSMUSG00000027220,0.7533007554052412
ENSMUSG00000075028,0.7914035912506233
ENSMUSG00000075027,1.0
ENSMUSG00000087559,1.0
ENSMUSG00000068735,0.8129736578033652
ENSMUSG00000027217,0.7696963007796731
ENSMUSG00000085852,1.0
ENSMUSG00000027215,0.602651700423317
ENSMUSG00000075025,1.0
ENSMUSG00000040310,1.0
ENSMUSG00000027198,0.6167017480431233
ENSMUSG00000040272,0.8531441619979679
ENSMUSG00000075023,1.0
ENSMUSG00000087006,0.607561277264235
ENSMUSG00000027196,1.0
ENSMUSG00000040174,0.7175086217355066
ENSMUSG00000027195,0.5649727204802621
ENSMUSG00000075020,0.6884530369414584
ENSMUSG00000027194,0.5660998115261933
ENSMUSG00000045464,0.8843108275289407
ENSMUSG00000027193,0.6231247632129598
ENSMUSG00000087069,1.0
ENSMUSG00000084906,1.0
ENSMUSG00000087537,1.0
ENSMUSG00000050587,0.32028418105135364
ENSMUSG00000091061,0.8968051936911712
ENSMUSG00000075015,1.0
ENSMUSG00000075014,1.0
ENSMUSG00000101186,
ENSMUSG00000027165,0.6685421123297653
ENSMUSG00000032864,1.0
ENSMUSG00000061311,1.0
ENSMUSG00000027164,0.632367524983109
ENSMUSG00000032841,0.3712941083765488
ENSMUSG00000087465,0.9934426598870849
ENSMUSG00000027163,0.7940461983065633
ENSMUSG00000048058,0.5254968874371773
ENSMUSG00000085417,0.8369677978336845
ENSMUSG00000085110,1.0
ENSMUSG00000027189,0.5113423667015474
ENSMUSG00000075012,0.582135550165825
ENSMUSG00000027188,0.9336757768142828
ENSMUSG00000005089,0.2494638344046683
ENSMUSG00000087185,0.9131727959976419
ENSMUSG00000005087,0.9848874275607888
ENSMUSG00000010914,0.7258517917888548
ENSMUSG00000010911,0.85478307941864
ENSMUSG00000087032,1.0
ENSMUSG00000086957,1.0
ENSMUSG00000012350,1.0
ENSMUSG00000087278,1.0
ENSMUSG00000070794,1.0
ENSMUSG00000027186,1.0
ENSMUSG00000027187,0.6534573641668854
ENSMUSG00000032724,0.6036934997912745
ENSMUSG00000027185,0.859552192712086
ENSMUSG00000027184,0.5212972890549065
ENSMUSG00000086687,1.0
ENSMUSG00000084756,1.0
ENSMUSG00000032698,0.5764942505448293
ENSMUSG00000046085,1.0
ENSMUSG00000027180,0.627573519657736
ENSMUSG00000075006,1.0
ENSMUSG00000068686,1.0
ENSMUSG00000032679,0.6865644602843539
ENSMUSG00000032671,1.0
ENSMUSG00000068373,0.6044755559277879
ENSMUSG00000087473,1.0
ENSMUSG00000027177,0.5973549878827488
ENSMUSG00000086454,1.0
ENSMUSG00000027176,0.5645392353022523
ENSMUSG00000027175,0.6092278072024018
ENSMUSG00000074997,1.0
ENSMUSG00000027173,0.9083274083476915
ENSMUSG00000074994,0.6568098981319334
ENSMUSG00000027171,1.0
ENSMUSG00000045106,0.8688025249977153
ENSMUSG00000027170,0.6463624404282062
ENSMUSG00000074987,1.0
ENSMUSG00000079175,1.0
ENSMUSG00000016458,1.0
ENSMUSG00000055312,1.0
ENSMUSG00000005973,0.8890989460822929
ENSMUSG00000086764,1.0
ENSMUSG00000086029,0.983234234352145
ENSMUSG00000102424,1.0
ENSMUSG00000027168,0.6473319419952893
ENSMUSG00000027167,0.5268080204882847
ENSMUSG00000084870,1.0
ENSMUSG00000042670,0.5469835599236141
ENSMUSG00000027166,0.6103794167549801
ENSMUSG00000100156,1.0
ENSMUSG00000087226,1.0
ENSMUSG00000087225,1.0
ENSMUSG00000085218,0.9999599946407997
ENSMUSG00000016386,0.5720395121268206
ENSMUSG00000027122,0.7265042067800284
ENSMUSG00000027120,1.0
ENSMUSG00000042604,0.9608436689933373
ENSMUSG00000086758,1.0
ENSMUSG00000087544,1.0
ENSMUSG00000057234,0.669371459186819
ENSMUSG00000027115,0.9994428910725986
ENSMUSG00000109604,1.0
ENSMUSG00000093410,1.0
ENSMUSG00000048482,0.8318501487009222
ENSMUSG00000027162,0.6371775179800602
ENSMUSG00000063751,1.0
ENSMUSG00000050199,0.636595769796583
ENSMUSG00000027160,0.6721435714929372
ENSMUSG00000086186,1.0
ENSMUSG00000085444,1.0
ENSMUSG00000041660,0.8082138867739255
ENSMUSG00000074971,0.9999959267561186
ENSMUSG00000041644,1.0
ENSMUSG00000074968,0.6252081935931583
ENSMUSG00000050808,1.0
ENSMUSG00000079171,1.0
ENSMUSG00000079170,1.0
ENSMUSG00000079169,1.0
ENSMUSG00000027157,1.0
ENSMUSG00000074966,
ENSMUSG00000084933,1.0
ENSMUSG00000063844,1.0
ENSMUSG00000074965,1.0
ENSMUSG00000068647,1.0
ENSMUSG00000109813,1.0
ENSMUSG00000109449,1.0
ENSMUSG00000095156,1.0
ENSMUSG00000096554,
ENSMUSG00000109322,1.0
ENSMUSG00000108931,1.0
ENSMUSG00000096703,1.0
ENSMUSG00000095586,
ENSMUSG00000044039,1.0
ENSMUSG00000061195,
ENSMUSG00000095809,
ENSMUSG00000108891,1.0
ENSMUSG00000108908,1.0
ENSMUSG00000109547,1.0
ENSMUSG00000108919,1.0
ENSMUSG00000094858,1.0
ENSMUSG00000109487,1.0
ENSMUSG00000109219,
ENSMUSG00000057149,
ENSMUSG00000044560,1.0
ENSMUSG00000093804,1.0
ENSMUSG00000074955,1.0
ENSMUSG00000096566,
ENSMUSG00000094747,1.0
ENSMUSG00000074952,1.0
ENSMUSG00000109528,1.0
ENSMUSG00000108827,1.0
ENSMUSG00000109403,1.0
ENSMUSG00000074947,1.0
ENSMUSG00000074946,1.0
ENSMUSG00000074945,1.0
ENSMUSG00000109033,1.0
ENSMUSG00000109801,1.0
ENSMUSG00000050776,1.0
ENSMUSG00000049758,1.0
ENSMUSG00000027134,0.9192034206543094
ENSMUSG00000041358,1.0
ENSMUSG00000027133,0.6286322087356684
ENSMUSG00000027130,0.4663742502269831
ENSMUSG00000027131,0.7372695835393482
ENSMUSG00000027132,0.6838930571006527
ENSMUSG00000055943,0.5272242867660549
ENSMUSG00000074939,1.0
ENSMUSG00000003604,0.7335117126514387
ENSMUSG00000057378,0.6357764311379154
ENSMUSG00000041255,1.0
ENSMUSG00000044042,0.7271287297107206
ENSMUSG00000085448,0.963565855058315
ENSMUSG00000087545,1.0
ENSMUSG00000087106,1.0
ENSMUSG00000084798,1.0
ENSMUSG00000074934,1.0
ENSMUSG00000023236,0.6085999114140467
ENSMUSG00000041219,1.0
ENSMUSG00000068615,1.0
ENSMUSG00000087694,0.9445864249593147
ENSMUSG00000068614,1.0
ENSMUSG00000092397,1.0
ENSMUSG00000040383,0.6382850811420552
ENSMUSG00000040321,0.7399297600256459
ENSMUSG00000101266,1.0
ENSMUSG00000057147,0.7001765936535561
ENSMUSG00000084785,1.0
ENSMUSG00000085222,1.0
ENSMUSG00000101448,1.0
ENSMUSG00000099361,1.0
ENSMUSG00000099802,1.0
ENSMUSG00000087309,1.0
ENSMUSG00000086197,1.0
ENSMUSG00000085582,1.0
ENSMUSG00000086735,1.0
ENSMUSG00000040282,0.6855942253166039
ENSMUSG00000027210,0.4679873235551517
ENSMUSG00000086328,1.0
ENSMUSG00000086308,0.8829436163731952
ENSMUSG00000086462,1.0
ENSMUSG00000027355,1.0
ENSMUSG00000085316,0.9421092812183706
ENSMUSG00000099470,1.0
ENSMUSG00000027351,0.4701504798456324
ENSMUSG00000027349,0.7086174252034494
ENSMUSG00000027347,0.7536493182617378
ENSMUSG00000085681,1.0
ENSMUSG00000101394,1.0
ENSMUSG00000086203,1.0
ENSMUSG00000086221,1.0
ENSMUSG00000087203,1.0
ENSMUSG00000040152,1.0
ENSMUSG00000101859,1.0
ENSMUSG00000027344,1.0
ENSMUSG00000045339,1.0
ENSMUSG00000040133,0.874256437505547
ENSMUSG00000085889,1.0
ENSMUSG00000005102,0.6482679110998046
ENSMUSG00000009549,0.4991820550412485
ENSMUSG00000040093,0.8221355325685783
ENSMUSG00000040084,1.0
ENSMUSG00000074923,0.959446435241631
ENSMUSG00000078137,0.9917888692117021
ENSMUSG00000040061,1.0
ENSMUSG00000074918,0.7459958104248092
ENSMUSG00000045838,0.8799253665205538
ENSMUSG00000046804,1.0
ENSMUSG00000040035,0.7511655401509771
ENSMUSG00000027331,1.0
ENSMUSG00000086421,1.0
ENSMUSG00000027332,0.5279771559462991
ENSMUSG00000040007,0.8670136433078254
ENSMUSG00000074916,0.9965356720475339
ENSMUSG00000084802,1.0
ENSMUSG00000039983,0.7635044566464866
ENSMUSG00000027324,1.0
ENSMUSG00000027326,1.0
ENSMUSG00000027323,1.0
ENSMUSG00000070730,0.7849570450162408
ENSMUSG00000046814,1.0
ENSMUSG00000034278,0.831182295835701
ENSMUSG00000055926,1.0
ENSMUSG00000068580,0.8003163197992309
ENSMUSG00000027317,1.0
ENSMUSG00000027315,1.0
ENSMUSG00000034226,1.0
ENSMUSG00000034216,0.7466076314036191
ENSMUSG00000074912,1.0
ENSMUSG00000027314,0.9929531845508222
ENSMUSG00000027313,1.0
ENSMUSG00000034154,0.5978849986749737
ENSMUSG00000048647,0.9552229150928012
ENSMUSG00000014077,0.6074665560773259
ENSMUSG00000085438,0.4739436774023358
ENSMUSG00000072980,1.0
ENSMUSG00000027306,0.9994365929865663
ENSMUSG00000027305,0.8948623818295874
ENSMUSG00000027304,0.5320686749062257
ENSMUSG00000027296,0.9152656123118124
ENSMUSG00000027297,1.0
ENSMUSG00000034032,0.8105287922768737
ENSMUSG00000027298,0.6206141436957605
ENSMUSG00000033943,0.5495900598657302
ENSMUSG00000033902,0.7305531258047098
ENSMUSG00000087458,1.0
ENSMUSG00000098789,0.9585064066482288
ENSMUSG00000098488,0.9753010594974092
ENSMUSG00000074899,1.0
ENSMUSG00000027293,0.6063930594832762
ENSMUSG00000050211,0.9234278070861842
ENSMUSG00000087555,1.0
ENSMUSG00000070719,1.0
ENSMUSG00000046971,1.0
ENSMUSG00000027291,0.7219732468179154
ENSMUSG00000033808,0.6631360703255524
ENSMUSG00000062646,0.6872323074946883
ENSMUSG00000079110,0.6918213299049623
ENSMUSG00000027288,0.5485340278686656
ENSMUSG00000027287,0.6354225752633285
ENSMUSG00000027286,0.7902069181801122
ENSMUSG00000027285,0.7739060784006261
ENSMUSG00000033705,0.5267490148335672
ENSMUSG00000027284,0.8064763417104548
ENSMUSG00000090100,0.6901941163751861
ENSMUSG00000087519,0.9748979184095424
ENSMUSG00000027272,0.5400043519789562
ENSMUSG00000054484,0.743967217222799
ENSMUSG00000023572,0.6951732186423758
ENSMUSG00000023216,1.0
ENSMUSG00000053675,1.0
ENSMUSG00000079103,1.0
ENSMUSG00000074890,0.9046552228809803
ENSMUSG00000027259,0.7916279865562752
ENSMUSG00000050619,0.8174504157726413
ENSMUSG00000027263,0.7425306657955318
ENSMUSG00000043909,0.6670342472011445
ENSMUSG00000027254,0.4841747524103115
ENSMUSG00000087704,1.0
ENSMUSG00000033526,0.6287900641232507
ENSMUSG00000000308,0.8553779570499179
ENSMUSG00000033498,1.0
ENSMUSG00000033486,0.8421812475953413
ENSMUSG00000027248,0.5220712956598376
ENSMUSG00000027246,1.0
ENSMUSG00000046110,1.0
ENSMUSG00000074884,0.3549019538724814
ENSMUSG00000027245,0.6933821814586261
ENSMUSG00000048222,0.6602774819165528
ENSMUSG00000068479,0.6470030640080912
ENSMUSG00000027242,0.8066433252065816
ENSMUSG00000027238,0.3482750262378716
ENSMUSG00000086913,1.0
ENSMUSG00000060227,0.5771897757257437
ENSMUSG00000074881,1.0
ENSMUSG00000033411,0.6116188444249274
ENSMUSG00000027236,0.5657096208507376
ENSMUSG00000033396,0.7084943073254857
ENSMUSG00000027233,1.0
ENSMUSG00000060802,0.400084286145612
ENSMUSG00000033368,1.0
ENSMUSG00000027229,1.0
ENSMUSG00000027227,0.8648351720602975
ENSMUSG00000068452,1.0
ENSMUSG00000027225,1.0
ENSMUSG00000027224,1.0
ENSMUSG00000033268,1.0
ENSMUSG00000033256,0.7106019363495245
ENSMUSG00000027219,1.0
ENSMUSG00000079071,1.0
ENSMUSG00000027199,0.287657291020358
ENSMUSG00000074876,1.0
ENSMUSG00000033213,1.0
ENSMUSG00000005802,0.7609186001623881
ENSMUSG00000087017,1.0
ENSMUSG00000085633,1.0
ENSMUSG00000005804,0.8087760670252633
ENSMUSG00000005803,0.8601042043748705
ENSMUSG00000027200,0.42824714604090924
ENSMUSG00000085496,1.0
ENSMUSG00000086954,1.0
ENSMUSG00000087450,1.0
ENSMUSG00000035183,0.6293354994448176
ENSMUSG00000027201,0.6179949272934468
ENSMUSG00000087056,1.0
ENSMUSG00000074872,0.9325332052368078
ENSMUSG00000027202,1.0
ENSMUSG00000086416,1.0
ENSMUSG00000027203,0.7981219745080401
ENSMUSG00000085797,1.0
ENSMUSG00000087682,1.0
ENSMUSG00000027204,0.9241873141482668
ENSMUSG00000053615,1.0
ENSMUSG00000068394,0.746794143440882
ENSMUSG00000035109,0.8240061886846842
ENSMUSG00000091337,0.4876244157361593
ENSMUSG00000035093,0.4734205581840567
ENSMUSG00000027206,0.6470486216426664
ENSMUSG00000027207,0.7543012995976233
ENSMUSG00000027209,0.9180505285991096
ENSMUSG00000027208,1.0
ENSMUSG00000023330,0.9140634716182231
ENSMUSG00000090353,1.0
ENSMUSG00000060131,1.0
ENSMUSG00000027359,1.0
ENSMUSG00000027360,1.0
ENSMUSG00000027361,0.7195951171803519
ENSMUSG00000098024,0.8250128137195781
ENSMUSG00000027363,0.605880264947352
ENSMUSG00000027364,0.7493227639515692
ENSMUSG00000027365,0.5022464119130831
ENSMUSG00000027366,0.5616706609941844
ENSMUSG00000001998,0.7338422437678406
ENSMUSG00000001999,0.8008371679733672
ENSMUSG00000034906,1.0
ENSMUSG00000074825,0.8394569953109685
ENSMUSG00000044145,0.8599090319954347
ENSMUSG00000003660,0.6910322236809389
ENSMUSG00000003662,0.8049524877248395
ENSMUSG00000034850,0.6679110133680616
ENSMUSG00000027367,0.6345355682623581
ENSMUSG00000027368,1.0
ENSMUSG00000050468,1.0
ENSMUSG00000058620,1.0
ENSMUSG00000046338,1.0
ENSMUSG00000027371,0.9137353017111882
ENSMUSG00000079056,0.5274160998802813
ENSMUSG00000027376,1.0
ENSMUSG00000034800,0.9925673039343873
ENSMUSG00000027374,0.6566828828225538
ENSMUSG00000027375,0.27576928628670155
ENSMUSG00000087162,1.0
ENSMUSG00000027377,1.0
ENSMUSG00000027378,0.7916107285123046
ENSMUSG00000051319,0.6488926206960408
ENSMUSG00000027379,1.0
ENSMUSG00000027380,1.0
ENSMUSG00000027381,0.7404871714624833
ENSMUSG00000074813,0.7019604910733438
ENSMUSG00000085750,1.0
ENSMUSG00000086879,1.0
ENSMUSG00000079053,1.0
ENSMUSG00000114963,1.0
ENSMUSG00000074812,1.0
ENSMUSG00000109931,1.0
ENSMUSG00000014355,0.6269756591472471
ENSMUSG00000014361,0.3284437940519591
ENSMUSG00000085036,1.0
ENSMUSG00000014353,0.6491247750436151
ENSMUSG00000027386,1.0
ENSMUSG00000027387,0.8594712774094286
ENSMUSG00000087267,1.0
ENSMUSG00000074807,0.9110253552054762
ENSMUSG00000042851,0.6908745043897436
ENSMUSG00000090248,1.0
ENSMUSG00000079051,1.0
ENSMUSG00000087151,1.0
ENSMUSG00000027394,0.7881888157597832
ENSMUSG00000027395,0.9338407726240684
ENSMUSG00000037938,0.8301030564941586
ENSMUSG00000084826,1.0
ENSMUSG00000086652,1.0
ENSMUSG00000027397,0.6739045365525173
ENSMUSG00000087528,1.0
ENSMUSG00000056738,1.0
ENSMUSG00000085485,1.0
ENSMUSG00000048327,1.0
ENSMUSG00000085498,0.9338870684831655
ENSMUSG00000027399,0.7193296039957411
ENSMUSG00000027398,1.0
ENSMUSG00000074805,1.0
ENSMUSG00000043727,1.0
ENSMUSG00000086637,1.0
ENSMUSG00000087015,1.0
ENSMUSG00000037902,0.4076127146847213
ENSMUSG00000027400,0.9851167137949455
ENSMUSG00000037885,0.8240597230374205
ENSMUSG00000100255,1.0
ENSMUSG00000027401,1.0
ENSMUSG00000027403,1.0
ENSMUSG00000027404,0.6121912139688029
ENSMUSG00000060332,1.0
ENSMUSG00000027405,0.7167883469251932
ENSMUSG00000027406,0.6221110519507301
ENSMUSG00000053552,0.8534047760048068
ENSMUSG00000027408,0.9910292147893675
ENSMUSG00000027409,1.0
ENSMUSG00000049692,1.0
ENSMUSG00000037773,0.8641913386756223
ENSMUSG00000027411,0.7964263324425265
ENSMUSG00000027303,0.4401183338682828
ENSMUSG00000060029,0.872098015529199
ENSMUSG00000037740,0.6463634950961215
ENSMUSG00000027301,1.0
ENSMUSG00000037727,1.0
ENSMUSG00000027300,0.8611167802102423
ENSMUSG00000079043,1.0
ENSMUSG00000037703,0.7818206990663671
ENSMUSG00000068290,0.5938757160342482
ENSMUSG00000074797,0.7585142529006106
ENSMUSG00000074796,1.0
ENSMUSG00000027309,0.3876408934479242
ENSMUSG00000085566,0.921118049585361
ENSMUSG00000027312,0.4908225134756277
ENSMUSG00000027316,0.9088389726972737
ENSMUSG00000027318,1.0
ENSMUSG00000027322,1.0
ENSMUSG00000074793,0.6786420775584876
ENSMUSG00000079039,
ENSMUSG00000027327,0.9310795122028925
ENSMUSG00000087405,1.0
ENSMUSG00000027329,0.9656928417684533
ENSMUSG00000068267,0.5919071664239086
ENSMUSG00000027330,0.9038513083876589
ENSMUSG00000068264,0.8655411893296535
ENSMUSG00000037523,0.7729142797685304
ENSMUSG00000037514,0.636205026038425
ENSMUSG00000048911,0.6874150304979642
ENSMUSG00000086329,1.0
ENSMUSG00000027333,0.5479134844959888
ENSMUSG00000027335,1.0
ENSMUSG00000087524,1.0
ENSMUSG00000086831,1.0
ENSMUSG00000086822,1.0
ENSMUSG00000037482,1.0
ENSMUSG00000079037,0.36875818400903154
ENSMUSG00000027338,1.0
ENSMUSG00000027339,0.5048982556842465
ENSMUSG00000027340,0.5667924445578808
ENSMUSG00000086756,1.0
ENSMUSG00000027341,0.7466093653615877
ENSMUSG00000027342,0.7356542595622032
ENSMUSG00000087377,0.9569923748698482
ENSMUSG00000058793,0.5023222556083112
ENSMUSG00000050558,1.0
ENSMUSG00000027345,1.0
ENSMUSG00000086250,1.0
ENSMUSG00000086379,1.0
ENSMUSG00000027346,0.36481932357600316
ENSMUSG00000074783,1.0
ENSMUSG00000044991,0.6329817723080396
ENSMUSG00000084839,1.0
ENSMUSG00000027350,0.6125280259759988
ENSMUSG00000037376,0.7607298993053031
ENSMUSG00000027353,0.9616422160590635
ENSMUSG00000086575,1.0
ENSMUSG00000027357,0.7631813610129214
ENSMUSG00000043110,1.0
ENSMUSG00000027356,1.0
ENSMUSG00000086478,1.0
ENSMUSG00000086650,1.0
ENSMUSG00000087585,
ENSMUSG00000027358,0.9515667684697686
ENSMUSG00000027261,1.0
ENSMUSG00000034723,0.5616671968669236
ENSMUSG00000051177,0.2915739227340356
ENSMUSG00000085247,0.7802425235467481
ENSMUSG00000085631,0.7057062889083281
ENSMUSG00000084762,1.0
ENSMUSG00000039943,0.4285379948456789
ENSMUSG00000085908,1.0
ENSMUSG00000085709,0.8602108956061312
ENSMUSG00000086928,1.0
ENSMUSG00000027270,0.9381914820264377
ENSMUSG00000039913,0.4529830186239508
ENSMUSG00000085383,1.0
ENSMUSG00000074771,1.0
ENSMUSG00000027273,0.4068344551068645
ENSMUSG00000027274,0.8720940234120491
ENSMUSG00000115423,
ENSMUSG00000116563,
ENSMUSG00000027281,0.6980429522635716
ENSMUSG00000027276,0.7516656578006335
ENSMUSG00000099683,1.0
ENSMUSG00000085504,1.0
ENSMUSG00000085640,1.0
ENSMUSG00000086214,1.0
ENSMUSG00000062098,0.555504788615252
ENSMUSG00000085911,1.0
ENSMUSG00000085071,0.9096761096630022
ENSMUSG00000039092,1.0
ENSMUSG00000074766,0.8823946938493534
ENSMUSG00000039033,0.6597155223628041
ENSMUSG00000045624,0.6105092241039638
ENSMUSG00000078197,1.0
ENSMUSG00000027384,0.8080420626476491
ENSMUSG00000074764,1.0
ENSMUSG00000068205,0.4292060741373585
ENSMUSG00000051379,0.8106560312153823
ENSMUSG00000074763,1.0
ENSMUSG00000086450,1.0
ENSMUSG00000038844,0.6408897831237114
ENSMUSG00000086504,1.0
ENSMUSG00000008333,0.7293523093936374
ENSMUSG00000027416,1.0
ENSMUSG00000086171,0.8929611642354841
ENSMUSG00000027419,0.5374681307715705
ENSMUSG00000087115,1.0
ENSMUSG00000027420,1.0
ENSMUSG00000015932,0.4478248834096675
ENSMUSG00000027422,0.4012748284299436
ENSMUSG00000037307,0.9843634937580459
ENSMUSG00000086384,1.0
ENSMUSG00000074758,0.8768478401282269
ENSMUSG00000085127,1.0
ENSMUSG00000027423,0.5255210953563166
ENSMUSG00000027424,0.8252242601885613
ENSMUSG00000037279,1.0
ENSMUSG00000084837,1.0
ENSMUSG00000027425,0.7371954345627881
ENSMUSG00000098387,
ENSMUSG00000037259,0.6966945880078211
ENSMUSG00000027427,0.7529067430451939
ENSMUSG00000027428,0.7326354835794723
ENSMUSG00000027429,0.7004621700662469
ENSMUSG00000074754,0.6561709916287102
ENSMUSG00000027430,0.6449337814028129
ENSMUSG00000027431,1.0
ENSMUSG00000063873,0.4975356663897418
ENSMUSG00000087158,1.0
ENSMUSG00000074753,1.0
ENSMUSG00000001768,0.5003424799372537
ENSMUSG00000002728,0.5983336598685297
ENSMUSG00000001767,0.7618050158172917
ENSMUSG00000037143,1.0
ENSMUSG00000068154,1.0
ENSMUSG00000037110,0.6030754885740217
ENSMUSG00000085958,1.0
ENSMUSG00000085796,
ENSMUSG00000087618,1.0
ENSMUSG00000074749,0.6234706975711289
ENSMUSG00000027433,0.5841508603321591
ENSMUSG00000054160,1.0
ENSMUSG00000027434,0.7266927317570698
ENSMUSG00000086509,0.740088151545081
ENSMUSG00000053545,0.9354098275228067
ENSMUSG00000084774,1.0
ENSMUSG00000087521,1.0
ENSMUSG00000037034,1.0
ENSMUSG00000051986,1.0
ENSMUSG00000086141,1.0
ENSMUSG00000037025,1.0
ENSMUSG00000037014,1.0
ENSMUSG00000074743,0.7231522043005247
ENSMUSG00000027435,0.675683771751842
ENSMUSG00000087678,1.0
ENSMUSG00000036992,0.8412268074111215
ENSMUSG00000027439,0.7966854865881596
ENSMUSG00000027438,0.5987716993943711
ENSMUSG00000055177,1.0
ENSMUSG00000036958,1.0
ENSMUSG00000027444,
ENSMUSG00000027443,1.0
ENSMUSG00000027442,1.0
ENSMUSG00000036924,1.0
ENSMUSG00000027445,1.0
ENSMUSG00000027446,1.0
ENSMUSG00000027447,0.1958614745930104
ENSMUSG00000063507,1.0
ENSMUSG00000086963,1.0
ENSMUSG00000033156,1.0
ENSMUSG00000087029,1.0
ENSMUSG00000074737,1.0
ENSMUSG00000074736,0.7390615831292744
ENSMUSG00000068134,0.7596233119246246
ENSMUSG00000074837,1.0
ENSMUSG00000079009,1.0
ENSMUSG00000060336,0.9753365073398622
ENSMUSG00000074735,1.0
ENSMUSG00000079008,1.0
ENSMUSG00000063364,0.7503357384407707
ENSMUSG00000095315,0.940122067026901
ENSMUSG00000068130,0.9101429328689593
ENSMUSG00000074731,1.0
ENSMUSG00000068129,1.0
ENSMUSG00000033096,0.7866367613467075
ENSMUSG00000086407,1.0
ENSMUSG00000027452,0.5205574260601571
ENSMUSG00000087406,1.0
ENSMUSG00000033080,1.0
ENSMUSG00000086563,1.0
ENSMUSG00000100630,
ENSMUSG00000033068,0.7689056460510322
ENSMUSG00000033059,0.5094654907743333
ENSMUSG00000032046,0.46351546371868796
ENSMUSG00000027454,0.9997871831089815
ENSMUSG00000068115,0.8715094384436549
ENSMUSG00000053916,0.8911261789841476
ENSMUSG00000079006,1.0
ENSMUSG00000079005,1.0
ENSMUSG00000085805,1.0
ENSMUSG00000067352,1.0
ENSMUSG00000087337,1.0
ENSMUSG00000087609,1.0
ENSMUSG00000087495,1.0
ENSMUSG00000086659,1.0
ENSMUSG00000061525,1.0
ENSMUSG00000027455,0.6980637928104437
ENSMUSG00000087433,1.0
ENSMUSG00000032966,0.4060235272051298
ENSMUSG00000027456,1.0
ENSMUSG00000027457,0.6606943336033848
ENSMUSG00000074704,1.0
ENSMUSG00000087035,1.0
ENSMUSG00000044364,1.0
ENSMUSG00000032869,0.7986093309879243
ENSMUSG00000086800,1.0
ENSMUSG00000087033,1.0
ENSMUSG00000032852,1.0
ENSMUSG00000086620,1.0
ENSMUSG00000027460,1.0
ENSMUSG00000087004,1.0
ENSMUSG00000027459,0.9112763121944717
ENSMUSG00000027463,1.0
ENSMUSG00000085946,1.0
ENSMUSG00000060257,0.9999992071619499
ENSMUSG00000032802,0.8216798708502366
ENSMUSG00000068079,1.0
ENSMUSG00000074698,0.48295343038974786
ENSMUSG00000027465,0.7195789707910912
ENSMUSG00000027466,0.6702688900449222
ENSMUSG00000032715,1.0
ENSMUSG00000068062,1.0
ENSMUSG00000059361,0.82526059941611
ENSMUSG00000051817,0.8614121099765354
ENSMUSG00000074682,0.8061194478904269
ENSMUSG00000032680,0.998742435608086
ENSMUSG00000074681,1.0
ENSMUSG00000049560,1.0
ENSMUSG00000027468,1.0
ENSMUSG00000074680,1.0
ENSMUSG00000074679,1.0
ENSMUSG00000044249,1.0
ENSMUSG00000084935,1.0
ENSMUSG00000090485,1.0
ENSMUSG00000056544,
ENSMUSG00000050645,1.0
ENSMUSG00000062124,1.0
ENSMUSG00000044863,1.0
ENSMUSG00000074678,1.0
ENSMUSG00000000359,1.0
ENSMUSG00000087148,1.0
ENSMUSG00000019188,0.6425055179003962
ENSMUSG00000042814,0.891791382007432
ENSMUSG00000042745,0.43240800361821186
ENSMUSG00000009876,0.8876846693916024
ENSMUSG00000007659,0.4358157102531192
ENSMUSG00000027469,1.0
ENSMUSG00000027470,1.0
ENSMUSG00000074676,1.0
ENSMUSG00000042662,0.7966225048014669
ENSMUSG00000074673,1.0
ENSMUSG00000089898,1.0
ENSMUSG00000027472,0.7165826617229548
ENSMUSG00000042631,0.9698358399661773
ENSMUSG00000027474,0.8082327723839277
ENSMUSG00000003283,0.6247039945308563
ENSMUSG00000068040,0.5783162498166842
ENSMUSG00000074671,0.9807334764463328
ENSMUSG00000051413,0.7939090396489789
ENSMUSG00000046020,0.7157846995355364
ENSMUSG00000027475,0.6829874990010883
ENSMUSG00000073236,0.9273412915035424
ENSMUSG00000042548,0.5584030833055198
ENSMUSG00000061411,0.6480465693624569
ENSMUSG00000079001,1.0
ENSMUSG00000056941,0.7209537536648389
ENSMUSG00000079000,1.0
ENSMUSG00000027478,0.9762455380875732
ENSMUSG00000082079,1.0
ENSMUSG00000027479,0.5455793311108794
ENSMUSG00000044083,1.0
ENSMUSG00000027480,1.0
ENSMUSG00000027481,1.0
ENSMUSG00000068009,1.0
ENSMUSG00000068008,1.0
ENSMUSG00000074665,1.0
ENSMUSG00000078998,1.0
ENSMUSG00000042459,1.0
ENSMUSG00000027482,1.0
ENSMUSG00000027483,1.0
ENSMUSG00000027484,1.0
ENSMUSG00000027485,1.0
ENSMUSG00000038572,1.0
ENSMUSG00000067998,1.0
ENSMUSG00000067996,1.0
ENSMUSG00000027487,0.8344706331475954
ENSMUSG00000027488,0.5956991871823348
ENSMUSG00000038533,0.6018255607497612
ENSMUSG00000027489,0.8785054534601763
ENSMUSG00000038523,1.0
ENSMUSG00000078129,1.0
ENSMUSG00000027490,1.0
ENSMUSG00000000876,0.7308524774942798
ENSMUSG00000097602,1.0
ENSMUSG00000059842,0.82000308892664
ENSMUSG00000085483,1.0
ENSMUSG00000038467,0.5274384001828176
ENSMUSG00000085691,1.0
ENSMUSG00000098640,1.0
ENSMUSG00000027593,0.590974554370442
ENSMUSG00000027596,0.9208973076918758
ENSMUSG00000074656,0.5203012779263818
ENSMUSG00000084897,1.0
ENSMUSG00000027597,1.0
ENSMUSG00000109877,0.9725761765596989
ENSMUSG00000087254,1.0
ENSMUSG00000027598,0.4476354878978165
ENSMUSG00000047459,0.5842159369707859
ENSMUSG00000027602,0.481012458260085
ENSMUSG00000038383,0.686809437304894
ENSMUSG00000038375,0.637971886118338
ENSMUSG00000038369,0.5732933354673304
ENSMUSG00000027603,0.739617515845306
ENSMUSG00000027605,0.6358866863456059
ENSMUSG00000086529,1.0
ENSMUSG00000027610,0.8193386150982662
ENSMUSG00000085317,1.0
ENSMUSG00000085010,1.0
ENSMUSG00000087616,1.0
ENSMUSG00000074652,1.0
ENSMUSG00000038324,0.522375026336776
ENSMUSG00000038312,0.705402348347183
ENSMUSG00000092123,
ENSMUSG00000027611,1.0
ENSMUSG00000027612,0.6793044698509484
ENSMUSG00000074649,0.7276730806775966
ENSMUSG00000027613,0.7202840003436698
ENSMUSG00000086754,1.0
ENSMUSG00000074647,1.0
ENSMUSG00000005882,0.6606317240114015
ENSMUSG00000078972,1.0
ENSMUSG00000038259,1.0
ENSMUSG00000038241,0.6931748134325854
ENSMUSG00000074646,0.9446073057642927
ENSMUSG00000005881,0.6446315950643348
ENSMUSG00000013338,1.0
ENSMUSG00000038180,1.0
ENSMUSG00000074643,0.6048981204167253
ENSMUSG00000027618,0.687981013656131
ENSMUSG00000067847,0.6039704620240361
ENSMUSG00000027620,0.3364176721411786
ENSMUSG00000038116,0.5396048733635135
ENSMUSG00000046229,0.5815482830862899
ENSMUSG00000038085,0.7732725828691307
ENSMUSG00000085546,1.0
ENSMUSG00000087323,1.0
ENSMUSG00000102869,0.45566399524169343
ENSMUSG00000027624,0.5832482832870978
ENSMUSG00000086872,1.0
ENSMUSG00000085524,1.0
ENSMUSG00000027628,0.7592961564623096
ENSMUSG00000055494,1.0
ENSMUSG00000086118,1.0
ENSMUSG00000061689,0.5578483493357858
ENSMUSG00000087508,1.0
ENSMUSG00000086638,0.9560584547019867
ENSMUSG00000067818,0.537362005738763
ENSMUSG00000087179,1.0
ENSMUSG00000062175,0.9819235814108316
ENSMUSG00000085741,0.6636373811822454
ENSMUSG00000027637,0.5756173153961228
ENSMUSG00000027636,1.0
ENSMUSG00000027634,0.5183475763523376
ENSMUSG00000027635,1.0
ENSMUSG00000055485,0.5041253958956783
ENSMUSG00000074628,1.0
ENSMUSG00000027639,0.6288229733362223
ENSMUSG00000027641,0.8881773201203396
ENSMUSG00000074627,1.0
ENSMUSG00000027642,0.5610325734685523
ENSMUSG00000027643,1.0
ENSMUSG00000063019,0.638459527190568
ENSMUSG00000027646,0.6883806238362352
ENSMUSG00000087445,1.0
ENSMUSG00000067787,0.6741519855094137
ENSMUSG00000067786,0.42626783954150965
ENSMUSG00000087547,1.0
ENSMUSG00000027649,0.7121333684301998
ENSMUSG00000037843,0.8823534711391559
ENSMUSG00000027650,0.8082492639073231
ENSMUSG00000027651,0.6631684982836239
ENSMUSG00000100860,1.0
ENSMUSG00000037820,0.6932729689721301
ENSMUSG00000092283,1.0
ENSMUSG00000037813,0.8512439303086772
ENSMUSG00000078957,1.0
ENSMUSG00000052922,1.0
ENSMUSG00000016024,1.0
ENSMUSG00000085385,0.9188328506036636
ENSMUSG00000100992,
ENSMUSG00000044349,0.3951064662457483
ENSMUSG00000027652,0.5734819837374386
ENSMUSG00000044405,1.0
ENSMUSG00000074625,1.0
ENSMUSG00000086496,0.9330607051316967
ENSMUSG00000037771,0.8161914810920997
ENSMUSG00000087563,1.0
ENSMUSG00000037761,0.8773580023374917
ENSMUSG00000037754,0.39937545048072454
ENSMUSG00000027654,0.9835358925166594
ENSMUSG00000027655,0.8057654182993178
ENSMUSG00000086558,1.0
ENSMUSG00000085198,1.0
ENSMUSG00000086653,1.0
ENSMUSG00000074623,1.0
ENSMUSG00000074622,0.46972776382394243
ENSMUSG00000078956,1.0
ENSMUSG00000078955,1.0
ENSMUSG00000070544,0.46318684342487176
ENSMUSG00000016933,0.6425500154040737
ENSMUSG00000098889,1.0
ENSMUSG00000035877,0.4793257281341275
ENSMUSG00000085303,0.9976696777219382
ENSMUSG00000027412,1.0
ENSMUSG00000050700,1.0
ENSMUSG00000087147,1.0
ENSMUSG00000057133,0.47962559639085645
ENSMUSG00000109780,0.9974854166871255
ENSMUSG00000067745,1.0
ENSMUSG00000085469,
ENSMUSG00000087031,1.0
ENSMUSG00000100943,1.0
ENSMUSG00000053141,0.44518584593938976
ENSMUSG00000084919,1.0
ENSMUSG00000054457,1.0
ENSMUSG00000087536,1.0
ENSMUSG00000086030,1.0
ENSMUSG00000016921,0.5867376214168644
ENSMUSG00000035576,1.0
ENSMUSG00000017868,0.9032636104058405
ENSMUSG00000017858,0.7388124318522606
ENSMUSG00000017861,1.0
ENSMUSG00000070708,1.0
ENSMUSG00000086152,1.0
ENSMUSG00000086036,1.0
ENSMUSG00000074607,0.7172551209424127
ENSMUSG00000017817,1.0
ENSMUSG00000035399,0.7515641937057222
ENSMUSG00000099632,0.7838750609029518
ENSMUSG00000017943,0.8774298609094914
ENSMUSG00000048486,0.8129627687164201
ENSMUSG00000053353,1.0
ENSMUSG00000078949,1.0
ENSMUSG00000046840,1.0
ENSMUSG00000017950,1.0
ENSMUSG00000017679,0.7772023823452024
ENSMUSG00000017707,0.3282060180044808
ENSMUSG00000058812,1.0
ENSMUSG00000035268,0.4803671921203324
ENSMUSG00000087129,1.0
ENSMUSG00000017697,1.0
ENSMUSG00000027656,1.0
ENSMUSG00000035238,1.0
ENSMUSG00000035226,0.7788315274542904
ENSMUSG00000018326,0.4240307697222895
ENSMUSG00000054582,1.0
ENSMUSG00000018322,0.697222818110736
ENSMUSG00000018209,0.6455685937235253
ENSMUSG00000085538,1.0
ENSMUSG00000040164,1.0
ENSMUSG00000040154,1.0
ENSMUSG00000085649,1.0
ENSMUSG00000042845,1.0
ENSMUSG00000051769,1.0
ENSMUSG00000018211,1.0
ENSMUSG00000040132,1.0
ENSMUSG00000050383,
ENSMUSG00000016998,
ENSMUSG00000017003,1.0
ENSMUSG00000017000,1.0
ENSMUSG00000017004,1.0
ENSMUSG00000017002,0.9970127149245763
ENSMUSG00000016995,0.7838290639493463
ENSMUSG00000017007,1.0
ENSMUSG00000017009,0.4946527022975511
ENSMUSG00000045503,0.5428392534187276
ENSMUSG00000085760,1.0
ENSMUSG00000017720,1.0
ENSMUSG00000017734,0.39975253017719753
ENSMUSG00000017721,0.6512408623723269
ENSMUSG00000086179,1.0
ENSMUSG00000017723,1.0
ENSMUSG00000074596,1.0
ENSMUSG00000074595,1.0
ENSMUSG00000017733,1.0
ENSMUSG00000070533,1.0
ENSMUSG00000070531,1.0
ENSMUSG00000070530,1.0
ENSMUSG00000074594,1.0
ENSMUSG00000070529,1.0
ENSMUSG00000078940,1.0
ENSMUSG00000067704,1.0
ENSMUSG00000017310,1.0
ENSMUSG00000074593,1.0
ENSMUSG00000076434,1.0
ENSMUSG00000017299,0.7007995297762784
ENSMUSG00000086453,1.0
ENSMUSG00000001403,1.0
ENSMUSG00000017300,1.0
ENSMUSG00000050373,0.6876608779010384
ENSMUSG00000017307,0.8250400498053682
ENSMUSG00000045822,0.903355561596805
ENSMUSG00000017764,0.8820248185543317
ENSMUSG00000017767,1.0
ENSMUSG00000039873,1.0
ENSMUSG00000017760,0.5552218764233489
ENSMUSG00000017754,0.4031674719703285
ENSMUSG00000039849,0.6210454869760906
ENSMUSG00000039834,0.8784896934268982
ENSMUSG00000085436,0.7867682850987125
ENSMUSG00000017737,1.0
ENSMUSG00000017740,0.618323213103402
ENSMUSG00000039804,0.6509183093064341
ENSMUSG00000017652,1.0
ENSMUSG00000078935,1.0
ENSMUSG00000053166,0.735733136442051
ENSMUSG00000086630,1.0
ENSMUSG00000017664,0.7503365898274061
ENSMUSG00000017670,0.6003354298494941
ENSMUSG00000056824,1.0
ENSMUSG00000017667,0.8727231134223828
ENSMUSG00000027670,1.0
ENSMUSG00000018459,0.7596937295411396
ENSMUSG00000085358,1.0
ENSMUSG00000039725,0.815579499666782
ENSMUSG00000027661,0.9536933925136959
ENSMUSG00000017897,0.985607370292505
ENSMUSG00000100796,1.0
ENSMUSG00000039671,0.4831214432511946
ENSMUSG00000085274,1.0
ENSMUSG00000086820,1.0
ENSMUSG00000084816,1.0
ENSMUSG00000087351,1.0
ENSMUSG00000027678,0.5686497625878952
ENSMUSG00000006800,0.5914992781948147
ENSMUSG00000085618,
ENSMUSG00000085046,1.0
ENSMUSG00000084840,1.0
ENSMUSG00000087617,1.0
ENSMUSG00000085129,1.0
ENSMUSG00000039621,0.4872605056402507
ENSMUSG00000042854,0.9178068463768689
ENSMUSG00000074582,0.6261159524695786
ENSMUSG00000002718,0.6942191437320541
ENSMUSG00000090397,1.0
ENSMUSG00000039536,0.6458410944348342
ENSMUSG00000017999,0.7756046117080972
ENSMUSG00000039501,0.646370157008119
ENSMUSG00000074578,0.6165256736521891
ENSMUSG00000050556,0.7023803223944407
ENSMUSG00000085151,0.9999679884172002
ENSMUSG00000017969,1.0
ENSMUSG00000086098,1.0
ENSMUSG00000017929,0.7121063334089428
ENSMUSG00000039463,0.6897271841521725
ENSMUSG00000047030,0.733540379981439
ENSMUSG00000006418,0.6556596758646904
ENSMUSG00000042821,1.0
ENSMUSG00000085596,1.0
ENSMUSG00000078923,0.5890705034011042
ENSMUSG00000090213,0.5491634344630021
ENSMUSG00000085914,1.0
ENSMUSG00000056501,0.6161699847772709
ENSMUSG00000006462,1.0
ENSMUSG00000084797,1.0
ENSMUSG00000087624,1.0
ENSMUSG00000087684,1.0
ENSMUSG00000085411,1.0
ENSMUSG00000027540,0.5544097189930426
ENSMUSG00000074577,1.0
ENSMUSG00000086411,1.0
ENSMUSG00000044641,1.0
ENSMUSG00000085267,1.0
ENSMUSG00000087648,1.0
ENSMUSG00000051149,0.5667042276707114
ENSMUSG00000078919,0.5832481750562315
ENSMUSG00000074576,0.953797576667635
ENSMUSG00000074575,1.0
ENSMUSG00000086783,1.0
ENSMUSG00000027544,0.7202872031987492
ENSMUSG00000027546,0.5741195927396348
ENSMUSG00000027547,1.0
ENSMUSG00000085322,1.0
ENSMUSG00000027551,0.7245339809338883
ENSMUSG00000086348,1.0
ENSMUSG00000086658,1.0
ENSMUSG00000052368,1.0
ENSMUSG00000086238,1.0
ENSMUSG00000085369,1.0
ENSMUSG00000086840,1.0
ENSMUSG00000085350,1.0
ENSMUSG00000087074,1.0
ENSMUSG00000078912,1.0
ENSMUSG00000047907,0.5018000091967195
ENSMUSG00000052056,0.8156211848221305
ENSMUSG00000013523,0.44166603876701477
ENSMUSG00000086999,0.9051317876699202
ENSMUSG00000086970,1.0
ENSMUSG00000038567,1.0
ENSMUSG00000052033,0.7635549552852038
ENSMUSG00000085495,1.0
ENSMUSG00000085225,1.0
ENSMUSG00000043583,1.0
ENSMUSG00000085158,1.0
ENSMUSG00000027560,0.7719924070319382
ENSMUSG00000084829,1.0
ENSMUSG00000084818,
ENSMUSG00000086613,
ENSMUSG00000086823,1.0
ENSMUSG00000085426,1.0
ENSMUSG00000087100,1.0
ENSMUSG00000067578,0.9899513482040098
ENSMUSG00000087409,1.0
ENSMUSG00000038537,1.0
ENSMUSG00000085949,1.0
ENSMUSG00000085905,1.0
ENSMUSG00000027495,0.8209200509439896
ENSMUSG00000027496,1.0
ENSMUSG00000027498,0.8501458835271919
ENSMUSG00000074570,1.0
ENSMUSG00000087633,0.913693927955803
ENSMUSG00000027502,0.7017166580921806
ENSMUSG00000074569,0.8698389379019066
ENSMUSG00000027505,1.0
ENSMUSG00000028640,1.0
ENSMUSG00000008999,0.8642154299861294
ENSMUSG00000005883,1.0
ENSMUSG00000027509,0.7400987709760121
ENSMUSG00000027510,0.9369264328174322
ENSMUSG00000092596,1.0
ENSMUSG00000087442,1.0
ENSMUSG00000070495,1.0
ENSMUSG00000087382,1.0
ENSMUSG00000027513,1.0
ENSMUSG00000027514,1.0
ENSMUSG00000038400,0.4424908772088043
ENSMUSG00000087600,1.0
ENSMUSG00000086114,1.0
ENSMUSG00000027518,1.0
ENSMUSG00000027517,1.0
ENSMUSG00000027519,0.6059201560097626
ENSMUSG00000057047,1.0
ENSMUSG00000054455,0.5942841435326606
ENSMUSG00000027522,0.5128159659752511
ENSMUSG00000039263,0.7315751199070006
ENSMUSG00000074555,1.0
ENSMUSG00000086537,0.9985626870536922
ENSMUSG00000027523,0.3068039881069853
ENSMUSG00000090625,0.7876986274977639
ENSMUSG00000016253,0.8347356632701042
ENSMUSG00000016256,0.5467196652551741
ENSMUSG00000016255,1.0
ENSMUSG00000016252,0.40866408284699574
ENSMUSG00000016257,0.7374853981510335
ENSMUSG00000050600,0.9791042652239372
ENSMUSG00000027524,0.9175111372491307
ENSMUSG00000084795,1.0
ENSMUSG00000087215,1.0
ENSMUSG00000086177,1.0
ENSMUSG00000078906,1.0
ENSMUSG00000078905,1.0
ENSMUSG00000090093,0.875109372527444
ENSMUSG00000078902,0.9767656092804
ENSMUSG00000078903,1.0
ENSMUSG00000078901,1.0
ENSMUSG00000078899,0.9210811803277489
ENSMUSG00000078898,1.0
ENSMUSG00000078897,1.0
ENSMUSG00000078896,1.0
ENSMUSG00000094475,
ENSMUSG00000095545,1.0
ENSMUSG00000094932,1.0
ENSMUSG00000078889,1.0
ENSMUSG00000078887,0.8891097805174966
ENSMUSG00000089756,1.0
ENSMUSG00000078886,1.0
ENSMUSG00000078891,1.0
ENSMUSG00000095648,1.0
ENSMUSG00000078894,1.0
ENSMUSG00000078895,1.0
ENSMUSG00000089951,1.0
ENSMUSG00000078881,1.0
ENSMUSG00000095199,1.0
ENSMUSG00000078880,1.0
ENSMUSG00000078879,0.9609428510057023
ENSMUSG00000078878,0.8547955466724433
ENSMUSG00000078877,0.918657405879371
ENSMUSG00000078876,1.0
ENSMUSG00000074527,0.8037303142267729
ENSMUSG00000078875,0.9999762834288008
ENSMUSG00000078872,1.0
ENSMUSG00000078870,0.8815582451712697
ENSMUSG00000078869,1.0
ENSMUSG00000078868,1.0
ENSMUSG00000078867,0.9674426817730968
ENSMUSG00000078866,0.967597032989933
ENSMUSG00000094786,0.9723169744036836
ENSMUSG00000078865,1.0
ENSMUSG00000078864,1.0
ENSMUSG00000095362,0.7546893451544443
ENSMUSG00000074521,1.0
ENSMUSG00000074529,1.0
ENSMUSG00000078862,0.7873031959512612
ENSMUSG00000074519,0.9339771539104907
ENSMUSG00000078861,0.8008327174415633
ENSMUSG00000027525,0.4732150092777101
ENSMUSG00000060445,0.7154710033344197
ENSMUSG00000049999,0.8964769459230798
ENSMUSG00000070476,0.7868928286813252
ENSMUSG00000039155,1.0
ENSMUSG00000039138,1.0
ENSMUSG00000000305,0.668711509547876
ENSMUSG00000039117,0.7530250696012084
ENSMUSG00000085704,0.9351816474006005
ENSMUSG00000039108,0.7407615798241226
ENSMUSG00000027566,0.5720219865511466
ENSMUSG00000039086,0.8542780092698468
ENSMUSG00000039069,0.7164628891095466
ENSMUSG00000039059,0.9633560246814677
ENSMUSG00000090589,1.0
ENSMUSG00000039050,0.6716149775712037
ENSMUSG00000039041,0.7918190736530112
ENSMUSG00000015647,0.8577775373394307
ENSMUSG00000039001,0.27622095663330676
ENSMUSG00000038990,0.8633318701699967
ENSMUSG00000038980,1.0
ENSMUSG00000015627,
ENSMUSG00000056061,1.0
ENSMUSG00000084843,0.9607448997339352
ENSMUSG00000038963,1.0
ENSMUSG00000027568,1.0
ENSMUSG00000027569,0.7768571129890579
ENSMUSG00000049401,0.7726162268023159
ENSMUSG00000027570,0.832157917471272
ENSMUSG00000038932,1.0
ENSMUSG00000038914,0.5831469614565042
ENSMUSG00000027573,0.7508885056509923
ENSMUSG00000023393,1.0
ENSMUSG00000087550,1.0
ENSMUSG00000045493,1.0
ENSMUSG00000074507,1.0
ENSMUSG00000086166,1.0
ENSMUSG00000085428,1.0
ENSMUSG00000085728,1.0
ENSMUSG00000098051,0.8362252829004736
ENSMUSG00000038848,0.6879832144799467
ENSMUSG00000038840,1.0
ENSMUSG00000027574,0.6022411510687234
ENSMUSG00000087293,1.0
ENSMUSG00000027575,0.6942600898754409
ENSMUSG00000070461,1.0
ENSMUSG00000016356,0.9292015665904144
ENSMUSG00000027577,0.9791235858127404
ENSMUSG00000016346,0.7329281815819494
ENSMUSG00000016349,0.6135593325525089
ENSMUSG00000016344,0.6129567048986428
ENSMUSG00000038751,1.0
ENSMUSG00000027579,1.0
ENSMUSG00000047841,1.0
ENSMUSG00000027580,0.9329385643708458
ENSMUSG00000038705,0.6854017131182171
ENSMUSG00000027581,0.596467219021354
ENSMUSG00000038685,0.8849888909390913
ENSMUSG00000038671,0.7206534145732463
ENSMUSG00000027582,0.8171253671591803
ENSMUSG00000090077,1.0
ENSMUSG00000027583,0.6933429989379993
ENSMUSG00000055882,1.0
ENSMUSG00000000827,0.6141299010065915
ENSMUSG00000000826,0.5365408662738388
ENSMUSG00000089917,0.8112573591250029
ENSMUSG00000010492,1.0
ENSMUSG00000000823,0.7858627366606926
ENSMUSG00000002455,0.6405581639737764
ENSMUSG00000038605,0.9336597264795778
ENSMUSG00000108976,1.0
ENSMUSG00000046470,0.6503388616208513
ENSMUSG00000059540,0.9247082517491619
ENSMUSG00000002458,0.8399104490130459
ENSMUSG00000045794,1.0
ENSMUSG00000027584,0.9587362433516902
ENSMUSG00000010505,0.7828553045509378
ENSMUSG00000027589,0.5807518538996268
ENSMUSG00000038628,0.7605469503981331
ENSMUSG00000098505,1.0
ENSMUSG00000017688,1.0
ENSMUSG00000098659,1.0
ENSMUSG00000096922,1.0
ENSMUSG00000086224,0.9822554444069794
ENSMUSG00000025255,0.6476537177668711
ENSMUSG00000093557,1.0
ENSMUSG00000040374,0.6640833240488304
ENSMUSG00000103034,1.0
ENSMUSG00000102979,1.0
ENSMUSG00000069118,1.0
ENSMUSG00000027499,0.5651824989827945
ENSMUSG00000043542,0.6502812732914423
ENSMUSG00000040329,1.0
ENSMUSG00000097804,1.0
ENSMUSG00000100010,1.0
ENSMUSG00000027500,0.5245041918024479
ENSMUSG00000104102,1.0
ENSMUSG00000040289,0.7743407093917873
ENSMUSG00000103346,1.0
ENSMUSG00000040269,0.6726262439823126
ENSMUSG00000027506,0.5346145205727113
ENSMUSG00000103116,1.0
ENSMUSG00000069114,0.7947386220021619
ENSMUSG00000097365,1.0
ENSMUSG00000040209,0.5256190129340836
ENSMUSG00000027508,0.41977482021734563
ENSMUSG00000089794,0.7306782724249362
ENSMUSG00000027533,0.5083435360306938
ENSMUSG00000104000,1.0
ENSMUSG00000049230,1.0
ENSMUSG00000052468,1.0
ENSMUSG00000027528,1.0
ENSMUSG00000062515,1.0
ENSMUSG00000027530,1.0
ENSMUSG00000027531,0.6868129943499693
ENSMUSG00000058921,1.0
ENSMUSG00000039795,0.8116568963631063
ENSMUSG00000027536,1.0
ENSMUSG00000027534,0.7276059671267617
ENSMUSG00000104015,1.0
ENSMUSG00000102215,0.9747877653945676
ENSMUSG00000039717,0.3867507423564875
ENSMUSG00000039710,1.0
ENSMUSG00000027550,0.6907209777285716
ENSMUSG00000027552,0.7499321946974696
ENSMUSG00000078784,0.6139393074310969
ENSMUSG00000027555,1.0
ENSMUSG00000027556,1.0
ENSMUSG00000027559,1.0
ENSMUSG00000027562,0.34680143939366237
ENSMUSG00000098008,1.0
ENSMUSG00000103912,1.0
ENSMUSG00000078783,1.0
ENSMUSG00000095788,1.0
ENSMUSG00000095028,1.0
ENSMUSG00000102155,
ENSMUSG00000074677,1.0
ENSMUSG00000078780,1.0
ENSMUSG00000047213,0.5577595365434864
ENSMUSG00000104411,1.0
ENSMUSG00000100252,0.6458792561291912
ENSMUSG00000027564,1.0
ENSMUSG00000025128,0.8330897511537624
ENSMUSG00000039519,0.5817699599168744
ENSMUSG00000102886,1.0
ENSMUSG00000102699,1.0
ENSMUSG00000027599,0.615411237780618
ENSMUSG00000027601,0.8334210861832444
ENSMUSG00000069094,0.6392784596892107
ENSMUSG00000087108,0.9390777363486814
ENSMUSG00000027606,1.0
ENSMUSG00000082766,1.0
ENSMUSG00000060913,1.0
ENSMUSG00000104465,1.0
ENSMUSG00000049796,1.0
ENSMUSG00000003617,0.5503884672473714
ENSMUSG00000027615,0.6812599340644181
ENSMUSG00000002428,0.6576623513564821
ENSMUSG00000019528,0.746724011924064
ENSMUSG00000001865,1.0
ENSMUSG00000011463,1.0
ENSMUSG00000105208,1.0
ENSMUSG00000054988,1.0
ENSMUSG00000102636,1.0
ENSMUSG00000101897,1.0
ENSMUSG00000105440,1.0
ENSMUSG00000106321,1.0
ENSMUSG00000106019,0.9484025275241876
ENSMUSG00000027630,0.537587818887591
ENSMUSG00000102987,1.0
ENSMUSG00000103607,1.0
ENSMUSG00000102203,1.0
ENSMUSG00000102758,0.478912408320279
ENSMUSG00000063887,0.3223373433347466
ENSMUSG00000102397,1.0
ENSMUSG00000074664,1.0
ENSMUSG00000039335,1.0
ENSMUSG00000027699,1.0
ENSMUSG00000097584,1.0
ENSMUSG00000027698,0.7033369023980541
ENSMUSG00000039304,0.9380719750115506
ENSMUSG00000051136,1.0
ENSMUSG00000039286,0.5549515860888193
ENSMUSG00000043164,1.0
ENSMUSG00000027695,0.5020165647278391
ENSMUSG00000109716,1.0
ENSMUSG00000027692,0.401480553730268
ENSMUSG00000027690,1.0
ENSMUSG00000091329,0.9805844737310895
ENSMUSG00000050192,0.8544008708711079
ENSMUSG00000103827,1.0
ENSMUSG00000039221,0.4606065886477781
ENSMUSG00000104444,1.0
ENSMUSG00000104275,1.0
ENSMUSG00000074655,1.0
ENSMUSG00000063600,0.6221875129120171
ENSMUSG00000102574,1.0
ENSMUSG00000102590,1.0
ENSMUSG00000027684,0.4641069703038515
ENSMUSG00000085702,1.0
ENSMUSG00000102256,1.0
ENSMUSG00000037737,1.0
ENSMUSG00000037730,0.7416117488597317
ENSMUSG00000027702,1.0
ENSMUSG00000027703,1.0
ENSMUSG00000074653,1.0
ENSMUSG00000086189,1.0
ENSMUSG00000051860,1.0
ENSMUSG00000097786,1.0
ENSMUSG00000027706,0.411750336636275
ENSMUSG00000037661,0.8695098305388121
ENSMUSG00000037652,0.5661002024703335
ENSMUSG00000037643,0.7586135785533854
ENSMUSG00000027660,0.5339263838359469
ENSMUSG00000037625,0.3522589013145005
ENSMUSG00000069072,0.7175693632493971
ENSMUSG00000085953,1.0
ENSMUSG00000103998,1.0
ENSMUSG00000037610,0.8483554479046925
ENSMUSG00000027663,0.7291979358944071
ENSMUSG00000027665,0.5272883588838597
ENSMUSG00000091091,1.0
ENSMUSG00000027667,0.6919147693363021
ENSMUSG00000104231,1.0
ENSMUSG00000027668,0.5587110111174043
ENSMUSG00000027669,0.6487529042961643
ENSMUSG00000102862,1.0
ENSMUSG00000027671,0.7076298018048733
ENSMUSG00000037531,0.8190395590304519
ENSMUSG00000027673,0.5480601831257129
ENSMUSG00000056900,0.8356682219403092
ENSMUSG00000104283,0.8271374745952182
ENSMUSG00000027674,0.31888649444190265
ENSMUSG00000087625,0.8052177776289241
ENSMUSG00000104588,1.0
ENSMUSG00000027677,0.4598107695552828
ENSMUSG00000027676,0.8447968381454478
ENSMUSG00000105286,1.0
ENSMUSG00000105475,1.0
ENSMUSG00000105535,1.0
ENSMUSG00000027680,0.5446473971912335
ENSMUSG00000027679,0.5443206612371657
ENSMUSG00000105265,0.3469477478960369
ENSMUSG00000092196,0.7884900918488497
ENSMUSG00000105577,1.0
ENSMUSG00000092242,0.8824287887198846
ENSMUSG00000099437,1.0
ENSMUSG00000106525,1.0
ENSMUSG00000105222,1.0
ENSMUSG00000074637,0.5361666325324611
ENSMUSG00000105153,1.0
ENSMUSG00000106519,1.0
ENSMUSG00000114832,1.0
ENSMUSG00000105651,1.0
ENSMUSG00000105662,1.0
ENSMUSG00000037400,0.5973859575042962
ENSMUSG00000027708,0.6318421353764724
ENSMUSG00000085655,0.7795206840517034
ENSMUSG00000027709,0.7217048474609571
ENSMUSG00000086392,1.0
ENSMUSG00000047696,1.0
ENSMUSG00000027710,0.8407209945083299
ENSMUSG00000105055,
ENSMUSG00000033883,0.7951007248620189
ENSMUSG00000058400,1.0
ENSMUSG00000104568,1.0
ENSMUSG00000106140,1.0
ENSMUSG00000027712,0.6171418742544549
ENSMUSG00000027713,1.0
ENSMUSG00000085320,1.0
ENSMUSG00000085007,0.9976916313630575
ENSMUSG00000027714,0.8572432998062951
ENSMUSG00000027715,1.0
ENSMUSG00000037325,0.7632330204761628
ENSMUSG00000027716,0.6791325712872909
ENSMUSG00000037270,0.5133581708850984
ENSMUSG00000086090,1.0
ENSMUSG00000027719,1.0
ENSMUSG00000027720,1.0
ENSMUSG00000084754,1.0
ENSMUSG00000027718,1.0
ENSMUSG00000086517,1.0
ENSMUSG00000045031,0.9659312475133102
ENSMUSG00000051444,0.9662483008120835
ENSMUSG00000054779,1.0
ENSMUSG00000037225,0.8869942066058097
ENSMUSG00000050174,0.9069050340985552
ENSMUSG00000027722,0.6527097868930881
ENSMUSG00000085677,1.0
ENSMUSG00000037211,0.7456876981571418
ENSMUSG00000058174,0.9942692878972748
ENSMUSG00000106441,1.0
ENSMUSG00000106461,1.0
ENSMUSG00000105219,1.0
ENSMUSG00000106002,1.0
ENSMUSG00000106008,1.0
ENSMUSG00000105516,1.0
ENSMUSG00000044864,0.6670252466857737
ENSMUSG00000106168,1.0
ENSMUSG00000086181,1.0
ENSMUSG00000046743,0.7939894131840607
ENSMUSG00000105910,1.0
ENSMUSG00000037884,1.0
ENSMUSG00000060798,0.8354555620198479
ENSMUSG00000069041,1.0
ENSMUSG00000025757,0.5636732555615732
ENSMUSG00000025758,0.9341651265734985
ENSMUSG00000025759,0.7529393927983343
ENSMUSG00000037818,0.6148115112498319
ENSMUSG00000097583,0.721026852491594
ENSMUSG00000074619,1.0
ENSMUSG00000025762,0.692488481935408
ENSMUSG00000049940,0.652003274637881
ENSMUSG00000105258,1.0
ENSMUSG00000106000,1.0
ENSMUSG00000105297,1.0
ENSMUSG00000105260,1.0
ENSMUSG00000097639,1.0
ENSMUSG00000106223,1.0
ENSMUSG00000025764,0.6452844052968056
ENSMUSG00000103843,1.0
ENSMUSG00000059834,0.5890550022601104
ENSMUSG00000025766,0.6987502868662435
ENSMUSG00000097040,0.7763680568180306
ENSMUSG00000049100,0.530316788355371
ENSMUSG00000100799,1.0
ENSMUSG00000090919,1.0
ENSMUSG00000037910,1.0
ENSMUSG00000102181,1.0
ENSMUSG00000102263,1.0
ENSMUSG00000102679,1.0
ENSMUSG00000037892,0.8206941015182613
ENSMUSG00000027737,0.49589785637942124
ENSMUSG00000102892,1.0
ENSMUSG00000102715,1.0
ENSMUSG00000102067,1.0
ENSMUSG00000103464,1.0
ENSMUSG00000023087,0.7637090074017318
ENSMUSG00000037174,0.5268523023299867
ENSMUSG00000102544,1.0
ENSMUSG00000037161,1.0
ENSMUSG00000037152,0.5048360071934621
ENSMUSG00000063273,0.577669458727884
ENSMUSG00000027739,0.7150148014985467
ENSMUSG00000037111,0.5258064032997382
ENSMUSG00000097885,0.9072924845242124
ENSMUSG00000074604,1.0
ENSMUSG00000061143,0.41822725706103697
ENSMUSG00000102539,1.0
ENSMUSG00000104161,1.0
ENSMUSG00000103655,1.0
ENSMUSG00000103726,1.0
ENSMUSG00000104055,1.0
ENSMUSG00000103170,1.0
ENSMUSG00000044167,0.5505261894554274
ENSMUSG00000092405,1.0
ENSMUSG00000103965,1.0
ENSMUSG00000102785,1.0
ENSMUSG00000104109,1.0
ENSMUSG00000104401,1.0
ENSMUSG00000027742,0.7425825784516333
ENSMUSG00000104850,1.0
ENSMUSG00000048332,0.4288871059489639
ENSMUSG00000104968,1.0
ENSMUSG00000042997,0.774130419555
ENSMUSG00000085174,1.0
ENSMUSG00000049504,0.7038700426394547
ENSMUSG00000027744,1.0
ENSMUSG00000037016,0.7665691319227185
ENSMUSG00000105168,1.0
ENSMUSG00000106270,1.0
ENSMUSG00000078742,
ENSMUSG00000027746,0.6727771646562749
ENSMUSG00000106577,1.0
ENSMUSG00000027748,0.7935897577418015
ENSMUSG00000027750,1.0
ENSMUSG00000027751,0.6012648796526056
ENSMUSG00000094487,1.0
ENSMUSG00000027752,0.7790406843887521
ENSMUSG00000036632,0.7748982430082623
ENSMUSG00000027796,0.8946882747175916
ENSMUSG00000036615,0.7157784410804492
ENSMUSG00000056306,0.9978894192355717
ENSMUSG00000027793,1.0
ENSMUSG00000106589,1.0
ENSMUSG00000036580,0.5761138511747784
ENSMUSG00000048655,1.0
ENSMUSG00000027794,1.0
ENSMUSG00000027797,0.40012393931476464
ENSMUSG00000105975,1.0
ENSMUSG00000094962,1.0
ENSMUSG00000106334,1.0
ENSMUSG00000027799,0.40212114831383944
ENSMUSG00000056947,0.934585783754253
ENSMUSG00000104677,0.9505131715898218
ENSMUSG00000027800,0.5991948548968691
ENSMUSG00000027801,1.0
ENSMUSG00000027803,0.5336829058731339
ENSMUSG00000097339,0.9217395001091787
ENSMUSG00000036513,0.8010694470612437
ENSMUSG00000074591,0.6964339587476668
ENSMUSG00000036503,0.41530223969924596
ENSMUSG00000027805,0.54069633209211
ENSMUSG00000105003,1.0
ENSMUSG00000104586,1.0
ENSMUSG00000100666,1.0
ENSMUSG00000027806,0.5595363178221566
ENSMUSG00000027808,0.6215506255341017
ENSMUSG00000027810,0.6742215056877632
ENSMUSG00000075700,0.5070469297120231
ENSMUSG00000070471,0.9992942798955348
ENSMUSG00000036432,0.7800819492876299
ENSMUSG00000097725,0.8945515334381265
ENSMUSG00000101860,1.0
ENSMUSG00000043850,1.0
ENSMUSG00000105945,1.0
ENSMUSG00000056476,0.567600346629796
ENSMUSG00000050075,1.0
ENSMUSG00000036381,0.6136732272585214
ENSMUSG00000051431,1.0
ENSMUSG00000036362,0.6007688053526125
ENSMUSG00000036353,0.370023046668385
ENSMUSG00000036334,0.9873337952972416
ENSMUSG00000103668,1.0
ENSMUSG00000090527,1.0
ENSMUSG00000095522,1.0
ENSMUSG00000036951,1.0
ENSMUSG00000091376,1.0
ENSMUSG00000027761,1.0
ENSMUSG00000027762,1.0
ENSMUSG00000027763,0.3965846189517773
ENSMUSG00000103587,1.0
ENSMUSG00000102564,1.0
ENSMUSG00000027765,0.9213003677562752
ENSMUSG00000103473,1.0
ENSMUSG00000036894,0.7699121951602355
ENSMUSG00000053706,1.0
ENSMUSG00000103502,1.0
ENSMUSG00000036885,0.5466677798615157
ENSMUSG00000027770,0.5343544710201431
ENSMUSG00000043441,0.9684765371470884
ENSMUSG00000027820,0.9969383692316001
ENSMUSG00000104336,1.0
ENSMUSG00000103476,1.0
ENSMUSG00000036834,0.835946029783576
ENSMUSG00000048581,0.8828910006322255
ENSMUSG00000027822,0.6938741147885561
ENSMUSG00000097724,1.0
ENSMUSG00000027823,0.6491810876993476
ENSMUSG00000027824,1.0
ENSMUSG00000043897,1.0
ENSMUSG00000091572,1.0
ENSMUSG00000092049,1.0
ENSMUSG00000068999,1.0
ENSMUSG00000090581,1.0
ENSMUSG00000062200,1.0
ENSMUSG00000027827,0.5911925430971083
ENSMUSG00000104093,0.6401349130190547
ENSMUSG00000090120,1.0
ENSMUSG00000027828,0.5394812210219618
ENSMUSG00000034640,0.6285247044699017
ENSMUSG00000074579,0.7808970659325729
ENSMUSG00000103620,1.0
ENSMUSG00000027829,0.5286145054913152
ENSMUSG00000103041,1.0
ENSMUSG00000027831,1.0
ENSMUSG00000027832,1.0
ENSMUSG00000027833,0.982342265175312
ENSMUSG00000034544,0.518349758268488
ENSMUSG00000090408,1.0
ENSMUSG00000048416,1.0
ENSMUSG00000027774,0.8004775776617025
ENSMUSG00000047557,0.7650684939997981
ENSMUSG00000049404,1.0
ENSMUSG00000103718,1.0
ENSMUSG00000104382,1.0
ENSMUSG00000027775,0.7401817229781615
ENSMUSG00000027777,0.47817779604413824
ENSMUSG00000027776,1.0
ENSMUSG00000102677,1.0
ENSMUSG00000102936,1.0
ENSMUSG00000046999,1.0
ENSMUSG00000027778,0.7477375125238913
ENSMUSG00000034349,0.7516425683028679
ENSMUSG00000034317,0.5656532220597215
ENSMUSG00000027782,0.4944099371485729
ENSMUSG00000094763,1.0
ENSMUSG00000098207,1.0
ENSMUSG00000027784,0.529530064500299
ENSMUSG00000043300,0.8131468852335749
ENSMUSG00000027787,0.7706507694123577
ENSMUSG00000043461,0.9963557302931862
ENSMUSG00000027788,1.0
ENSMUSG00000027790,1.0
ENSMUSG00000048304,0.8815929230898981
ENSMUSG00000103428,0.7309605438511657
ENSMUSG00000102820,1.0
ENSMUSG00000102362,0.9797171950926048
ENSMUSG00000027792,0.8024634463590249
ENSMUSG00000104096,1.0
ENSMUSG00000034151,1.0
ENSMUSG00000034139,1.0
ENSMUSG00000104301,1.0
ENSMUSG00000027835,0.559691491549978
ENSMUSG00000027834,0.6278701028338242
ENSMUSG00000099370,1.0
ENSMUSG00000100962,1.0
ENSMUSG00000034109,0.5243591235773741
ENSMUSG00000104448,1.0
ENSMUSG00000034098,0.6731312594297574
ENSMUSG00000062232,0.42488585066421386
ENSMUSG00000104585,0.830932937971075
ENSMUSG00000102545,1.0
ENSMUSG00000091685,1.0
ENSMUSG00000061175,0.5889036251814852
ENSMUSG00000089746,1.0
ENSMUSG00000068957,1.0
ENSMUSG00000027804,0.6895211584882532
ENSMUSG00000027809,0.748632198264474
ENSMUSG00000027811,1.0
ENSMUSG00000034009,0.9999794560990708
ENSMUSG00000098204,1.0
ENSMUSG00000027956,0.683081477342699
ENSMUSG00000102191,1.0
ENSMUSG00000027955,0.9970845981066253
ENSMUSG00000103181,1.0
ENSMUSG00000103929,1.0
ENSMUSG00000102379,1.0
ENSMUSG00000033981,0.40231064934942945
ENSMUSG00000028020,0.5161507891583117
ENSMUSG00000105092,1.0
ENSMUSG00000106293,1.0
ENSMUSG00000028019,0.7514558238824266
ENSMUSG00000085106,1.0
ENSMUSG00000104732,1.0
ENSMUSG00000103695,1.0
ENSMUSG00000056023,1.0
ENSMUSG00000028015,0.6162405522591079
ENSMUSG00000028011,1.0
ENSMUSG00000028008,1.0
ENSMUSG00000028005,0.5896030708397235
ENSMUSG00000033910,0.6199167290484592
ENSMUSG00000033900,0.7855865232422938
ENSMUSG00000028004,1.0
ENSMUSG00000102629,1.0
ENSMUSG00000104898,1.0
ENSMUSG00000105034,1.0
ENSMUSG00000033882,1.0
ENSMUSG00000086273,1.0
ENSMUSG00000028003,1.0
ENSMUSG00000102595,1.0
ENSMUSG00000033860,1.0
ENSMUSG00000028001,1.0
ENSMUSG00000033831,1.0
ENSMUSG00000027998,0.8983087283669526
ENSMUSG00000074517,1.0
ENSMUSG00000102692,0.9563860135849261
ENSMUSG00000103459,1.0
ENSMUSG00000101334,1.0
ENSMUSG00000027996,1.0
ENSMUSG00000097250,1.0
ENSMUSG00000027995,0.9726092999045364
ENSMUSG00000033767,0.7316009391251492
ENSMUSG00000033752,1.0
ENSMUSG00000027993,0.402032359359057
ENSMUSG00000104043,1.0
ENSMUSG00000104004,1.0
ENSMUSG00000041842,0.908823342740327
ENSMUSG00000074513,0.80882181434168
ENSMUSG00000102805,0.5954567799787231
ENSMUSG00000047819,1.0
ENSMUSG00000056498,1.0
ENSMUSG00000028086,0.5800417245057357
ENSMUSG00000099995,1.0
ENSMUSG00000105012,1.0
ENSMUSG00000110441,1.0
ENSMUSG00000106422,1.0
ENSMUSG00000085527,1.0
ENSMUSG00000028085,0.8278975121982887
ENSMUSG00000051000,1.0
ENSMUSG00000031286,1.0
ENSMUSG00000028082,0.5208391181859539
ENSMUSG00000049013,1.0
ENSMUSG00000028081,0.27337244767642477
ENSMUSG00000103408,1.0
ENSMUSG00000028080,0.4845157513054502
ENSMUSG00000057777,1.0
ENSMUSG00000104108,0.8807799370175948
ENSMUSG00000028078,0.6311717025142621
ENSMUSG00000028076,1.0
ENSMUSG00000041734,0.7931254630423235
ENSMUSG00000102893,1.0
ENSMUSG00000015852,0.5224595907572117
ENSMUSG00000015854,1.0
ENSMUSG00000059994,1.0
ENSMUSG00000048031,1.0
ENSMUSG00000003382,0.7254223935364164
ENSMUSG00000118505,1.0
ENSMUSG00000041977,0.5624238127809255
ENSMUSG00000023084,1.0
ENSMUSG00000028073,0.7435581717047666
ENSMUSG00000028072,1.0
ENSMUSG00000005640,1.0
ENSMUSG00000028071,1.0
ENSMUSG00000004895,0.7785189061313242
ENSMUSG00000004897,0.5443717991091114
ENSMUSG00000019710,0.661113597005647
ENSMUSG00000004896,0.657243723299052
ENSMUSG00000048039,0.8372822959715368
ENSMUSG00000004885,1.0
ENSMUSG00000004891,0.6628715611853478
ENSMUSG00000004892,0.42172920108349365
ENSMUSG00000004894,0.6462323499024396
ENSMUSG00000028069,0.847906661471976
ENSMUSG00000028070,0.7142091838544781
ENSMUSG00000051036,1.0
ENSMUSG00000028068,1.0
ENSMUSG00000001419,0.5494001266651548
ENSMUSG00000096935,0.9211017495164739
ENSMUSG00000097280,0.9224217115997383
ENSMUSG00000097428,0.5972826499674473
ENSMUSG00000097156,0.34347553323828195
ENSMUSG00000104445,1.0
ENSMUSG00000010538,0.8147609684356475
ENSMUSG00000001416,0.656077505527222
ENSMUSG00000001418,0.7044647703847668
ENSMUSG00000001420,0.99673373169932
ENSMUSG00000001415,0.7036479356986948
ENSMUSG00000041423,0.7008294034670607
ENSMUSG00000074489,1.0
ENSMUSG00000074486,1.0
ENSMUSG00000074483,1.0
ENSMUSG00000028066,0.9888346938255168
ENSMUSG00000050144,0.6852260620800652
ENSMUSG00000028064,0.7102372031387523
ENSMUSG00000028063,0.7058731584505434
ENSMUSG00000103115,1.0
ENSMUSG00000074480,0.9741362992972447
ENSMUSG00000008601,1.0
ENSMUSG00000028062,0.5724061126525382
ENSMUSG00000008604,0.7649212539509761
ENSMUSG00000041355,0.701102570380661
ENSMUSG00000028059,0.5264456577295015
ENSMUSG00000093390,1.0
ENSMUSG00000049741,1.0
ENSMUSG00000105512,1.0
ENSMUSG00000028060,0.6032245898915718
ENSMUSG00000028057,0.6804273912566315
ENSMUSG00000091881,1.0
ENSMUSG00000068923,0.2929741252623203
ENSMUSG00000098912,0.5405932576405291
ENSMUSG00000054199,0.5786719424402135
ENSMUSG00000106218,0.7245184172003285
ENSMUSG00000068922,0.8636454567325378
ENSMUSG00000068921,0.7176829918114273
ENSMUSG00000028053,0.42307977515224765
ENSMUSG00000041263,0.8180261900780011
ENSMUSG00000059743,0.7470185569878138
ENSMUSG00000041237,1.0
ENSMUSG00000028051,0.9813255804021812
ENSMUSG00000068917,0.679423525170455
ENSMUSG00000028049,0.7479237112213849
ENSMUSG00000086718,1.0
ENSMUSG00000032657,0.8680617393752734
ENSMUSG00000028048,0.8676130407972861
ENSMUSG00000064068,0.7598006751593407
ENSMUSG00000028047,0.8407442092170878
ENSMUSG00000042784,1.0
ENSMUSG00000042766,0.8171174874530077
ENSMUSG00000042747,0.6051479710205601
ENSMUSG00000042737,0.6133941925243959
ENSMUSG00000027953,0.6707717791341388
ENSMUSG00000027954,0.8971760551817708
ENSMUSG00000028039,0.9820738366335754
ENSMUSG00000086389,1.0
ENSMUSG00000028040,1.0
ENSMUSG00000097004,1.0
ENSMUSG00000028041,0.6017598546542505
ENSMUSG00000042672,1.0
ENSMUSG00000109293,1.0
ENSMUSG00000028042,0.7816768222328935
ENSMUSG00000074466,0.776021647499418
ENSMUSG00000078173,1.0
ENSMUSG00000042642,0.8759944653950781
ENSMUSG00000028044,1.0
ENSMUSG00000042626,0.7817218782382452
ENSMUSG00000047824,0.8034196331721216
ENSMUSG00000042613,0.555071644537555
ENSMUSG00000027952,0.7327456616040584
ENSMUSG00000000794,0.6737690723919622
ENSMUSG00000027951,0.6333920145966274
ENSMUSG00000027950,0.936273638219269
ENSMUSG00000042579,0.9282319098456395
ENSMUSG00000042572,0.628177396330174
ENSMUSG00000046280,0.7984087743138549
ENSMUSG00000027947,0.5631734036557106
ENSMUSG00000105941,1.0
ENSMUSG00000060671,0.8239605308665188
ENSMUSG00000027944,0.7518023894766658
ENSMUSG00000105552,0.7784525115057574
ENSMUSG00000042520,0.534096217892223
ENSMUSG00000027942,0.6313485803191973
ENSMUSG00000090005,1.0
ENSMUSG00000118506,0.860068083410115
ENSMUSG00000027940,0.4732842965492957
ENSMUSG00000027939,0.90389582576478
ENSMUSG00000090733,0.31704728593583237
ENSMUSG00000027935,0.8609755346781265
ENSMUSG00000027937,0.6037243653426153
ENSMUSG00000027938,1.0
ENSMUSG00000052310,0.6575690557440274
ENSMUSG00000027936,0.773046618093365
ENSMUSG00000042404,0.7761551275282301
ENSMUSG00000105350,1.0
ENSMUSG00000042390,0.505816988611273
ENSMUSG00000027932,1.0
ENSMUSG00000027933,0.666707676441614
ENSMUSG00000027931,0.9851839446509082
ENSMUSG00000087411,1.0
ENSMUSG00000001016,0.6536038785756809
ENSMUSG00000001018,0.619973993403462
ENSMUSG00000001017,0.5840963449454666
ENSMUSG00000044080,0.5394584538625861
ENSMUSG00000042312,0.49799462951711765
ENSMUSG00000042306,1.0
ENSMUSG00000074457,0.4597038101166585
ENSMUSG00000094018,0.9968527042171385
ENSMUSG00000001021,1.0
ENSMUSG00000001020,1.0
ENSMUSG00000001023,1.0
ENSMUSG00000001025,0.716943643003286
ENSMUSG00000063767,1.0
ENSMUSG00000056054,1.0
ENSMUSG00000056071,1.0
ENSMUSG00000042250,1.0
ENSMUSG00000096621,1.0
ENSMUSG00000091175,1.0
ENSMUSG00000042244,1.0
ENSMUSG00000043165,1.0
ENSMUSG00000104981,1.0
ENSMUSG00000104791,1.0
ENSMUSG00000106143,1.0
ENSMUSG00000056270,1.0
ENSMUSG00000027927,
ENSMUSG00000105476,1.0
ENSMUSG00000078664,
ENSMUSG00000068893,1.0
ENSMUSG00000074445,1.0
ENSMUSG00000050092,1.0
ENSMUSG00000042212,1.0
ENSMUSG00000055030,1.0
ENSMUSG00000050635,1.0
ENSMUSG00000046259,1.0
ENSMUSG00000042157,1.0
ENSMUSG00000027925,
ENSMUSG00000042165,1.0
ENSMUSG00000054215,1.0
ENSMUSG00000048455,
ENSMUSG00000045539,1.0
ENSMUSG00000050359,1.0
ENSMUSG00000045566,
ENSMUSG00000102308,1.0
ENSMUSG00000049128,1.0
ENSMUSG00000074435,1.0
ENSMUSG00000103523,1.0
ENSMUSG00000086848,1.0
ENSMUSG00000057609,1.0
ENSMUSG00000027923,1.0
ENSMUSG00000068890,
ENSMUSG00000042092,1.0
ENSMUSG00000103243,
ENSMUSG00000068889,
ENSMUSG00000042124,1.0
ENSMUSG00000103084,
ENSMUSG00000027919,1.0
ENSMUSG00000049593,1.0
ENSMUSG00000068888,1.0
ENSMUSG00000068887,
ENSMUSG00000095870,1.0
ENSMUSG00000059832,
ENSMUSG00000102469,
ENSMUSG00000046676,1.0
ENSMUSG00000090314,
ENSMUSG00000054325,1.0
ENSMUSG00000042031,1.0
ENSMUSG00000045475,1.0
ENSMUSG00000043472,
ENSMUSG00000074433,
ENSMUSG00000068885,1.0
ENSMUSG00000027913,1.0
ENSMUSG00000027912,1.0
ENSMUSG00000096879,1.0
ENSMUSG00000078657,1.0
ENSMUSG00000049133,1.0
ENSMUSG00000102439,1.0
ENSMUSG00000102476,1.0
ENSMUSG00000041991,1.0
ENSMUSG00000041984,1.0
ENSMUSG00000052415,0.9995230602627654
ENSMUSG00000027908,1.0
ENSMUSG00000027907,0.7559733018593019
ENSMUSG00000041959,0.767458843797444
ENSMUSG00000103362,
ENSMUSG00000094084,1.0
ENSMUSG00000103350,
ENSMUSG00000068879,
ENSMUSG00000060256,
ENSMUSG00000058005,
ENSMUSG00000095822,1.0
ENSMUSG00000094163,
ENSMUSG00000094328,1.0
ENSMUSG00000095251,
ENSMUSG00000074424,1.0
ENSMUSG00000090268,1.0
ENSMUSG00000089696,1.0
ENSMUSG00000028145,0.6810269216320239
ENSMUSG00000028148,1.0
ENSMUSG00000105708,1.0
ENSMUSG00000091648,1.0
ENSMUSG00000104669,1.0
ENSMUSG00000028150,0.9618582096961569
ENSMUSG00000105391,1.0
ENSMUSG00000044505,1.0
ENSMUSG00000097515,1.0
ENSMUSG00000041912,0.7887751351174326
ENSMUSG00000106032,0.984250840356227
ENSMUSG00000028141,1.0
ENSMUSG00000028140,0.724786897106548
ENSMUSG00000028139,0.9147633410390893
ENSMUSG00000028137,0.7953316997252357
ENSMUSG00000028136,0.5766488270598829
ENSMUSG00000106061,1.0
ENSMUSG00000104631,0.9992596378768529
ENSMUSG00000105412,1.0
ENSMUSG00000005968,1.0
ENSMUSG00000085250,1.0
ENSMUSG00000068877,1.0
ENSMUSG00000068876,0.9988999401753139
ENSMUSG00000038902,0.6299342563215236
ENSMUSG00000005779,0.6466418982715163
ENSMUSG00000068874,0.8206076432337022
ENSMUSG00000005774,0.8878468562277185
ENSMUSG00000087660,1.0
ENSMUSG00000038861,0.6720837240418152
ENSMUSG00000084846,1.0
ENSMUSG00000086288,0.9996024178520996
ENSMUSG00000019338,0.7842142920771255
ENSMUSG00000085956,1.0
ENSMUSG00000005625,0.611722474895252
ENSMUSG00000028126,0.6059546112903212
ENSMUSG00000008958,0.6881312861515229
ENSMUSG00000005628,1.0
ENSMUSG00000092607,0.7938707908278007
ENSMUSG00000053769,0.8438224614311859
ENSMUSG00000013707,0.8288520878423876
ENSMUSG00000038777,0.9279759713818471
ENSMUSG00000038766,0.6190392742377429
ENSMUSG00000097167,0.9044715810346046
ENSMUSG00000053192,0.6727406047106581
ENSMUSG00000046722,0.6378276324589267
ENSMUSG00000068860,1.0
ENSMUSG00000028115,1.0
ENSMUSG00000015711,0.7779245273002463
ENSMUSG00000038712,0.5927461384486215
ENSMUSG00000015702,1.0
ENSMUSG00000093424,0.8673290116844847
ENSMUSG00000015714,0.5032418127675469
ENSMUSG00000015697,0.6516418665659474
ENSMUSG00000105734,1.0
ENSMUSG00000015522,0.5616675426692823
ENSMUSG00000028111,0.8225650398705305
ENSMUSG00000038642,0.4509665353118547
ENSMUSG00000028109,1.0
ENSMUSG00000046519,0.7089507242561875
ENSMUSG00000038619,0.601405572112886
ENSMUSG00000038612,0.49534144175864275
ENSMUSG00000015850,0.7433813983720642
ENSMUSG00000028108,0.9671796454993512
ENSMUSG00000028107,0.8177240748013854
ENSMUSG00000028106,0.5873022912495274
ENSMUSG00000015748,0.7654021517707773
ENSMUSG00000097189,0.9887210689096646
ENSMUSG00000054312,0.5435614488798056
ENSMUSG00000080727,0.7921053211063567
ENSMUSG00000038550,0.8939144161231493
ENSMUSG00000038543,0.675208204756297
ENSMUSG00000015750,0.580612617880258
ENSMUSG00000038526,0.6613587908499475
ENSMUSG00000015749,0.6377050027600798
ENSMUSG00000015745,0.5705964413963155
ENSMUSG00000015747,0.7254121711179872
ENSMUSG00000038495,0.4623294071780341
ENSMUSG00000045934,0.8799309429187376
ENSMUSG00000097204,1.0
ENSMUSG00000068856,0.7795793822674362
ENSMUSG00000038486,0.5177866704962029
ENSMUSG00000015943,0.7807104739066717
ENSMUSG00000086556,1.0
ENSMUSG00000063689,1.0
ENSMUSG00000068855,1.0
ENSMUSG00000068854,0.914131690725195
ENSMUSG00000081058,0.9274868196242398
ENSMUSG00000093577,1.0
ENSMUSG00000063954,1.0
ENSMUSG00000093553,1.0
ENSMUSG00000064220,1.0
ENSMUSG00000093769,0.8972834586091902
ENSMUSG00000093507,1.0
ENSMUSG00000091405,0.9448305630644704
ENSMUSG00000093656,1.0
ENSMUSG00000074403,1.0
ENSMUSG00000050936,1.0
ENSMUSG00000105827,1.0
ENSMUSG00000015947,0.7678466614146382
ENSMUSG00000097851,1.0
ENSMUSG00000097807,1.0
ENSMUSG00000097539,1.0
ENSMUSG00000097299,
ENSMUSG00000118406,1.0
ENSMUSG00000046317,1.0
ENSMUSG00000106429,1.0
ENSMUSG00000038403,1.0
ENSMUSG00000074398,1.0
ENSMUSG00000038393,0.5162874307518954
ENSMUSG00000087610,1.0
ENSMUSG00000028104,0.7202979153963224
ENSMUSG00000049097,0.9264571454468254
ENSMUSG00000049288,0.7228304334023726
ENSMUSG00000038374,0.6624833566031813
ENSMUSG00000028102,0.8005191659843962
ENSMUSG00000090210,0.9672759232549896
ENSMUSG00000038354,0.9707340969104077
ENSMUSG00000028101,0.790219007420468
ENSMUSG00000028100,1.0
ENSMUSG00000028099,0.7597979179757428
ENSMUSG00000028098,0.6106351395007681
ENSMUSG00000038304,1.0
ENSMUSG00000038298,1.0
ENSMUSG00000087223,
ENSMUSG00000028096,0.7313740549518278
ENSMUSG00000057123,1.0
ENSMUSG00000049908,1.0
ENSMUSG00000105385,1.0
ENSMUSG00000104766,1.0
ENSMUSG00000028093,0.8329243466407101
ENSMUSG00000038256,0.5900100740526463
ENSMUSG00000051392,1.0
ENSMUSG00000028089,0.7685317348012907
ENSMUSG00000028088,0.8193230393997113
ENSMUSG00000038205,0.7934359062738813
ENSMUSG00000090441,1.0
ENSMUSG00000038170,0.5269502928138706
ENSMUSG00000105245,1.0
ENSMUSG00000086557,1.0
ENSMUSG00000027879,0.702319271026535
ENSMUSG00000074388,1.0
ENSMUSG00000027878,0.5864801688320831
ENSMUSG00000043468,1.0
ENSMUSG00000027876,1.0
ENSMUSG00000027875,0.755711986932877
ENSMUSG00000105909,1.0
ENSMUSG00000053398,0.6365971957250616
ENSMUSG00000050064,0.741154114789761
ENSMUSG00000090817,1.0
ENSMUSG00000106107,1.0
ENSMUSG00000095143,1.0
ENSMUSG00000095388,1.0
ENSMUSG00000038092,1.0
ENSMUSG00000063730,1.0
ENSMUSG00000062410,1.0
ENSMUSG00000027869,1.0
ENSMUSG00000027871,1.0
ENSMUSG00000027870,1.0
ENSMUSG00000085121,1.0
ENSMUSG00000086833,1.0
ENSMUSG00000004233,0.6983792769188283
ENSMUSG00000105472,1.0
ENSMUSG00000106197,1.0
ENSMUSG00000027868,1.0
ENSMUSG00000105689,1.0
ENSMUSG00000027867,1.0
ENSMUSG00000085244,1.0
ENSMUSG00000033285,0.8321611967251537
ENSMUSG00000027865,0.7307456467434372
ENSMUSG00000086923,1.0
ENSMUSG00000106639,1.0
ENSMUSG00000044468,0.81709188113588
ENSMUSG00000053957,1.0
ENSMUSG00000104943,1.0
ENSMUSG00000008763,0.5099450297136514
ENSMUSG00000105824,1.0
ENSMUSG00000105137,1.0
ENSMUSG00000105561,0.9171252195263051
ENSMUSG00000106184,1.0
ENSMUSG00000106227,1.0
ENSMUSG00000051076,1.0
ENSMUSG00000033233,0.9867885769894907
ENSMUSG00000033222,1.0
ENSMUSG00000086564,1.0
ENSMUSG00000027864,0.8373020279577458
ENSMUSG00000105717,1.0
ENSMUSG00000027863,1.0
ENSMUSG00000042035,0.8414911261666208
ENSMUSG00000104639,1.0
ENSMUSG00000105611,1.0
ENSMUSG00000106137,1.0
ENSMUSG00000033161,0.4959482311262876
ENSMUSG00000104737,1.0
ENSMUSG00000104693,1.0
ENSMUSG00000106070,1.0
ENSMUSG00000105642,1.0
ENSMUSG00000044313,1.0
ENSMUSG00000033147,0.815486269707136
ENSMUSG00000048540,0.9946243182372666
ENSMUSG00000027861,1.0
ENSMUSG00000105342,1.0
ENSMUSG00000106296,1.0
ENSMUSG00000027860,0.7013550620761592
ENSMUSG00000089916,1.0
ENSMUSG00000105151,1.0
ENSMUSG00000105891,0.5765228736486037
ENSMUSG00000105966,0.9898089403384734
ENSMUSG00000027859,1.0
ENSMUSG00000106121,1.0
ENSMUSG00000104619,1.0
ENSMUSG00000105570,1.0
ENSMUSG00000086745,1.0
ENSMUSG00000027858,0.37182626481145387
ENSMUSG00000027857,1.0
ENSMUSG00000105855,1.0
ENSMUSG00000027855,1.0
ENSMUSG00000048938,1.0
ENSMUSG00000027854,0.6562754847401355
ENSMUSG00000068823,0.4528405801621309
ENSMUSG00000027852,0.5775866615956022
ENSMUSG00000104671,1.0
ENSMUSG00000070385,1.0
ENSMUSG00000105731,1.0
ENSMUSG00000007379,0.9835897393236677
ENSMUSG00000005687,0.6158163481153
ENSMUSG00000033014,0.5626113524176518
ENSMUSG00000104925,1.0
ENSMUSG00000027849,0.8064117111764967
ENSMUSG00000104764,1.0
ENSMUSG00000087119,1.0
ENSMUSG00000027848,0.5420156207548089
ENSMUSG00000078620,1.0
ENSMUSG00000008730,0.5315512304153976
ENSMUSG00000105229,1.0
ENSMUSG00000085754,0.8433330790742775
ENSMUSG00000104874,1.0
ENSMUSG00000027845,0.9039139056514454
ENSMUSG00000084997,1.0
ENSMUSG00000032952,0.9024184132379767
ENSMUSG00000044165,0.8078606376940384
ENSMUSG00000027843,0.8260281028945939
ENSMUSG00000084760,1.0
ENSMUSG00000105986,1.0
ENSMUSG00000044098,0.5702967873839605
ENSMUSG00000089998,1.0
ENSMUSG00000058388,0.6922301466230899
ENSMUSG00000052539,0.5435102254731707
ENSMUSG00000104721,1.0
ENSMUSG00000106371,1.0
ENSMUSG00000105148,1.0
ENSMUSG00000105083,1.0
ENSMUSG00000106443,0.9966339076469607
ENSMUSG00000104583,1.0
ENSMUSG00000105846,1.0
ENSMUSG00000106063,1.0
ENSMUSG00000106432,1.0
ENSMUSG00000105933,1.0
ENSMUSG00000105818,1.0
ENSMUSG00000022187,1.0
ENSMUSG00000032913,0.6512404536074776
ENSMUSG00000104768,1.0
ENSMUSG00000105304,0.8847228843324798
ENSMUSG00000104973,0.9585064264069996
ENSMUSG00000105659,0.9149430179755768
ENSMUSG00000032902,0.6212503441500397
ENSMUSG00000105199,1.0
ENSMUSG00000106287,1.0
ENSMUSG00000100188,1.0
ENSMUSG00000055865,1.0
ENSMUSG00000002228,1.0
ENSMUSG00000002233,0.6794920696387917
ENSMUSG00000002227,0.9240470864173402
ENSMUSG00000070372,0.5545205375103496
ENSMUSG00000106251,1.0
ENSMUSG00000105655,0.931025743857538
ENSMUSG00000045576,0.6385780844205137
ENSMUSG00000027840,1.0
ENSMUSG00000105925,1.0
ENSMUSG00000105355,1.0
ENSMUSG00000062127,0.4884561198621451
ENSMUSG00000051788,1.0
ENSMUSG00000074346,1.0
ENSMUSG00000040896,0.5923091647979823
ENSMUSG00000105753,0.9717673441786969
ENSMUSG00000027905,0.8555477342704186
ENSMUSG00000048458,0.7963811307603333
ENSMUSG00000106317,0.9307344354631358
ENSMUSG00000068798,0.4288025924847657
ENSMUSG00000105677,1.0
ENSMUSG00000105842,0.9999302085209769
ENSMUSG00000106341,1.0
ENSMUSG00000104910,0.997967612709949
ENSMUSG00000104835,1.0
ENSMUSG00000000562,1.0
ENSMUSG00000074344,1.0
ENSMUSG00000074342,0.8440701550327279
ENSMUSG00000000563,0.5083924836926638
ENSMUSG00000000561,0.8167014550650583
ENSMUSG00000074340,0.9690366925416425
ENSMUSG00000010136,1.0
ENSMUSG00000106093,0.998967295304064
ENSMUSG00000104592,1.0
ENSMUSG00000043873,1.0
ENSMUSG00000062778,1.0
ENSMUSG00000040809,1.0
ENSMUSG00000063779,1.0
ENSMUSG00000027902,1.0
ENSMUSG00000091575,1.0
ENSMUSG00000027901,1.0
ENSMUSG00000040774,0.6060701493937226
ENSMUSG00000027900,0.588558468974329
ENSMUSG00000056260,0.6610276757151544
ENSMUSG00000040747,0.5606322835135896
ENSMUSG00000043529,1.0
ENSMUSG00000105102,1.0
ENSMUSG00000098108,0.9908258406902845
ENSMUSG00000047959,1.0
ENSMUSG00000056145,0.8497433312768069
ENSMUSG00000050179,1.0
ENSMUSG00000040724,0.5680899857292545
ENSMUSG00000042861,1.0
ENSMUSG00000046213,1.0
ENSMUSG00000094613,1.0
ENSMUSG00000070368,1.0
ENSMUSG00000087260,0.5706442006209809
ENSMUSG00000027896,0.78458407204234
ENSMUSG00000048109,0.767977653760032
ENSMUSG00000027895,0.7708203246207744
ENSMUSG00000027894,0.6602762607723354
ENSMUSG00000055891,1.0
ENSMUSG00000014603,1.0
ENSMUSG00000014601,0.6827555482847617
ENSMUSG00000078604,1.0
ENSMUSG00000027893,0.4347066328605558
ENSMUSG00000014599,0.6491901034315177
ENSMUSG00000106426,1.0
ENSMUSG00000040600,1.0
ENSMUSG00000086968,0.5909159913060583
ENSMUSG00000004032,0.535143598166481
ENSMUSG00000004035,0.693511407612732
ENSMUSG00000068762,0.9941180015659611
ENSMUSG00000004038,1.0
ENSMUSG00000040562,1.0
ENSMUSG00000058135,0.4654120571056042
ENSMUSG00000087357,1.0
ENSMUSG00000027890,0.9999553142987889
ENSMUSG00000027889,0.7424192248149604
ENSMUSG00000056411,1.0
ENSMUSG00000009108,1.0
ENSMUSG00000000001,0.6426613012133997
ENSMUSG00000046793,0.9815217541386125
ENSMUSG00000085318,1.0
ENSMUSG00000050947,0.8453446290784563
ENSMUSG00000048796,0.8984945265513888
ENSMUSG00000048997,0.9249419245749642
ENSMUSG00000027887,0.986529472772056
ENSMUSG00000105961,1.0
ENSMUSG00000085102,0.9280306157991376
ENSMUSG00000068749,0.6682823001516358
ENSMUSG00000084863,1.0
ENSMUSG00000068747,0.4458295049334076
ENSMUSG00000078601,1.0
ENSMUSG00000068745,1.0
ENSMUSG00000074281,1.0
ENSMUSG00000068744,1.0
ENSMUSG00000068740,0.6882069859429505
ENSMUSG00000068739,0.6405569001020612
ENSMUSG00000040412,0.8838143298591762
ENSMUSG00000027886,1.0
ENSMUSG00000068732,0.7640918461278442
ENSMUSG00000048100,0.647184253500249
ENSMUSG00000040389,0.6626949928778598
ENSMUSG00000027884,0.6774720506521014
ENSMUSG00000027883,0.8190315654081411
ENSMUSG00000098800,1.0
ENSMUSG00000049565,1.0
ENSMUSG00000027882,0.5615766891607402
ENSMUSG00000045326,1.0
ENSMUSG00000027881,0.5765349084481614
ENSMUSG00000051638,1.0
ENSMUSG00000045662,1.0
ENSMUSG00000040339,0.5285460191883078
ENSMUSG00000106108,1.0
ENSMUSG00000105638,1.0
ENSMUSG00000027880,1.0
ENSMUSG00000105139,1.0
ENSMUSG00000040322,0.9737770966063978
ENSMUSG00000033721,0.6179567268387536
ENSMUSG00000059857,0.6576671037693632
ENSMUSG00000049300,0.8992246107037524
ENSMUSG00000105509,1.0
ENSMUSG00000104543,1.0
ENSMUSG00000074268,1.0
ENSMUSG00000096770,1.0
ENSMUSG00000093931,1.0
ENSMUSG00000096569,1.0
ENSMUSG00000070360,1.0
ENSMUSG00000074264,0.6587264915989678
ENSMUSG00000027981,0.6662194590749323
ENSMUSG00000027966,0.8324490821738493
ENSMUSG00000027965,0.4940451767554236
ENSMUSG00000045092,0.36487149321884216
ENSMUSG00000052769,0.9995316920110546
ENSMUSG00000054426,0.7174016189550704
ENSMUSG00000033554,0.7720821623146351
ENSMUSG00000054414,0.6932670304819372
ENSMUSG00000027963,0.7210654993937441
ENSMUSG00000027962,0.6651368851492673
ENSMUSG00000104653,1.0
ENSMUSG00000097362,1.0
ENSMUSG00000104607,1.0
ENSMUSG00000068696,0.8392050957114476
ENSMUSG00000033502,0.6608799362888856
ENSMUSG00000106005,1.0
ENSMUSG00000000339,0.7649838689477707
ENSMUSG00000000340,0.6824683759453491
ENSMUSG00000027961,0.9743679091320344
ENSMUSG00000033439,0.6604906152077494
ENSMUSG00000027959,0.7629992512807235
ENSMUSG00000106415,1.0
ENSMUSG00000089911,0.5971380689731569
ENSMUSG00000105339,1.0
ENSMUSG00000106125,1.0
ENSMUSG00000027957,0.671480419445631
ENSMUSG00000033400,0.5946388601141736
ENSMUSG00000033386,0.7402801569716262
ENSMUSG00000033377,0.516330044732307
ENSMUSG00000080907,1.0
ENSMUSG00000028009,1.0
ENSMUSG00000106342,1.0
ENSMUSG00000044667,0.670829653485617
ENSMUSG00000033342,0.7525257796131231
ENSMUSG00000028007,0.7945776304933059
ENSMUSG00000104703,1.0
ENSMUSG00000097311,0.7396824778423899
ENSMUSG00000104178,1.0
ENSMUSG00000033308,0.5557935679002617
ENSMUSG00000028134,0.5473042663433315
ENSMUSG00000106099,1.0
ENSMUSG00000098097,0.7659875950029154
ENSMUSG00000028133,0.9576823972200974
ENSMUSG00000028132,0.7010581940929539
ENSMUSG00000039887,0.7041258549572523
ENSMUSG00000053931,0.5547146567003477
ENSMUSG00000039865,1.0
ENSMUSG00000097124,1.0
ENSMUSG00000044522,1.0
ENSMUSG00000074248,1.0
ENSMUSG00000106036,1.0
ENSMUSG00000105767,1.0
ENSMUSG00000028128,0.4811971370685344
ENSMUSG00000028127,0.6037763335321022
ENSMUSG00000039831,0.4792127758536607
ENSMUSG00000028125,1.0
ENSMUSG00000028124,0.5973268378117577
ENSMUSG00000057359,0.8650209046550933
ENSMUSG00000039756,0.7431605904934794
ENSMUSG00000105057,1.0
ENSMUSG00000028121,0.6194255948664942
ENSMUSG00000104554,1.0
ENSMUSG00000104574,1.0
ENSMUSG00000039735,0.538859142768554
ENSMUSG00000106194,1.0
ENSMUSG00000106365,1.0
ENSMUSG00000053965,0.6491239489453222
ENSMUSG00000106583,1.0
ENSMUSG00000097852,1.0
ENSMUSG00000023057,1.0
ENSMUSG00000078590,
ENSMUSG00000054091,0.43238524487145624
ENSMUSG00000039701,0.5308801119016814
ENSMUSG00000028116,1.0
ENSMUSG00000050315,0.7654269313947001
ENSMUSG00000039234,0.7788309908584264
ENSMUSG00000028114,0.7986460719046306
ENSMUSG00000105784,1.0
ENSMUSG00000027978,1.0
ENSMUSG00000104960,0.594620784535941
ENSMUSG00000027977,0.5202142721443206
ENSMUSG00000104531,1.0
ENSMUSG00000044528,0.8919796811852856
ENSMUSG00000027973,1.0
ENSMUSG00000106413,
ENSMUSG00000039174,1.0
ENSMUSG00000106423,1.0
ENSMUSG00000027971,0.9016199671274538
ENSMUSG00000032854,0.4041551900005428
ENSMUSG00000106503,1.0
ENSMUSG00000046561,0.9900559383996107
ENSMUSG00000090427,1.0
ENSMUSG00000053819,0.43170148307722234
ENSMUSG00000086679,1.0
ENSMUSG00000032826,0.2895073564549866
ENSMUSG00000097456,1.0
ENSMUSG00000027968,0.7727732169864412
ENSMUSG00000051278,0.9375497248526425
ENSMUSG00000105104,1.0
ENSMUSG00000027967,1.0
ENSMUSG00000028028,0.6936691391183328
ENSMUSG00000046688,0.7306515710961591
ENSMUSG00000074238,0.6545400105810492
ENSMUSG00000105447,1.0
ENSMUSG00000105550,1.0
ENSMUSG00000050549,0.8073955451268032
ENSMUSG00000104763,1.0
ENSMUSG00000106437,1.0
ENSMUSG00000105816,1.0
ENSMUSG00000106245,1.0
ENSMUSG00000105527,1.0
ENSMUSG00000099640,1.0
ENSMUSG00000028023,1.0
ENSMUSG00000098515,1.0
ENSMUSG00000028024,0.9664709042784767
ENSMUSG00000105837,1.0
ENSMUSG00000041220,0.5702225144288028
ENSMUSG00000028017,0.9511765132389169
ENSMUSG00000106120,1.0
ENSMUSG00000105596,1.0
ENSMUSG00000105960,1.0
ENSMUSG00000093865,1.0
ENSMUSG00000028012,1.0
ENSMUSG00000028010,0.8495998087237743
ENSMUSG00000058952,1.0
ENSMUSG00000027999,0.7370686839265661
ENSMUSG00000027997,0.93555032433491
ENSMUSG00000027994,0.9984726193230807
ENSMUSG00000001052,0.5848938429676438
ENSMUSG00000058897,0.8329453320403223
ENSMUSG00000019232,0.5290521223302465
ENSMUSG00000041084,0.6299945313240878
ENSMUSG00000062006,0.3077282906093444
ENSMUSG00000105789,1.0
ENSMUSG00000105716,1.0
ENSMUSG00000106095,1.0
ENSMUSG00000104557,1.0
ENSMUSG00000105769,1.0
ENSMUSG00000106249,
ENSMUSG00000106086,1.0
ENSMUSG00000027985,0.4781349762942687
ENSMUSG00000027984,0.7206545218971874
ENSMUSG00000027983,0.8012987931385462
ENSMUSG00000097761,1.0
ENSMUSG00000050931,0.756020109805854
ENSMUSG00000028032,0.5735176660578625
ENSMUSG00000105331,1.0
ENSMUSG00000028031,1.0
ENSMUSG00000106280,1.0
ENSMUSG00000091721,1.0
ENSMUSG00000028029,0.6301752513885424
ENSMUSG00000028030,0.5848934875734195
ENSMUSG00000106230,1.0
ENSMUSG00000040998,0.9326613651139747
ENSMUSG00000028018,0.770650159830921
ENSMUSG00000028016,0.8620165355286016
ENSMUSG00000040969,1.0
ENSMUSG00000105957,1.0
ENSMUSG00000028013,0.7490515600029273
ENSMUSG00000040943,0.5975216093778604
ENSMUSG00000105085,1.0
ENSMUSG00000105952,1.0
ENSMUSG00000106069,1.0
ENSMUSG00000104645,1.0
ENSMUSG00000097911,0.7321371408967715
ENSMUSG00000104556,1.0
ENSMUSG00000106139,1.0
ENSMUSG00000044365,0.741417008985286
ENSMUSG00000105765,1.0
ENSMUSG00000097031,1.0
ENSMUSG00000028172,1.0
ENSMUSG00000045328,1.0
ENSMUSG00000028167,1.0
ENSMUSG00000037994,1.0
ENSMUSG00000050150,1.0
ENSMUSG00000028165,0.58183564999727
ENSMUSG00000097032,0.9993422947098138
ENSMUSG00000078578,0.47184434540822745
ENSMUSG00000028164,0.6970069579001456
ENSMUSG00000028163,0.4885534576901871
ENSMUSG00000053897,0.8030273792892215
ENSMUSG00000106306,1.0
ENSMUSG00000104710,1.0
ENSMUSG00000037922,0.6473945073733338
ENSMUSG00000099508,1.0
ENSMUSG00000028161,0.3397206100673742
ENSMUSG00000106398,1.0
ENSMUSG00000104617,1.0
ENSMUSG00000104610,1.0
ENSMUSG00000054690,0.5298434226683757
ENSMUSG00000055138,1.0
ENSMUSG00000046818,0.7181354383991584
ENSMUSG00000094856,1.0
ENSMUSG00000106122,1.0
ENSMUSG00000105427,1.0
ENSMUSG00000105676,1.0
ENSMUSG00000037894,0.4436547994215108
ENSMUSG00000074212,0.5400865696069468
ENSMUSG00000106629,1.0
ENSMUSG00000104675,1.0
ENSMUSG00000091512,0.647268172661962
ENSMUSG00000028159,0.621687710840969
ENSMUSG00000105296,1.0
ENSMUSG00000049349,1.0
ENSMUSG00000090066,1.0
ENSMUSG00000028158,0.7712083242068547
ENSMUSG00000104776,1.0
ENSMUSG00000004127,0.7696390515163298
ENSMUSG00000012042,1.0
ENSMUSG00000099146,1.0
ENSMUSG00000055301,1.0
ENSMUSG00000074207,1.0
ENSMUSG00000089635,1.0
ENSMUSG00000053054,1.0
ENSMUSG00000074206,1.0
ENSMUSG00000037797,1.0
ENSMUSG00000028138,0.7631210144099694
ENSMUSG00000005813,0.7429794345788242
ENSMUSG00000028156,0.6061380558585064
ENSMUSG00000105838,1.0
ENSMUSG00000028152,0.4101421288989678
ENSMUSG00000028149,0.41202735291001336
ENSMUSG00000047940,1.0
ENSMUSG00000106505,1.0
ENSMUSG00000105880,1.0
ENSMUSG00000105777,1.0
ENSMUSG00000104544,1.0
ENSMUSG00000106540,1.0
ENSMUSG00000047674,1.0
ENSMUSG00000089737,0.9999785928091405
ENSMUSG00000059921,0.41781464495718684
ENSMUSG00000089924,1.0
ENSMUSG00000052430,0.5265885700863847
ENSMUSG00000028273,0.5150906555649595
ENSMUSG00000105504,0.9034183146951844
ENSMUSG00000040253,0.6738348764061028
ENSMUSG00000028268,0.8824350179365881
ENSMUSG00000040264,1.0
ENSMUSG00000028270,1.0
ENSMUSG00000040213,0.8256386071636969
ENSMUSG00000086561,1.0
ENSMUSG00000028271,0.7655985126808845
ENSMUSG00000004591,0.4890473445724237
ENSMUSG00000106550,1.0
ENSMUSG00000097858,1.0
ENSMUSG00000105652,1.0
ENSMUSG00000106052,1.0
ENSMUSG00000105923,1.0
ENSMUSG00000106162,1.0
ENSMUSG00000105917,1.0
ENSMUSG00000106210,1.0
ENSMUSG00000105000,1.0
ENSMUSG00000104939,1.0
ENSMUSG00000105511,1.0
ENSMUSG00000106109,1.0
ENSMUSG00000105279,1.0
ENSMUSG00000105324,1.0
ENSMUSG00000106524,1.0
ENSMUSG00000105811,1.0
ENSMUSG00000104865,1.0
ENSMUSG00000106367,1.0
ENSMUSG00000028266,0.5683668421133821
ENSMUSG00000104969,0.9990495191087972
ENSMUSG00000105197,
ENSMUSG00000106266,1.0
ENSMUSG00000040151,0.5737395258240214
ENSMUSG00000104903,1.0
ENSMUSG00000106057,0.9961317467164252
ENSMUSG00000037072,0.42652030222787424
ENSMUSG00000037062,0.4057554941580933
ENSMUSG00000056025,1.0
ENSMUSG00000106424,1.0
ENSMUSG00000028262,1.0
ENSMUSG00000105900,1.0
ENSMUSG00000037033,1.0
ENSMUSG00000074195,1.0
ENSMUSG00000085773,1.0
ENSMUSG00000068547,1.0
ENSMUSG00000106361,1.0
ENSMUSG00000028255,1.0
ENSMUSG00000036960,1.0
ENSMUSG00000028256,0.75454836389125
ENSMUSG00000028197,1.0
ENSMUSG00000105619,1.0
ENSMUSG00000105959,1.0
ENSMUSG00000074182,0.8058296780661375
ENSMUSG00000028195,0.7346896920389946
ENSMUSG00000097183,0.9622719880302798
ENSMUSG00000028194,0.5538696378040658
ENSMUSG00000028191,0.6883235211265154
ENSMUSG00000036873,0.6649179707500144
ENSMUSG00000036863,0.9009083296249443
ENSMUSG00000105146,1.0
ENSMUSG00000043020,1.0
ENSMUSG00000036853,1.0
ENSMUSG00000011008,1.0
ENSMUSG00000036832,1.0
ENSMUSG00000105602,1.0
ENSMUSG00000036825,0.738641638287619
ENSMUSG00000028189,0.7919344250862959
ENSMUSG00000028188,0.7401595292206532
ENSMUSG00000068523,0.38089230409263874
ENSMUSG00000028187,0.8021807464423067
ENSMUSG00000028186,1.0
ENSMUSG00000028185,1.0
ENSMUSG00000085810,1.0
ENSMUSG00000090202,1.0
ENSMUSG00000048652,1.0
ENSMUSG00000005034,0.46735207022534014
ENSMUSG00000036745,0.4033077944437033
ENSMUSG00000103334,1.0
ENSMUSG00000106023,1.0
ENSMUSG00000102569,1.0
ENSMUSG00000103349,1.0
ENSMUSG00000106285,1.0
ENSMUSG00000028184,0.5700890984506841
ENSMUSG00000104786,1.0
ENSMUSG00000105876,1.0
ENSMUSG00000070342,1.0
ENSMUSG00000106515,0.9314806897314374
ENSMUSG00000105797,1.0
ENSMUSG00000104785,1.0
ENSMUSG00000105190,1.0
ENSMUSG00000105125,1.0
ENSMUSG00000106157,1.0
ENSMUSG00000105401,1.0
ENSMUSG00000039167,0.38306710689467705
ENSMUSG00000028037,1.0
ENSMUSG00000039146,1.0
ENSMUSG00000028036,1.0
ENSMUSG00000104909,1.0
ENSMUSG00000104659,1.0
ENSMUSG00000039131,0.9977348412927775
ENSMUSG00000105698,1.0
ENSMUSG00000028035,0.6385761246994142
ENSMUSG00000028034,0.5154741887043292
ENSMUSG00000039103,0.9005024223049863
ENSMUSG00000054942,0.6807800038577888
ENSMUSG00000025437,0.5853818088465811
ENSMUSG00000039068,0.5739608598841638
ENSMUSG00000039058,0.7652964413139961
ENSMUSG00000097745,1.0
ENSMUSG00000039047,0.6291065886467058
ENSMUSG00000039037,0.5666686025162302
ENSMUSG00000090017,1.0
ENSMUSG00000090163,1.0
ENSMUSG00000105337,0.9881796089094743
ENSMUSG00000052544,0.37995213090860946
ENSMUSG00000105023,1.0
ENSMUSG00000104908,1.0
ENSMUSG00000062046,1.0
ENSMUSG00000086438,1.0
ENSMUSG00000038997,1.0
ENSMUSG00000005493,1.0
ENSMUSG00000038975,0.7105908987847548
ENSMUSG00000105820,1.0
ENSMUSG00000062908,0.673536474458916
ENSMUSG00000028360,0.8174183005105606
ENSMUSG00000096225,1.0
ENSMUSG00000093738,1.0
ENSMUSG00000047583,0.9099971200959514
ENSMUSG00000028199,0.9088608219130669
ENSMUSG00000103204,1.0
ENSMUSG00000078161,0.9167509251502332
ENSMUSG00000092522,1.0
ENSMUSG00000040086,1.0
ENSMUSG00000053870,0.8240536799763766
ENSMUSG00000028182,0.9993607307551307
ENSMUSG00000104553,1.0
ENSMUSG00000104826,1.0
ENSMUSG00000085084,0.8064754285801695
ENSMUSG00000040037,0.3525443206483509
ENSMUSG00000086708,0.9464555459720169
ENSMUSG00000105834,1.0
ENSMUSG00000028180,0.543666935971205
ENSMUSG00000040016,0.9972941695969357
ENSMUSG00000106632,1.0
ENSMUSG00000028179,0.8154898874396486
ENSMUSG00000028177,1.0
ENSMUSG00000039988,0.5980175949522366
ENSMUSG00000055436,0.4675191294278597
ENSMUSG00000063052,0.8121202472771146
ENSMUSG00000104597,0.8011522887281847
ENSMUSG00000028176,0.5386103712807242
ENSMUSG00000106053,1.0
ENSMUSG00000028175,1.0
ENSMUSG00000028174,0.9950202636445845
ENSMUSG00000028173,0.498936822688971
ENSMUSG00000115072,
ENSMUSG00000115466,
ENSMUSG00000085180,1.0
ENSMUSG00000028232,0.7125147134582551
ENSMUSG00000028233,0.6138056103025208
ENSMUSG00000085394,1.0
ENSMUSG00000042228,0.4274067506821395
ENSMUSG00000028234,0.2896592053979038
ENSMUSG00000078365,1.0
ENSMUSG00000003282,0.9494195659524582
ENSMUSG00000042198,0.6826989188868442
ENSMUSG00000068240,0.7894225212641541
ENSMUSG00000028236,1.0
ENSMUSG00000071019,1.0
ENSMUSG00000045573,0.8764843489964801
ENSMUSG00000085996,1.0
ENSMUSG00000066324,0.5780186763867422
ENSMUSG00000087099,1.0
ENSMUSG00000086066,1.0
ENSMUSG00000049119,0.6832483838251499
ENSMUSG00000028243,0.7443059895051592
ENSMUSG00000028240,1.0
ENSMUSG00000085295,1.0
ENSMUSG00000028249,0.5507049924870685
ENSMUSG00000028245,0.6440563222252488
ENSMUSG00000041272,0.5481315427259645
ENSMUSG00000086052,1.0
ENSMUSG00000086070,1.0
ENSMUSG00000085630,1.0
ENSMUSG00000041261,0.8496079422513354
ENSMUSG00000047187,0.42922087804036746
ENSMUSG00000041235,0.4529861632659815
ENSMUSG00000041216,0.645927946893424
ENSMUSG00000086233,1.0
ENSMUSG00000087564,0.9421263970230473
ENSMUSG00000028207,0.5223642334543134
ENSMUSG00000085558,0.9738673895610452
ENSMUSG00000051279,1.0
ENSMUSG00000086080,1.0
ENSMUSG00000086455,1.0
ENSMUSG00000059482,0.7508002915334265
ENSMUSG00000049969,0.7401909631487671
ENSMUSG00000050323,0.8003136721702666
ENSMUSG00000086765,1.0
ENSMUSG00000028211,0.6635253370343048
ENSMUSG00000028212,0.9523100623685488
ENSMUSG00000040738,0.6919573467948752
ENSMUSG00000045205,0.5893383501454916
ENSMUSG00000040728,1.0
ENSMUSG00000040720,0.6307022786165838
ENSMUSG00000086625,1.0
ENSMUSG00000078773,0.9526376292503326
ENSMUSG00000094595,1.0
ENSMUSG00000086103,1.0
ENSMUSG00000028214,0.7358913911316706
ENSMUSG00000028217,1.0
ENSMUSG00000049225,0.7886471516756339
ENSMUSG00000085614,0.9112918796910856
ENSMUSG00000085027,1.0
ENSMUSG00000085467,1.0
ENSMUSG00000049488,0.8387982215857545
ENSMUSG00000052137,0.8353136067305964
ENSMUSG00000046667,0.8931984586546059
ENSMUSG00000028218,0.693166645581287
ENSMUSG00000085909,1.0
ENSMUSG00000055963,0.8916528489505592
ENSMUSG00000086227,1.0
ENSMUSG00000006586,0.5827822221079765
ENSMUSG00000086927,1.0
ENSMUSG00000086068,1.0
ENSMUSG00000040569,1.0
ENSMUSG00000023151,1.0
ENSMUSG00000040550,0.6938750928862997
ENSMUSG00000028221,0.6273089957245668
ENSMUSG00000086587,0.9784594144210007
ENSMUSG00000040536,0.767943519846658
ENSMUSG00000087241,1.0
ENSMUSG00000043252,0.732550164981106
ENSMUSG00000028222,0.8698152734944363
ENSMUSG00000028223,0.800196252375517
ENSMUSG00000028224,0.8064614211326432
ENSMUSG00000041153,0.8068127476139065
ENSMUSG00000041135,0.7549047889287359
ENSMUSG00000085112,0.8640724120851311
ENSMUSG00000086072,1.0
ENSMUSG00000085478,1.0
ENSMUSG00000028226,0.5938842034896149
ENSMUSG00000087402,0.9978912650246428
ENSMUSG00000073991,1.0
ENSMUSG00000056494,1.0
ENSMUSG00000028228,0.634842848206167
ENSMUSG00000028229,0.5452058188884826
ENSMUSG00000078772,0.6428856073747959
ENSMUSG00000041058,0.5582957036719468
ENSMUSG00000086071,1.0
ENSMUSG00000041052,1.0
ENSMUSG00000028238,1.0
ENSMUSG00000086332,1.0
ENSMUSG00000073988,0.8507038223950782
ENSMUSG00000073987,0.7308453275024294
ENSMUSG00000055761,0.7478651867738848
ENSMUSG00000086017,1.0
ENSMUSG00000040478,1.0
ENSMUSG00000028252,0.6870472560939112
ENSMUSG00000028251,0.8883156880197823
ENSMUSG00000040455,0.6391881193640834
ENSMUSG00000028248,0.40316134846815155
ENSMUSG00000028247,0.7186877784006215
ENSMUSG00000028246,0.8419730736441734
ENSMUSG00000040410,0.7330858062177148
ENSMUSG00000095139,0.6519941798663336
ENSMUSG00000107859,1.0
ENSMUSG00000028244,1.0
ENSMUSG00000087098,1.0
ENSMUSG00000100395,1.0
ENSMUSG00000099150,1.0
ENSMUSG00000045751,0.9681306839080154
ENSMUSG00000040387,0.642897804209976
ENSMUSG00000087399,1.0
ENSMUSG00000028261,0.6301017215610609
ENSMUSG00000046219,1.0
ENSMUSG00000040372,1.0
ENSMUSG00000085885,0.8723894151065952
ENSMUSG00000028259,1.0
ENSMUSG00000040359,0.6250296017952398
ENSMUSG00000055373,0.45869610099914343
ENSMUSG00000040520,0.6736315497033497
ENSMUSG00000086257,1.0
ENSMUSG00000028289,0.7410803325939571
ENSMUSG00000086774,1.0
ENSMUSG00000087316,1.0
ENSMUSG00000086339,1.0
ENSMUSG00000087180,1.0
ENSMUSG00000085522,1.0
ENSMUSG00000028284,0.6300311600308912
ENSMUSG00000040270,0.45878597344072397
ENSMUSG00000087049,1.0
ENSMUSG00000086150,1.0
ENSMUSG00000051056,1.0
ENSMUSG00000028282,0.6770041708786312
ENSMUSG00000058006,0.6636407894121047
ENSMUSG00000045854,0.7687126321516327
ENSMUSG00000040183,0.6892099478681665
ENSMUSG00000028278,0.7626638988834369
ENSMUSG00000085037,0.8192206831637352
ENSMUSG00000028277,0.6312955843948058
ENSMUSG00000023267,0.8728806244531429
ENSMUSG00000028280,1.0
ENSMUSG00000054659,1.0
ENSMUSG00000054679,0.9209062158339225
ENSMUSG00000040128,0.5147476684803277
ENSMUSG00000086127,1.0
ENSMUSG00000028274,0.5922536899962966
ENSMUSG00000044288,0.6461941321730446
ENSMUSG00000028264,1.0
ENSMUSG00000087602,1.0
ENSMUSG00000028291,0.5872897838034913
ENSMUSG00000040044,0.6556005497802858
ENSMUSG00000028292,0.677186298849574
ENSMUSG00000028293,0.7611179471639019
ENSMUSG00000028294,1.0
ENSMUSG00000071015,1.0
ENSMUSG00000028295,0.7285732820019885
ENSMUSG00000039967,0.5033143089030748
ENSMUSG00000028298,1.0
ENSMUSG00000085824,1.0
ENSMUSG00000073910,0.5824771145133638
ENSMUSG00000086792,1.0
ENSMUSG00000042993,1.0
ENSMUSG00000028300,0.6789521344202788
ENSMUSG00000084828,1.0
ENSMUSG00000045083,0.5693195089527765
ENSMUSG00000084898,1.0
ENSMUSG00000086026,1.0
ENSMUSG00000085632,1.0
ENSMUSG00000090839,1.0
ENSMUSG00000028287,1.0
ENSMUSG00000028405,0.722321582127655
ENSMUSG00000040296,0.7601566986731999
ENSMUSG00000036822,0.710649866542786
ENSMUSG00000028407,0.738977759718153
ENSMUSG00000071014,0.6905669942719806
ENSMUSG00000087137,1.0
ENSMUSG00000046593,1.0
ENSMUSG00000086355,1.0
ENSMUSG00000028411,0.8273220581658949
ENSMUSG00000028410,0.47269965504104805
ENSMUSG00000028409,0.7444361082776952
ENSMUSG00000028413,0.563188699622009
ENSMUSG00000028415,1.0
ENSMUSG00000028416,0.571415259819146
ENSMUSG00000028419,0.5952940125102533
ENSMUSG00000028423,0.5972785178405807
ENSMUSG00000028427,1.0
ENSMUSG00000028435,1.0
ENSMUSG00000028430,0.8128127842092191
ENSMUSG00000036241,0.5258647222153585
ENSMUSG00000028433,0.6518952929213638
ENSMUSG00000028436,0.6540820954126126
ENSMUSG00000028437,0.6864187375603066
ENSMUSG00000028438,0.8996734724499056
ENSMUSG00000028443,0.8088090249890385
ENSMUSG00000046312,0.6364188887782561
ENSMUSG00000028441,0.9278677183641315
ENSMUSG00000036162,1.0
ENSMUSG00000028439,0.5541731617913651
ENSMUSG00000087623,1.0
ENSMUSG00000061322,0.9337511403808694
ENSMUSG00000028445,0.5087045282435136
ENSMUSG00000084761,1.0
ENSMUSG00000087054,1.0
ENSMUSG00000028444,0.540115078305432
ENSMUSG00000073889,0.7107253999469177
ENSMUSG00000036114,0.7482459881328309
ENSMUSG00000028447,0.6582022953312705
ENSMUSG00000066224,1.0
ENSMUSG00000036078,0.7364564272309906
ENSMUSG00000036073,0.8509363892685852
ENSMUSG00000073888,0.7990732618884814
ENSMUSG00000085730,1.0
ENSMUSG00000094065,1.0
ENSMUSG00000078747,1.0
ENSMUSG00000078746,
ENSMUSG00000095348,1.0
ENSMUSG00000094293,
ENSMUSG00000073878,1.0
ENSMUSG00000087577,1.0
ENSMUSG00000073877,1.0
ENSMUSG00000073876,1.0
ENSMUSG00000091542,0.7762521883611443
ENSMUSG00000095675,
ENSMUSG00000096327,
ENSMUSG00000094695,
ENSMUSG00000093996,1.0
ENSMUSG00000095234,1.0
ENSMUSG00000094066,
ENSMUSG00000096596,
ENSMUSG00000096826,1.0
ENSMUSG00000078735,1.0
ENSMUSG00000054885,1.0
ENSMUSG00000085910,1.0
ENSMUSG00000071005,1.0
ENSMUSG00000094686,1.0
ENSMUSG00000078722,1.0
ENSMUSG00000078721,1.0
ENSMUSG00000050141,1.0
ENSMUSG00000036062,0.7820515877373199
ENSMUSG00000036052,0.8032212088726318
ENSMUSG00000028451,1.0
ENSMUSG00000028452,0.5079874528867186
ENSMUSG00000028453,0.9725221403370662
ENSMUSG00000028454,0.9035951744927537
ENSMUSG00000028455,0.7284456361186925
ENSMUSG00000036002,0.7142888907139631
ENSMUSG00000096974,0.8515946713827615
ENSMUSG00000028456,0.6683801776272342
ENSMUSG00000028457,1.0
ENSMUSG00000035969,0.656815325876817
ENSMUSG00000042788,1.0
ENSMUSG00000028458,0.7509110969746865
ENSMUSG00000028459,1.0
ENSMUSG00000028460,1.0
ENSMUSG00000115420,0.9999980181757514
ENSMUSG00000028461,0.7362767412975489
ENSMUSG00000051517,1.0
ENSMUSG00000087142,1.0
ENSMUSG00000028463,1.0
ENSMUSG00000028464,0.9926229105793826
ENSMUSG00000028465,0.5468940293082676
ENSMUSG00000028466,0.8281585888331258
ENSMUSG00000028467,0.8411129228174464
ENSMUSG00000028468,0.8354430961096083
ENSMUSG00000078719,1.0
ENSMUSG00000085351,1.0
ENSMUSG00000086043,1.0
ENSMUSG00000028469,0.8365062730994378
ENSMUSG00000066196,1.0
ENSMUSG00000028470,0.7646878818337349
ENSMUSG00000043633,1.0
ENSMUSG00000078716,0.8110739078834426
ENSMUSG00000050215,1.0
ENSMUSG00000046450,1.0
ENSMUSG00000071001,1.0
ENSMUSG00000028475,0.993654773242434
ENSMUSG00000044801,
ENSMUSG00000110970,1.0
ENSMUSG00000111611,1.0
ENSMUSG00000071000,1.0
ENSMUSG00000028476,0.6547390888584386
ENSMUSG00000028480,0.8903833837479341
ENSMUSG00000070999,1.0
ENSMUSG00000028478,0.4540243241737201
ENSMUSG00000028479,0.7946625118272699
ENSMUSG00000087326,1.0
ENSMUSG00000035696,0.5971584698081689
ENSMUSG00000035683,1.0
ENSMUSG00000014030,1.0
ENSMUSG00000086211,1.0
ENSMUSG00000035649,0.45153050201838707
ENSMUSG00000084854,1.0
ENSMUSG00000086000,1.0
ENSMUSG00000086205,1.0
ENSMUSG00000035637,0.8023703198577405
ENSMUSG00000049657,0.7959728305014405
ENSMUSG00000070997,1.0
ENSMUSG00000028318,1.0
ENSMUSG00000048232,0.7350109517327197
ENSMUSG00000078713,0.6282032698080671
ENSMUSG00000035615,0.6205937143286948
ENSMUSG00000086284,1.0
ENSMUSG00000035601,0.802556740387668
ENSMUSG00000028322,0.802171145775847
ENSMUSG00000035572,0.6569560564329421
ENSMUSG00000045973,0.603342480625183
ENSMUSG00000044813,0.7510207404876342
ENSMUSG00000085980,1.0
ENSMUSG00000073860,1.0
ENSMUSG00000085305,
ENSMUSG00000085876,1.0
ENSMUSG00000035561,1.0
ENSMUSG00000035551,0.999935961921251
ENSMUSG00000028327,1.0
ENSMUSG00000035539,1.0
ENSMUSG00000035517,0.7084202241150536
ENSMUSG00000028328,0.567495401139299
ENSMUSG00000035495,0.7431579010160125
ENSMUSG00000028330,0.7301833305188303
ENSMUSG00000028329,0.6571921140031317
ENSMUSG00000087383,1.0
ENSMUSG00000070990,1.0
ENSMUSG00000028331,0.9560081812677753
ENSMUSG00000028332,1.0
ENSMUSG00000028333,0.5730983237655086
ENSMUSG00000028334,0.9401886164176768
ENSMUSG00000039853,0.8135409115059214
ENSMUSG00000085990,1.0
ENSMUSG00000028337,0.7544395056615583
ENSMUSG00000039813,0.9512249066006222
ENSMUSG00000039809,0.4921632535589945
ENSMUSG00000048824,1.0
ENSMUSG00000066191,0.8569564308202068
ENSMUSG00000039774,0.977063579275311
ENSMUSG00000087500,1.0
ENSMUSG00000028339,0.8261050260732364
ENSMUSG00000007613,0.385429073935433
ENSMUSG00000039740,0.7113414597723673
ENSMUSG00000053317,0.5548321265229801
ENSMUSG00000085660,1.0
ENSMUSG00000028341,0.8674228535207988
ENSMUSG00000061455,0.7208895080176602
ENSMUSG00000028343,0.659756486203392
ENSMUSG00000028344,0.6337836679078289
ENSMUSG00000028345,0.7644606370569584
ENSMUSG00000039693,0.8132347382470859
ENSMUSG00000028347,0.4710299674992179
ENSMUSG00000028348,0.8871047123814196
ENSMUSG00000084787,1.0
ENSMUSG00000063446,0.7706682688996472
ENSMUSG00000060317,1.0
ENSMUSG00000070985,1.0
ENSMUSG00000039653,1.0
ENSMUSG00000044018,0.7882988343822226
ENSMUSG00000039634,0.9311615930633937
ENSMUSG00000028307,1.0
ENSMUSG00000039611,0.6966421999131603
ENSMUSG00000028309,0.611322476463217
ENSMUSG00000039579,0.5941571701743155
ENSMUSG00000028310,1.0
ENSMUSG00000039555,1.0
ENSMUSG00000085515,1.0
ENSMUSG00000085763,1.0
ENSMUSG00000028312,0.8160249196768743
ENSMUSG00000028314,1.0
ENSMUSG00000089717,1.0
ENSMUSG00000049648,1.0
ENSMUSG00000051593,1.0
ENSMUSG00000070983,1.0
ENSMUSG00000015242,1.0
ENSMUSG00000015247,0.841879986122797
ENSMUSG00000015243,0.4806664184436881
ENSMUSG00000087192,1.0
ENSMUSG00000086947,1.0
ENSMUSG00000086712,1.0
ENSMUSG00000086267,1.0
ENSMUSG00000028412,0.45496861002541933
ENSMUSG00000084970,1.0
ENSMUSG00000054752,0.6956105186622575
ENSMUSG00000028414,0.5875958183608135
ENSMUSG00000028417,1.0
ENSMUSG00000028420,0.7846600484891287
ENSMUSG00000086987,1.0
ENSMUSG00000099421,1.0
ENSMUSG00000086371,1.0
ENSMUSG00000087077,1.0
ENSMUSG00000060206,0.5496473953431532
ENSMUSG00000087614,1.0
ENSMUSG00000028426,0.5999451430938563
ENSMUSG00000087070,1.0
ENSMUSG00000086346,1.0
ENSMUSG00000003032,0.48370269136367655
ENSMUSG00000066176,1.0
ENSMUSG00000085375,1.0
ENSMUSG00000085643,1.0
ENSMUSG00000085020,1.0
ENSMUSG00000070980,1.0
ENSMUSG00000096930,1.0
ENSMUSG00000070979,1.0
ENSMUSG00000028431,0.7299759939981898
ENSMUSG00000038827,0.9049817570286778
ENSMUSG00000038816,0.6911380037963968
ENSMUSG00000055296,0.5260224242670632
ENSMUSG00000045589,0.6128608958944292
ENSMUSG00000028434,0.6459684393203852
ENSMUSG00000085967,1.0
ENSMUSG00000038764,0.814988432357532
ENSMUSG00000085654,1.0
ENSMUSG00000087044,1.0
ENSMUSG00000090053,0.4637873627866474
ENSMUSG00000038729,0.40523399485919587
ENSMUSG00000073846,1.0
ENSMUSG00000052117,1.0
ENSMUSG00000028367,0.5694574751761594
ENSMUSG00000038709,1.0
ENSMUSG00000028369,0.7626222947674625
ENSMUSG00000057280,1.0
ENSMUSG00000038668,0.5153296887986601
ENSMUSG00000086470,1.0
ENSMUSG00000043385,1.0
ENSMUSG00000050812,0.5287151715535778
ENSMUSG00000038630,0.9276791079580972
ENSMUSG00000028378,1.0
ENSMUSG00000070972,0.8046181358239252
ENSMUSG00000038607,0.5529631063727508
ENSMUSG00000038598,1.0
ENSMUSG00000086660,
ENSMUSG00000028381,0.7010385486284333
ENSMUSG00000086952,1.0
ENSMUSG00000038578,0.9596546913951962
ENSMUSG00000028382,0.49660123134363005
ENSMUSG00000028383,0.6931535493330105
ENSMUSG00000045071,0.5161842351691553
ENSMUSG00000038544,0.819948422021575
ENSMUSG00000028385,0.5588941193601922
ENSMUSG00000073843,1.0
ENSMUSG00000028386,1.0
ENSMUSG00000041333,1.0
ENSMUSG00000078689,1.0
ENSMUSG00000073842,
ENSMUSG00000078688,1.0
ENSMUSG00000078687,
ENSMUSG00000078686,1.0
ENSMUSG00000078683,1.0
ENSMUSG00000086253,1.0
ENSMUSG00000078680,1.0
ENSMUSG00000073834,1.0
ENSMUSG00000094793,1.0
ENSMUSG00000110439,
ENSMUSG00000089873,
ENSMUSG00000073830,
ENSMUSG00000096674,
ENSMUSG00000078675,1.0
ENSMUSG00000096688,1.0
ENSMUSG00000078674,1.0
ENSMUSG00000078673,
ENSMUSG00000081207,1.0
ENSMUSG00000058523,1.0
ENSMUSG00000078672,1.0
ENSMUSG00000066154,1.0
ENSMUSG00000085404,1.0
ENSMUSG00000086530,1.0
ENSMUSG00000066153,1.0
ENSMUSG00000028389,0.7714484244987189
ENSMUSG00000066152,0.7469452449650279
ENSMUSG00000066151,0.5973961928039107
ENSMUSG00000066150,0.667640148616322
ENSMUSG00000066149,0.6144602151651017
ENSMUSG00000066148,0.7471100205161505
ENSMUSG00000063851,1.0
ENSMUSG00000028391,0.9993151717133678
ENSMUSG00000028392,1.0
ENSMUSG00000038422,1.0
ENSMUSG00000028393,0.8991154539506301
ENSMUSG00000028394,0.8305629432546752
ENSMUSG00000058046,1.0
ENSMUSG00000059810,0.561075172112689
ENSMUSG00000085177,1.0
ENSMUSG00000085223,0.995409005810379
ENSMUSG00000086139,1.0
ENSMUSG00000028358,0.9222145848912511
ENSMUSG00000028356,1.0
ENSMUSG00000028357,1.0
ENSMUSG00000045672,0.5795496317585637
ENSMUSG00000039196,1.0
ENSMUSG00000028359,1.0
ENSMUSG00000061540,1.0
ENSMUSG00000039158,0.817932313775084
ENSMUSG00000086953,1.0
ENSMUSG00000039137,0.6691069644784039
ENSMUSG00000039105,0.49944803571198526
ENSMUSG00000045917,0.8842813779218187
ENSMUSG00000084782,1.0
ENSMUSG00000058935,1.0
ENSMUSG00000086817,1.0
ENSMUSG00000099294,1.0
ENSMUSG00000050395,1.0
ENSMUSG00000028362,1.0
ENSMUSG00000028364,0.8687144047059013
ENSMUSG00000073821,1.0
ENSMUSG00000086755,1.0
ENSMUSG00000085032,1.0
ENSMUSG00000028370,0.8263541896342793
ENSMUSG00000028373,0.4177895415571698
ENSMUSG00000051675,0.7054846325239235
ENSMUSG00000039005,0.7834240125335712
ENSMUSG00000086364,1.0
ENSMUSG00000086790,1.0
ENSMUSG00000028351,0.5325628515130261
ENSMUSG00000039298,0.6155168159578432
ENSMUSG00000039270,0.5592091394887128
ENSMUSG00000084937,1.0
ENSMUSG00000066141,1.0
ENSMUSG00000086696,1.0
ENSMUSG00000008305,0.5847254388104349
ENSMUSG00000086027,0.893928396047079
ENSMUSG00000084910,0.7878854262354212
ENSMUSG00000059343,1.0
ENSMUSG00000066137,
ENSMUSG00000095935,1.0
ENSMUSG00000094116,
ENSMUSG00000096700,
ENSMUSG00000095048,
ENSMUSG00000095341,
ENSMUSG00000043003,1.0
ENSMUSG00000085034,1.0
ENSMUSG00000096530,
ENSMUSG00000096750,
ENSMUSG00000096333,
ENSMUSG00000093962,
ENSMUSG00000028396,1.0
ENSMUSG00000049122,0.8097470127699786
ENSMUSG00000028397,0.5476997307703004
ENSMUSG00000085482,1.0
ENSMUSG00000028398,0.7463711454630209
ENSMUSG00000028399,0.28704593639270976
ENSMUSG00000110373,1.0
ENSMUSG00000092492,1.0
ENSMUSG00000085840,1.0
ENSMUSG00000005994,1.0
ENSMUSG00000048706,0.8614829672451848
ENSMUSG00000028402,0.6302788147293501
ENSMUSG00000087540,1.0
ENSMUSG00000087608,1.0
ENSMUSG00000087110,1.0
ENSMUSG00000085022,1.0
ENSMUSG00000008575,0.36963684021322823
ENSMUSG00000087413,0.674443500774696
ENSMUSG00000084851,1.0
ENSMUSG00000086293,1.0
ENSMUSG00000028403,0.6278737609612525
ENSMUSG00000038192,1.0
ENSMUSG00000059049,0.8811697841701672
ENSMUSG00000038172,0.6839822828171842
ENSMUSG00000086321,1.0
ENSMUSG00000087592,1.0
ENSMUSG00000028483,0.6255899530940187
ENSMUSG00000028484,0.5382539779491915
ENSMUSG00000052407,0.7945843437044929
ENSMUSG00000097942,1.0
ENSMUSG00000085378,1.0
ENSMUSG00000085217,1.0
ENSMUSG00000087378,1.0
ENSMUSG00000028487,1.0
ENSMUSG00000086413,1.0
ENSMUSG00000038070,0.635092311389894
ENSMUSG00000028488,0.5057077228570936
ENSMUSG00000066113,0.5988051124357547
ENSMUSG00000028492,1.0
ENSMUSG00000085108,1.0
ENSMUSG00000070934,0.6803318939331244
ENSMUSG00000038047,0.8503263186283503
ENSMUSG00000028494,0.8304892773789125
ENSMUSG00000038024,0.5698555263840355
ENSMUSG00000028495,0.34413425786524343
ENSMUSG00000038007,0.7267644001320998
ENSMUSG00000037996,0.312564916855195
ENSMUSG00000086512,1.0
ENSMUSG00000028496,0.5122604799429467
ENSMUSG00000084809,1.0
ENSMUSG00000038368,0.6549036828651844
ENSMUSG00000028497,0.8894700601791319
ENSMUSG00000048806,1.0
ENSMUSG00000096011,
ENSMUSG00000095896,
ENSMUSG00000095270,
ENSMUSG00000073811,1.0
ENSMUSG00000038330,1.0
ENSMUSG00000063376,1.0
ENSMUSG00000078355,1.0
ENSMUSG00000078354,1.0
ENSMUSG00000100079,1.0
ENSMUSG00000070923,0.6138030625151576
ENSMUSG00000097078,1.0
ENSMUSG00000086074,1.0
ENSMUSG00000094618,
ENSMUSG00000100505,1.0
ENSMUSG00000094271,
ENSMUSG00000096582,
ENSMUSG00000096591,1.0
ENSMUSG00000096854,1.0
ENSMUSG00000099545,
ENSMUSG00000100234,
ENSMUSG00000101163,
ENSMUSG00000099518,
ENSMUSG00000099420,
ENSMUSG00000095101,1.0
ENSMUSG00000094648,1.0
ENSMUSG00000070908,1.0
ENSMUSG00000100713,
ENSMUSG00000100549,
ENSMUSG00000101252,
ENSMUSG00000096682,
ENSMUSG00000070904,
ENSMUSG00000095498,
ENSMUSG00000054351,1.0
ENSMUSG00000045364,1.0
ENSMUSG00000117123,1.0
ENSMUSG00000117251,1.0
ENSMUSG00000085183,1.0
ENSMUSG00000085569,1.0
ENSMUSG00000062937,0.8287828180856073
ENSMUSG00000087659,1.0
ENSMUSG00000044303,1.0
ENSMUSG00000073802,1.0
ENSMUSG00000085147,1.0
ENSMUSG00000086035,1.0
ENSMUSG00000043753,1.0
ENSMUSG00000085690,1.0
ENSMUSG00000070902,1.0
ENSMUSG00000008489,0.7328852119513023
ENSMUSG00000085817,1.0
ENSMUSG00000086042,1.0
ENSMUSG00000087517,1.0
ENSMUSG00000028533,1.0
ENSMUSG00000066107,1.0
ENSMUSG00000085209,1.0
ENSMUSG00000054000,0.9614746878016207
ENSMUSG00000084833,1.0
ENSMUSG00000085931,1.0
ENSMUSG00000087128,0.984946439350003
ENSMUSG00000028578,0.6970218260839814
ENSMUSG00000028577,0.648950385293291
ENSMUSG00000028576,0.7020520130114276
ENSMUSG00000049799,0.8929907101614043
ENSMUSG00000006386,0.53010819328729
ENSMUSG00000028575,1.0
ENSMUSG00000062627,0.5577929170557224
ENSMUSG00000086251,1.0
ENSMUSG00000052767,0.9963544510028328
ENSMUSG00000052684,0.299540338941909
ENSMUSG00000087366,0.8299675611883758
ENSMUSG00000085377,1.0
ENSMUSG00000100189,1.0
ENSMUSG00000084918,1.0
ENSMUSG00000100129,
ENSMUSG00000084939,1.0
ENSMUSG00000085835,1.0
ENSMUSG00000028573,0.6862844776592165
ENSMUSG00000044125,1.0
ENSMUSG00000028572,0.8013104930472569
ENSMUSG00000028571,1.0
ENSMUSG00000081225,0.7148582016404008
ENSMUSG00000081362,1.0
ENSMUSG00000066097,1.0
ENSMUSG00000082932,0.9541794115813789
ENSMUSG00000052914,0.63542984706577
ENSMUSG00000015224,0.627191236744436
ENSMUSG00000052520,1.0
ENSMUSG00000078639,1.0
ENSMUSG00000048747,0.6702243745207175
ENSMUSG00000085710,1.0
ENSMUSG00000028565,0.3156789845436647
ENSMUSG00000046683,1.0
ENSMUSG00000028563,0.6018383927862215
ENSMUSG00000061859,0.604768791299103
ENSMUSG00000087166,1.0
ENSMUSG00000035407,0.98212876601636
ENSMUSG00000085843,1.0
ENSMUSG00000073794,1.0
ENSMUSG00000028560,0.7161956889629455
ENSMUSG00000028556,0.5928435077336582
ENSMUSG00000028553,1.0
ENSMUSG00000087395,1.0
ENSMUSG00000086498,1.0
ENSMUSG00000028550,0.6441591786596937
ENSMUSG00000070891,0.950040702148096
ENSMUSG00000087332,1.0
ENSMUSG00000086096,1.0
ENSMUSG00000067261,1.0
ENSMUSG00000086592,1.0
ENSMUSG00000073792,0.7941296408630928
ENSMUSG00000028549,0.6908784469256511
ENSMUSG00000073791,0.8688757143540281
ENSMUSG00000025791,0.6011705396825227
ENSMUSG00000085142,1.0
ENSMUSG00000035305,0.559265475998941
ENSMUSG00000086385,1.0
ENSMUSG00000069733,1.0
ENSMUSG00000085871,1.0
ENSMUSG00000028532,0.6072430264192025
ENSMUSG00000035275,0.7291310695731084
ENSMUSG00000028530,0.5070282340325502
ENSMUSG00000085863,1.0
ENSMUSG00000085721,1.0
ENSMUSG00000086782,0.6818055364251794
ENSMUSG00000087361,0.7261556615434275
ENSMUSG00000084758,1.0
ENSMUSG00000028527,0.699585755915976
ENSMUSG00000028528,0.567401519374246
ENSMUSG00000035212,0.6289108721776815
ENSMUSG00000057722,1.0
ENSMUSG00000035201,1.0
ENSMUSG00000046133,1.0
ENSMUSG00000037028,
ENSMUSG00000070890,1.0
ENSMUSG00000078626,1.0
ENSMUSG00000078625,1.0
ENSMUSG00000028525,0.26283065669783207
ENSMUSG00000028524,0.4413184559968982
ENSMUSG00000085181,0.8099536357439647
ENSMUSG00000028523,1.0
ENSMUSG00000085041,1.0
ENSMUSG00000066090,1.0
ENSMUSG00000035126,0.8447868738828135
ENSMUSG00000028522,0.49559501507394305
ENSMUSG00000028521,0.6789234348665554
ENSMUSG00000107726,1.0
ENSMUSG00000028520,1.0
ENSMUSG00000078618,1.0
ENSMUSG00000035069,0.6802002028257321
ENSMUSG00000086136,1.0
ENSMUSG00000087482,1.0
ENSMUSG00000028519,0.4785906006973066
ENSMUSG00000029656,1.0
ENSMUSG00000035031,1.0
ENSMUSG00000095386,1.0
ENSMUSG00000078612,1.0
ENSMUSG00000028518,0.7464333107214643
ENSMUSG00000028517,0.3222002118326493
ENSMUSG00000083780,1.0
ENSMUSG00000085790,1.0
ENSMUSG00000086249,1.0
ENSMUSG00000087051,1.0
ENSMUSG00000028514,0.5237699373814382
ENSMUSG00000044254,1.0
ENSMUSG00000025418,1.0
ENSMUSG00000085933,1.0
ENSMUSG00000086172,1.0
ENSMUSG00000034926,0.6803422888455165
ENSMUSG00000085023,1.0
ENSMUSG00000054362,1.0
ENSMUSG00000034919,1.0
ENSMUSG00000043572,0.9977316747126833
ENSMUSG00000025413,0.6876608899402507
ENSMUSG00000047502,0.9541218408316613
ENSMUSG00000034871,1.0
ENSMUSG00000034853,0.596717321345031
ENSMUSG00000086940,1.0
ENSMUSG00000061887,0.5773339100941131
ENSMUSG00000085581,1.0
ENSMUSG00000028622,0.842976536860185
ENSMUSG00000028621,1.0
ENSMUSG00000047636,1.0
ENSMUSG00000085304,1.0
ENSMUSG00000028619,0.7565939451891125
ENSMUSG00000028618,0.4792688716835653
ENSMUSG00000070877,1.0
ENSMUSG00000028617,0.8624021708236743
ENSMUSG00000063172,0.7363315633513782
ENSMUSG00000034785,1.0
ENSMUSG00000057375,0.6598297962151014
ENSMUSG00000086041,1.0
ENSMUSG00000028614,0.8200019654392482
ENSMUSG00000034762,0.9042208823347211
ENSMUSG00000028610,1.0
ENSMUSG00000085549,1.0
ENSMUSG00000087195,1.0
ENSMUSG00000087289,1.0
ENSMUSG00000087200,0.9989161739831227
ENSMUSG00000028613,0.5936950153545588
ENSMUSG00000073779,0.93003090930147
ENSMUSG00000028612,1.0
ENSMUSG00000028609,0.7664838882827593
ENSMUSG00000028608,0.7101172406375624
ENSMUSG00000028607,0.8653078989230976
ENSMUSG00000086713,1.0
ENSMUSG00000008932,1.0
ENSMUSG00000028600,1.0
ENSMUSG00000028603,0.5592165860597581
ENSMUSG00000028601,0.8025117150026976
ENSMUSG00000034645,1.0
ENSMUSG00000034636,0.5635808131009286
ENSMUSG00000048351,0.8631419635798704
ENSMUSG00000059816,1.0
ENSMUSG00000028597,0.9362733289001541
ENSMUSG00000034610,0.4969610589141239
ENSMUSG00000085093,1.0
ENSMUSG00000063800,0.7639855840507219
ENSMUSG00000028587,0.9773438487755862
ENSMUSG00000084968,0.7911887914156934
ENSMUSG00000028582,0.7676206210150667
ENSMUSG00000091985,0.845421565229435
ENSMUSG00000034557,0.5354240996060713
ENSMUSG00000094958,0.6805514353634694
ENSMUSG00000028568,0.7727513951488232
ENSMUSG00000028567,0.6732604534482617
ENSMUSG00000073775,0.9067458474044291
ENSMUSG00000003411,0.9227749363304278
ENSMUSG00000086483,1.0
ENSMUSG00000053510,0.5115854192158907
ENSMUSG00000028559,0.4640916429771379
ENSMUSG00000028558,1.0
ENSMUSG00000028552,0.44437757430791425
ENSMUSG00000085873,1.0
ENSMUSG00000028555,0.9907944249131451
ENSMUSG00000028557,0.563539215135724
ENSMUSG00000060491,1.0
ENSMUSG00000087641,1.0
ENSMUSG00000059027,1.0
ENSMUSG00000028551,0.9568786130204414
ENSMUSG00000010517,0.5378992903372843
ENSMUSG00000085256,1.0
ENSMUSG00000047143,0.9658973544180581
ENSMUSG00000028546,0.6599956409638909
ENSMUSG00000061298,0.6540666552147384
ENSMUSG00000028545,0.9576134222734931
ENSMUSG00000034401,0.7147248931919347
ENSMUSG00000028544,1.0
ENSMUSG00000078599,1.0
ENSMUSG00000049214,1.0
ENSMUSG00000089773,1.0
ENSMUSG00000055960,1.0
ENSMUSG00000070868,1.0
ENSMUSG00000049972,1.0
ENSMUSG00000034359,1.0
ENSMUSG00000048766,1.0
ENSMUSG00000087194,1.0
ENSMUSG00000085878,1.0
ENSMUSG00000078598,1.0
ENSMUSG00000057977,1.0
ENSMUSG00000070867,0.9896716185474796
ENSMUSG00000100998,1.0
ENSMUSG00000085870,1.0
ENSMUSG00000085323,1.0
ENSMUSG00000055198,1.0
ENSMUSG00000055210,1.0
ENSMUSG00000085399,1.0
ENSMUSG00000044518,1.0
ENSMUSG00000028719,0.6203905533044812
ENSMUSG00000028718,1.0
ENSMUSG00000028717,0.7818992349297992
ENSMUSG00000028716,1.0
ENSMUSG00000047155,0.9658707373950799
ENSMUSG00000086896,1.0
ENSMUSG00000083138,1.0
ENSMUSG00000066071,1.0
ENSMUSG00000078597,1.0
ENSMUSG00000084346,1.0
ENSMUSG00000028715,1.0
ENSMUSG00000066072,1.0
ENSMUSG00000028712,1.0
ENSMUSG00000063929,1.0
ENSMUSG00000028713,1.0
ENSMUSG00000034210,0.49947747581247187
ENSMUSG00000044556,1.0
ENSMUSG00000028710,0.6934410777630318
ENSMUSG00000028709,0.7831411858481148
ENSMUSG00000028708,0.6302371723042626
ENSMUSG00000100081,1.0
ENSMUSG00000073774,1.0
ENSMUSG00000034185,1.0
ENSMUSG00000028707,1.0
ENSMUSG00000034171,0.838490386517675
ENSMUSG00000028706,0.8630214009056995
ENSMUSG00000063882,0.39910781154533526
ENSMUSG00000028703,0.738382713266083
ENSMUSG00000028702,1.0
ENSMUSG00000028700,0.6900640936422092
ENSMUSG00000028701,0.7375265097882222
ENSMUSG00000028699,1.0
ENSMUSG00000078593,1.0
ENSMUSG00000085920,1.0
ENSMUSG00000028698,0.5643793801599885
ENSMUSG00000003810,0.59044815733565
ENSMUSG00000028696,0.8745437714936106
ENSMUSG00000055900,0.9014355552430202
ENSMUSG00000087299,1.0
ENSMUSG00000034042,0.5747282695247369
ENSMUSG00000085408,0.9766750942311981
ENSMUSG00000034035,1.0
ENSMUSG00000028693,0.7214452228092455
ENSMUSG00000028692,0.5074525748308434
ENSMUSG00000028691,0.4647634322098775
ENSMUSG00000028690,0.9321990385426357
ENSMUSG00000028689,0.9116918342336001
ENSMUSG00000033985,0.6437594696724735
ENSMUSG00000028688,0.8793197607889871
ENSMUSG00000028687,1.0
ENSMUSG00000043155,1.0
ENSMUSG00000086417,1.0
ENSMUSG00000033948,0.664708770981572
ENSMUSG00000028684,0.8735866673177979
ENSMUSG00000046861,0.7822466645806269
ENSMUSG00000086890,1.0
ENSMUSG00000028683,0.710650329973559
ENSMUSG00000028681,1.0
ENSMUSG00000073771,0.9874851868440441
ENSMUSG00000047671,1.0
ENSMUSG00000028680,0.842217321908909
ENSMUSG00000047675,0.25962674719931284
ENSMUSG00000028678,1.0
ENSMUSG00000086482,
ENSMUSG00000060268,1.0
ENSMUSG00000048772,0.999027895267503
ENSMUSG00000028677,0.4152505056530762
ENSMUSG00000085749,1.0
ENSMUSG00000086876,1.0
ENSMUSG00000087228,1.0
ENSMUSG00000033423,0.568199333880131
ENSMUSG00000009640,0.9225145280666399
ENSMUSG00000086320,1.0
ENSMUSG00000108127,
ENSMUSG00000048626,1.0
ENSMUSG00000028542,0.5229661277050167
ENSMUSG00000091237,0.9999684308315614
ENSMUSG00000078588,0.9989108724361648
ENSMUSG00000028541,0.8715630437713155
ENSMUSG00000085278,1.0
ENSMUSG00000033379,0.4325692524679411
ENSMUSG00000028540,0.9866093817881013
ENSMUSG00000033365,0.7128637036435393
ENSMUSG00000028539,1.0
ENSMUSG00000028538,0.5360101774685537
ENSMUSG00000086554,0.9534661198467674
ENSMUSG00000033326,0.6999823751177687
ENSMUSG00000033295,0.6499755374957092
ENSMUSG00000033253,0.7830666938485514
ENSMUSG00000006392,0.7176451159804663
ENSMUSG00000006390,0.6860892956307093
ENSMUSG00000006398,1.0
ENSMUSG00000006389,1.0
ENSMUSG00000033191,0.702212216791852
ENSMUSG00000028536,1.0
ENSMUSG00000050854,0.7520210044510696
ENSMUSG00000028730,1.0
ENSMUSG00000028729,0.7633106960906947
ENSMUSG00000085292,1.0
ENSMUSG00000043698,1.0
ENSMUSG00000043383,1.0
ENSMUSG00000046790,1.0
ENSMUSG00000070821,1.0
ENSMUSG00000070820,1.0
ENSMUSG00000095218,1.0
ENSMUSG00000111159,
ENSMUSG00000066061,
ENSMUSG00000110947,1.0
ENSMUSG00000073769,1.0
ENSMUSG00000073768,1.0
ENSMUSG00000096705,
ENSMUSG00000111259,1.0
ENSMUSG00000073765,1.0
ENSMUSG00000024903,1.0
ENSMUSG00000085895,1.0
ENSMUSG00000087238,1.0
ENSMUSG00000087464,1.0
ENSMUSG00000066060,1.0
ENSMUSG00000028645,0.37306623506834896
ENSMUSG00000086683,1.0
ENSMUSG00000085505,1.0
ENSMUSG00000045268,0.8811634221984658
ENSMUSG00000028644,1.0
ENSMUSG00000028643,0.6378393005601434
ENSMUSG00000078584,0.7727853381085412
ENSMUSG00000028642,1.0
ENSMUSG00000085626,1.0
ENSMUSG00000028641,0.861913253827745
ENSMUSG00000085203,1.0
ENSMUSG00000066058,1.0
ENSMUSG00000028639,0.4074002719987647
ENSMUSG00000060288,0.8830809631096345
ENSMUSG00000028637,0.8346876652915155
ENSMUSG00000118403,1.0
ENSMUSG00000028636,0.9567662092473657
ENSMUSG00000070806,0.9903546447329361
ENSMUSG00000048899,0.9181578265413561
ENSMUSG00000087385,0.9442583823990297
ENSMUSG00000032998,0.6529206051283963
ENSMUSG00000023247,1.0
ENSMUSG00000032978,1.0
ENSMUSG00000028634,0.46645659355317654
ENSMUSG00000115115,
ENSMUSG00000028635,1.0
ENSMUSG00000052135,0.9948610106942242
ENSMUSG00000084929,1.0
ENSMUSG00000000085,0.5053164289185377
ENSMUSG00000047518,1.0
ENSMUSG00000028633,0.8399998978877838
ENSMUSG00000091297,1.0
ENSMUSG00000086187,1.0
ENSMUSG00000110389,1.0
ENSMUSG00000070803,1.0
ENSMUSG00000028631,0.9222324134412431
ENSMUSG00000032897,0.588176670970982
ENSMUSG00000032890,0.7435652007358372
ENSMUSG00000028629,0.9076544654821681
ENSMUSG00000064141,0.9758097766155812
ENSMUSG00000032870,0.4801389822992471
ENSMUSG00000028626,0.9830057998751428
ENSMUSG00000043207,0.6759001472614791
ENSMUSG00000078577,1.0
ENSMUSG00000049878,0.5904369459159855
ENSMUSG00000073764,1.0
ENSMUSG00000078576,1.0
ENSMUSG00000078575,1.0
ENSMUSG00000023263,1.0
ENSMUSG00000028657,0.5552739486782571
ENSMUSG00000028656,0.5820773038916437
ENSMUSG00000028655,0.539343402270871
ENSMUSG00000086443,1.0
ENSMUSG00000028654,0.9020982983629834
ENSMUSG00000028653,0.7605381447567133
ENSMUSG00000086153,1.0
ENSMUSG00000002384,1.0
ENSMUSG00000076438,1.0
ENSMUSG00000028651,0.8387149553609861
ENSMUSG00000046093,0.7198533708196441
ENSMUSG00000054958,1.0
ENSMUSG00000032744,0.7389708119449208
ENSMUSG00000011257,0.6833307334688723
ENSMUSG00000032726,1.0
ENSMUSG00000076436,1.0
ENSMUSG00000028649,0.2769837999935408
ENSMUSG00000087307,1.0
ENSMUSG00000028648,0.5016640717913118
ENSMUSG00000023075,0.6221123517483581
ENSMUSG00000043333,0.9249883548558308
ENSMUSG00000086275,1.0
ENSMUSG00000073761,1.0
ENSMUSG00000028647,0.7512905124843332
ENSMUSG00000085875,0.833607701165924
ENSMUSG00000028646,0.6699959408728516
ENSMUSG00000086087,1.0
ENSMUSG00000086955,1.0
ENSMUSG00000086978,1.0
ENSMUSG00000084757,1.0
ENSMUSG00000098760,0.8295498553609508
ENSMUSG00000073759,1.0
ENSMUSG00000090125,0.7295307545589103
ENSMUSG00000028907,0.6821218043052176
ENSMUSG00000032643,1.0
ENSMUSG00000028902,0.7750026205433315
ENSMUSG00000086589,1.0
ENSMUSG00000028894,0.6967818914847044
ENSMUSG00000028890,0.6472837206838313
ENSMUSG00000078570,0.6550359040497545
ENSMUSG00000028889,0.786602196164959
ENSMUSG00000042763,0.8649400737904113
ENSMUSG00000028876,0.9262564519530331
ENSMUSG00000085263,1.0
ENSMUSG00000028873,1.0
ENSMUSG00000044730,0.8446001754227644
ENSMUSG00000087011,1.0
ENSMUSG00000028871,0.9993102644409441
ENSMUSG00000028869,0.7526840893164578
ENSMUSG00000042707,1.0
ENSMUSG00000050213,0.8716436557536987
ENSMUSG00000086342,1.0
ENSMUSG00000028863,0.6608530375175223
ENSMUSG00000042677,0.8948398364306513
ENSMUSG00000087010,1.0
ENSMUSG00000001985,0.7774024433349854
ENSMUSG00000085562,1.0
ENSMUSG00000028859,0.5405325597815257
ENSMUSG00000028861,0.6938645558065978
ENSMUSG00000042616,0.7078889418284122
ENSMUSG00000050188,0.8224284298105855
ENSMUSG00000042608,0.6491446807069681
ENSMUSG00000086961,1.0
ENSMUSG00000050212,0.6451588130072886
ENSMUSG00000073758,0.9013107283040818
ENSMUSG00000043962,0.5283292122006572
ENSMUSG00000028849,0.49703721976178955
ENSMUSG00000028847,0.6485143168623425
ENSMUSG00000056174,1.0
ENSMUSG00000042558,0.7844447594662285
ENSMUSG00000028845,1.0
ENSMUSG00000087394,1.0
ENSMUSG00000028842,0.5045309941267592
ENSMUSG00000041530,0.6649104908318474
ENSMUSG00000042500,0.7523542383963103
ENSMUSG00000042489,1.0
ENSMUSG00000073755,0.7935335677964815
ENSMUSG00000028837,0.6401517911123031
ENSMUSG00000042477,1.0
ENSMUSG00000028833,0.5676095856081183
ENSMUSG00000028830,0.6078927120317884
ENSMUSG00000042446,0.5247781620875808
ENSMUSG00000028820,0.51253961762734
ENSMUSG00000085334,0.7055068128338051
ENSMUSG00000043872,0.8246349162247405
ENSMUSG00000042408,0.7186239572050841
ENSMUSG00000070737,0.9889250739182919
ENSMUSG00000042388,0.7456824975053851
ENSMUSG00000042380,0.6802306422324605
ENSMUSG00000050234,0.9185587500600612
ENSMUSG00000042367,1.0
ENSMUSG00000046623,1.0
ENSMUSG00000042357,1.0
ENSMUSG00000086138,1.0
ENSMUSG00000086771,1.0
ENSMUSG00000087470,1.0
ENSMUSG00000087510,1.0
ENSMUSG00000028813,1.0
ENSMUSG00000028804,0.5709976800459182
ENSMUSG00000087459,1.0
ENSMUSG00000048686,1.0
ENSMUSG00000085717,1.0
ENSMUSG00000061894,0.9380302480653444
ENSMUSG00000062545,1.0
ENSMUSG00000084891,1.0
ENSMUSG00000028796,0.5050017284293812
ENSMUSG00000028794,1.0
ENSMUSG00000028799,0.708266648110831
ENSMUSG00000085701,1.0
ENSMUSG00000041000,0.7201475159817475
ENSMUSG00000028789,0.8302078012093219
ENSMUSG00000085961,1.0
ENSMUSG00000028792,0.7443911750175923
ENSMUSG00000085085,1.0
ENSMUSG00000028793,0.6024077159467628
ENSMUSG00000028786,1.0
ENSMUSG00000028785,0.7253984796932443
ENSMUSG00000087416,1.0
ENSMUSG00000001334,0.6709808436228132
ENSMUSG00000040928,0.7017753155708281
ENSMUSG00000028811,0.6771018666584139
ENSMUSG00000050390,0.9147096701588183
ENSMUSG00000087575,1.0
ENSMUSG00000001333,1.0
ENSMUSG00000057236,0.5991352683103541
ENSMUSG00000057572,0.7716218119789574
ENSMUSG00000028807,0.924521774469529
ENSMUSG00000048485,1.0
ENSMUSG00000040859,0.6343364173159155
ENSMUSG00000000411,1.0
ENSMUSG00000078554,1.0
ENSMUSG00000086336,1.0
ENSMUSG00000047945,0.6579845929303144
ENSMUSG00000028800,0.6551845513451797
ENSMUSG00000000409,1.0
ENSMUSG00000050493,1.0
ENSMUSG00000028798,0.6782348885678041
ENSMUSG00000028797,0.4786984669158944
ENSMUSG00000078552,0.9259748199439761
ENSMUSG00000040795,0.8674628811496023
ENSMUSG00000028795,0.6670956916033807
ENSMUSG00000053841,0.6626602491935213
ENSMUSG00000003731,0.6847621314242893
ENSMUSG00000053730,0.8506242866664857
ENSMUSG00000028790,0.5283963280432871
ENSMUSG00000028788,0.44148000200602333
ENSMUSG00000086369,1.0
ENSMUSG00000028784,1.0
ENSMUSG00000085389,1.0
ENSMUSG00000028782,0.6654409851917052
ENSMUSG00000085517,1.0
ENSMUSG00000040690,0.886805620498104
ENSMUSG00000028779,0.7741573201961038
ENSMUSG00000028778,1.0
ENSMUSG00000028776,0.700431193904363
ENSMUSG00000023120,1.0
ENSMUSG00000023232,0.8695233030670833
ENSMUSG00000073752,1.0
ENSMUSG00000028773,0.7667898079691096
ENSMUSG00000028772,0.5802302440383496
ENSMUSG00000074088,0.70033044929197
ENSMUSG00000078532,0.6402589786924696
ENSMUSG00000028580,0.4893066186522096
ENSMUSG00000087449,1.0
ENSMUSG00000086548,1.0
ENSMUSG00000025743,0.5581729783954756
ENSMUSG00000087451,1.0
ENSMUSG00000097224,1.0
ENSMUSG00000028581,0.40698332452896663
ENSMUSG00000040533,1.0
ENSMUSG00000085804,1.0
ENSMUSG00000086262,1.0
ENSMUSG00000078531,1.0
ENSMUSG00000087171,1.0
ENSMUSG00000086856,1.0
ENSMUSG00000028909,0.8977004317290944
ENSMUSG00000028910,0.7430833826584111
ENSMUSG00000028911,0.6212493058721925
ENSMUSG00000085667,1.0
ENSMUSG00000118394,1.0
ENSMUSG00000070720,1.0
ENSMUSG00000028906,0.512975828664794
ENSMUSG00000084869,1.0
ENSMUSG00000070717,1.0
ENSMUSG00000050511,1.0
ENSMUSG00000040025,0.6387452230415963
ENSMUSG00000028901,0.6303697456834098
ENSMUSG00000100813,1.0
ENSMUSG00000099937,1.0
ENSMUSG00000028899,0.6826801641127843
ENSMUSG00000089687,1.0
ENSMUSG00000086290,0.6854613147731143
ENSMUSG00000028898,0.7515341552502921
ENSMUSG00000028896,0.9198636974269337
ENSMUSG00000085241,0.7070872318502325
ENSMUSG00000091021,1.0
ENSMUSG00000066043,0.5586178533887167
ENSMUSG00000066042,0.9776153201857727
ENSMUSG00000028893,0.9024599209707276
ENSMUSG00000086997,1.0
ENSMUSG00000054428,0.4958455305405966
ENSMUSG00000087352,1.0
ENSMUSG00000054405,0.563804587221129
ENSMUSG00000056529,0.7683982713158868
ENSMUSG00000028886,0.6344808830253637
ENSMUSG00000037752,0.9968826837664786
ENSMUSG00000028885,1.0
ENSMUSG00000028884,0.9089981391570908
ENSMUSG00000037731,0.9231505757832541
ENSMUSG00000028882,0.7827577643720847
ENSMUSG00000028879,0.5942915600379357
ENSMUSG00000028878,0.5780186763867422
ENSMUSG00000028874,1.0
ENSMUSG00000037692,0.6226235246190278
ENSMUSG00000028868,0.4242803548936914
ENSMUSG00000049649,1.0
ENSMUSG00000028865,1.0
ENSMUSG00000028862,0.9966597906127411
ENSMUSG00000028860,1.0
ENSMUSG00000028857,0.7244494411265437
ENSMUSG00000037622,0.6797171128954884
ENSMUSG00000028854,0.6774368037434734
ENSMUSG00000086850,1.0
ENSMUSG00000046694,1.0
ENSMUSG00000056596,0.7821625226074079
ENSMUSG00000037600,1.0
ENSMUSG00000028851,0.6100177657959454
ENSMUSG00000037583,1.0
ENSMUSG00000028850,0.9515777897571196
ENSMUSG00000028848,0.9214119842978566
ENSMUSG00000047281,1.0
ENSMUSG00000037553,0.6684966501941219
ENSMUSG00000043257,0.7832625506713365
ENSMUSG00000007880,0.4642797091607808
ENSMUSG00000084789,1.0
ENSMUSG00000003644,0.6339537643991042
ENSMUSG00000085009,1.0
ENSMUSG00000003038,0.5919542945025398
ENSMUSG00000012117,0.645015889521346
ENSMUSG00000050966,1.0
ENSMUSG00000087288,1.0
ENSMUSG00000049410,1.0
ENSMUSG00000012123,1.0
ENSMUSG00000000682,0.7739289025797896
ENSMUSG00000012126,0.8683427301749632
ENSMUSG00000028843,0.5089044809406653
ENSMUSG00000037443,0.7540955794587341
ENSMUSG00000073747,1.0
ENSMUSG00000048003,1.0
ENSMUSG00000028841,1.0
ENSMUSG00000028840,0.9402683184669273
ENSMUSG00000086322,1.0
ENSMUSG00000108398,1.0
ENSMUSG00000050105,0.8008315548632556
ENSMUSG00000050890,0.7758813688131008
ENSMUSG00000028834,1.0
ENSMUSG00000028836,1.0
ENSMUSG00000028838,0.7898982211783228
ENSMUSG00000037366,0.8547712850499247
ENSMUSG00000087343,1.0
ENSMUSG00000028832,0.417854259313531
ENSMUSG00000037348,0.5503967132241827
ENSMUSG00000078521,1.0
ENSMUSG00000046671,0.6376871075699712
ENSMUSG00000050989,0.7302531196052878
ENSMUSG00000037306,0.5774967116891027
ENSMUSG00000037295,0.7708187381536179
ENSMUSG00000028826,0.5859672849563736
ENSMUSG00000028825,1.0
ENSMUSG00000028822,0.4873572963402512
ENSMUSG00000037266,0.40311300138733924
ENSMUSG00000028821,0.5943117755526706
ENSMUSG00000086884,1.0
ENSMUSG00000070691,1.0
ENSMUSG00000084986,
ENSMUSG00000037242,0.35590815730675857
ENSMUSG00000085002,1.0
ENSMUSG00000028809,0.4909841258675001
ENSMUSG00000043924,1.0
ENSMUSG00000059713,0.745812188358465
ENSMUSG00000087016,1.0
ENSMUSG00000028803,0.6932722666786043
ENSMUSG00000028801,0.985258964137327
ENSMUSG00000037188,1.0
ENSMUSG00000086788,1.0
ENSMUSG00000062157,1.0
ENSMUSG00000037157,1.0
ENSMUSG00000037139,1.0
ENSMUSG00000028676,0.5855846259717407
ENSMUSG00000028675,0.6556439905261419
ENSMUSG00000062585,1.0
ENSMUSG00000028673,0.6437155536953257
ENSMUSG00000028672,0.6558160156173728
ENSMUSG00000028671,0.9900956902314333
ENSMUSG00000028670,0.7497218715576489
ENSMUSG00000028669,0.6763425737189053
ENSMUSG00000028668,0.7750450535796009
ENSMUSG00000085714,0.9897571557373808
ENSMUSG00000097995,1.0
ENSMUSG00000059291,0.31755385153011084
ENSMUSG00000007872,0.40100690649785603
ENSMUSG00000018983,1.0
ENSMUSG00000036995,0.7906498606386719
ENSMUSG00000001604,1.0
ENSMUSG00000051351,0.8252496811887341
ENSMUSG00000066037,0.5300931524793234
ENSMUSG00000098155,1.0
ENSMUSG00000070687,1.0
ENSMUSG00000066178,1.0
ENSMUSG00000001089,0.4630579096810225
ENSMUSG00000036940,0.6151978429599836
ENSMUSG00000036921,1.0
ENSMUSG00000070683,1.0
ENSMUSG00000028664,0.7339181702855402
ENSMUSG00000036905,0.40045837799927925
ENSMUSG00000036896,0.38431827218133163
ENSMUSG00000036887,0.3738402308820309
ENSMUSG00000028661,0.9918384830875512
ENSMUSG00000060862,0.7670816105146346
ENSMUSG00000085542,1.0
ENSMUSG00000087417,1.0
ENSMUSG00000085833,1.0
ENSMUSG00000036856,0.9551469545520189
ENSMUSG00000006699,0.4101634558688444
ENSMUSG00000101493,0.8972768198868976
ENSMUSG00000078520,1.0
ENSMUSG00000023433,1.0
ENSMUSG00000086845,1.0
ENSMUSG00000041399,1.0
ENSMUSG00000028763,0.7487088290792794
ENSMUSG00000094035,1.0
ENSMUSG00000043411,0.6249809461955987
ENSMUSG00000041351,0.6524390339551245
ENSMUSG00000087476,1.0
ENSMUSG00000028766,0.7685781251860775
ENSMUSG00000057530,0.5156904869439382
ENSMUSG00000085823,1.0
ENSMUSG00000028760,0.44823589773434236
ENSMUSG00000084804,1.0
ENSMUSG00000078519,1.0
ENSMUSG00000028759,0.48910590987840274
ENSMUSG00000045349,0.9175342730241981
ENSMUSG00000028758,0.9678774886889533
ENSMUSG00000028757,0.6934278273543913
ENSMUSG00000028756,0.6083666144718262
ENSMUSG00000028755,1.0
ENSMUSG00000078235,0.9992948749478565
ENSMUSG00000046109,1.0
ENSMUSG00000041241,0.7768619060930594
ENSMUSG00000046447,0.36423660681541753
ENSMUSG00000028753,1.0
ENSMUSG00000043621,1.0
ENSMUSG00000028750,1.0
ENSMUSG00000028749,1.0
ENSMUSG00000041202,1.0
ENSMUSG00000041193,1.0
ENSMUSG00000078518,1.0
ENSMUSG00000028751,1.0
ENSMUSG00000041161,0.9038648124954282
ENSMUSG00000070661,1.0
ENSMUSG00000041143,0.8456813348561828
ENSMUSG00000028747,1.0
ENSMUSG00000110296,1.0
ENSMUSG00000041120,0.6238014873734717
ENSMUSG00000050608,0.5186828457762216
ENSMUSG00000073739,1.0
ENSMUSG00000028745,0.517222808687251
ENSMUSG00000028744,0.7947965540109132
ENSMUSG00000028743,0.8062218125284462
ENSMUSG00000028741,0.812360390661609
ENSMUSG00000078517,0.6585505691706794
ENSMUSG00000066036,0.599296132582083
ENSMUSG00000041025,0.7409991440650113
ENSMUSG00000028737,0.717604197669674
ENSMUSG00000028738,1.0
ENSMUSG00000028736,1.0
ENSMUSG00000087646,1.0
ENSMUSG00000087628,1.0
ENSMUSG00000085928,1.0
ENSMUSG00000078234,0.8121519070815494
ENSMUSG00000040972,0.7040082167004579
ENSMUSG00000085968,1.0
ENSMUSG00000086164,1.0
ENSMUSG00000087084,1.0
ENSMUSG00000086960,1.0
ENSMUSG00000086437,1.0
ENSMUSG00000085047,1.0
ENSMUSG00000040964,0.6284853728896826
ENSMUSG00000086159,1.0
ENSMUSG00000040945,0.6889990444555619
ENSMUSG00000040935,1.0
ENSMUSG00000025330,1.0
ENSMUSG00000025328,1.0
ENSMUSG00000085918,1.0
ENSMUSG00000025329,1.0
ENSMUSG00000087045,1.0
ENSMUSG00000028927,0.66768812372255
ENSMUSG00000087698,0.8583486331831223
ENSMUSG00000009863,0.6126111538300124
ENSMUSG00000036622,0.7074202544556255
ENSMUSG00000060572,1.0
ENSMUSG00000040860,0.8662564312689962
ENSMUSG00000028923,0.6725057054924957
ENSMUSG00000045004,1.0
ENSMUSG00000040842,0.6360868201188762
ENSMUSG00000097620,1.0
ENSMUSG00000028920,0.6713614647549128
ENSMUSG00000073733,0.913170912816913
ENSMUSG00000028919,0.7113422595210154
ENSMUSG00000085774,1.0
ENSMUSG00000085395,1.0
ENSMUSG00000006445,0.9192310460629234
ENSMUSG00000085836,1.0
ENSMUSG00000006218,1.0
ENSMUSG00000033770,1.0
ENSMUSG00000086061,1.0
ENSMUSG00000006216,1.0
ENSMUSG00000006221,1.0
ENSMUSG00000070637,0.7974526870073873
ENSMUSG00000006215,0.8352719350731337
ENSMUSG00000040761,0.5418330174442085
ENSMUSG00000006219,0.996765338612463
ENSMUSG00000043085,1.0
ENSMUSG00000073731,1.0
ENSMUSG00000040740,0.8606285519144536
ENSMUSG00000028917,0.5709670687520042
ENSMUSG00000078515,0.5921791496167895
ENSMUSG00000040715,
ENSMUSG00000040706,1.0
ENSMUSG00000040697,0.7565810971889232
ENSMUSG00000028914,0.8396595052743158
ENSMUSG00000058579,1.0
ENSMUSG00000062478,1.0
ENSMUSG00000086818,1.0
ENSMUSG00000040659,0.4571681500097133
ENSMUSG00000100396,1.0
ENSMUSG00000085922,1.0
ENSMUSG00000051435,0.8095161535723377
ENSMUSG00000085424,1.0
ENSMUSG00000085761,1.0
ENSMUSG00000040616,0.7212177502482087
ENSMUSG00000085574,1.0
ENSMUSG00000073728,1.0
ENSMUSG00000040606,0.5888947181906204
ENSMUSG00000087525,1.0
ENSMUSG00000085816,0.7847279366285066
ENSMUSG00000110067,0.9392484074762409
ENSMUSG00000057637,0.5688987283099033
ENSMUSG00000028583,0.7574673321312272
ENSMUSG00000028584,1.0
ENSMUSG00000041805,1.0
ENSMUSG00000046862,0.8877104200814192
ENSMUSG00000047799,1.0
ENSMUSG00000095409,
ENSMUSG00000070616,
ENSMUSG00000070618,1.0
ENSMUSG00000096154,
ENSMUSG00000066688,
ENSMUSG00000078513,
ENSMUSG00000070617,
ENSMUSG00000046435,1.0
ENSMUSG00000066031,1.0
ENSMUSG00000059218,
ENSMUSG00000029451,1.0
ENSMUSG00000078512,
ENSMUSG00000078511,
ENSMUSG00000078510,
ENSMUSG00000078509,
ENSMUSG00000073724,1.0
ENSMUSG00000073723,
ENSMUSG00000050810,1.0
ENSMUSG00000066030,
ENSMUSG00000046262,
ENSMUSG00000036749,1.0
ENSMUSG00000078508,
ENSMUSG00000070619,1.0
ENSMUSG00000073721,1.0
ENSMUSG00000028591,1.0
ENSMUSG00000028590,
ENSMUSG00000028589,1.0
ENSMUSG00000095213,
ENSMUSG00000078507,1.0
ENSMUSG00000028593,1.0
ENSMUSG00000078506,1.0
ENSMUSG00000070609,1.0
ENSMUSG00000078505,1.0
ENSMUSG00000041735,1.0
ENSMUSG00000078504,1.0
ENSMUSG00000066026,0.6525257862827243
ENSMUSG00000020220,0.5292624465667751
ENSMUSG00000028599,0.7164143672771239
ENSMUSG00000028602,1.0
ENSMUSG00000085101,1.0
ENSMUSG00000078503,1.0
ENSMUSG00000078502,1.0
ENSMUSG00000058186,1.0
ENSMUSG00000087513,1.0
ENSMUSG00000078500,1.0
ENSMUSG00000066009,1.0
ENSMUSG00000066007,1.0
ENSMUSG00000086654,1.0
ENSMUSG00000085525,1.0
ENSMUSG00000070605,1.0
ENSMUSG00000056300,1.0
ENSMUSG00000086046,1.0
ENSMUSG00000063245,1.0
ENSMUSG00000045699,1.0
ENSMUSG00000086147,1.0
ENSMUSG00000067919,1.0
ENSMUSG00000093617,1.0
ENSMUSG00000067916,0.9991283331318732
ENSMUSG00000078498,1.0
ENSMUSG00000078497,1.0
ENSMUSG00000078496,0.9959795642629293
ENSMUSG00000065999,1.0
ENSMUSG00000066000,1.0
ENSMUSG00000086130,1.0
ENSMUSG00000062518,1.0
ENSMUSG00000078495,0.9568172284972636
ENSMUSG00000093594,1.0
ENSMUSG00000059423,0.6889140255793424
ENSMUSG00000029022,0.7932000813678785
ENSMUSG00000070583,1.0
ENSMUSG00000029020,0.6499753015167339
ENSMUSG00000019055,0.5794989233922017
ENSMUSG00000044496,0.7068548283115847
ENSMUSG00000029019,1.0
ENSMUSG00000041616,1.0
ENSMUSG00000086806,1.0
ENSMUSG00000029016,0.6655891030339026
ENSMUSG00000029009,0.8433301924086064
ENSMUSG00000078494,1.0
ENSMUSG00000029007,0.8265822449464686
ENSMUSG00000029005,1.0
ENSMUSG00000029003,0.8469241589568678
ENSMUSG00000055401,0.8814258719405185
ENSMUSG00000029001,0.6823565653590535
ENSMUSG00000041556,0.6579157628291356
ENSMUSG00000041544,0.7685617745174875
ENSMUSG00000087027,1.0
ENSMUSG00000086326,1.0
ENSMUSG00000047719,0.8826338103602192
ENSMUSG00000028991,0.6327531773983756
ENSMUSG00000028989,1.0
ENSMUSG00000017264,0.6896290862182699
ENSMUSG00000087217,1.0
ENSMUSG00000006442,0.8221844788719475
ENSMUSG00000028979,1.0
ENSMUSG00000041459,0.5873899909224257
ENSMUSG00000070577,1.0
ENSMUSG00000087273,1.0
ENSMUSG00000028977,0.9809897709521979
ENSMUSG00000086766,1.0
ENSMUSG00000086606,1.0
ENSMUSG00000086740,1.0
ENSMUSG00000028975,0.6393312999077857
ENSMUSG00000028974,0.8142684083393572
ENSMUSG00000028971,1.0
ENSMUSG00000073705,0.9999857100241939
ENSMUSG00000028961,0.705581420544546
ENSMUSG00000063077,0.30859616387444333
ENSMUSG00000028960,0.5667940737316353
ENSMUSG00000085286,1.0
ENSMUSG00000085807,1.0
ENSMUSG00000085819,0.8481804927782496
ENSMUSG00000028996,1.0
ENSMUSG00000028992,0.8877366971722793
ENSMUSG00000087198,1.0
ENSMUSG00000028990,0.7445261118409173
ENSMUSG00000028988,0.5767006784824533
ENSMUSG00000086949,1.0
ENSMUSG00000039953,0.4621061865945308
ENSMUSG00000039936,0.6517851772160937
ENSMUSG00000044700,0.6946842812183722
ENSMUSG00000028982,0.6609350737005613
ENSMUSG00000085403,1.0
ENSMUSG00000085368,1.0
ENSMUSG00000084807,1.0
ENSMUSG00000039911,0.6585608102398501
ENSMUSG00000086767,1.0
ENSMUSG00000028980,0.9173065659043449
ENSMUSG00000086665,1.0
ENSMUSG00000047875,1.0
ENSMUSG00000087094,1.0
ENSMUSG00000028976,0.7211911871533776
ENSMUSG00000062064,1.0
ENSMUSG00000028972,1.0
ENSMUSG00000063524,0.6110089347061896
ENSMUSG00000039852,0.37915471709753545
ENSMUSG00000085213,1.0
ENSMUSG00000039838,0.8651345003158737
ENSMUSG00000085869,1.0
ENSMUSG00000085097,1.0
ENSMUSG00000078492,1.0
ENSMUSG00000028967,0.5964784638217179
ENSMUSG00000028964,0.5851326262456651
ENSMUSG00000028965,1.0
ENSMUSG00000014592,0.4623502695507466
ENSMUSG00000028963,1.0
ENSMUSG00000028957,0.5769228885377183
ENSMUSG00000028955,0.6173309408628953
ENSMUSG00000078491,1.0
ENSMUSG00000085593,1.0
ENSMUSG00000039768,0.6953701329760196
ENSMUSG00000039759,0.5781382922678777
ENSMUSG00000047777,0.9228414723988159
ENSMUSG00000073700,0.8705694315951235
ENSMUSG00000028952,0.9393789887558628
ENSMUSG00000028950,1.0
ENSMUSG00000028948,0.8459883940348877
ENSMUSG00000039713,0.7213559482207069
ENSMUSG00000024793,1.0
ENSMUSG00000028943,1.0
ENSMUSG00000028940,1.0
ENSMUSG00000028937,0.6289227580533819
ENSMUSG00000085724,1.0
ENSMUSG00000042804,0.8541310052519436
ENSMUSG00000028946,1.0
ENSMUSG00000039662,0.7742212782476297
ENSMUSG00000058498,1.0
ENSMUSG00000028936,0.379465715071754
ENSMUSG00000005045,0.7559861446724524
ENSMUSG00000085179,1.0
ENSMUSG00000028931,0.8144342513304476
ENSMUSG00000090057,1.0
ENSMUSG00000039577,0.8871162870125101
ENSMUSG00000073699,1.0
ENSMUSG00000085648,1.0
ENSMUSG00000087454,1.0
ENSMUSG00000039546,0.7949135725852539
ENSMUSG00000085390,1.0
ENSMUSG00000086272,1.0
ENSMUSG00000047613,0.7801455983931039
ENSMUSG00000029027,0.8806357056326516
ENSMUSG00000039523,0.7041712482748262
ENSMUSG00000029028,0.7574630946615253
ENSMUSG00000078350,0.7488382633811297
ENSMUSG00000039492,1.0
ENSMUSG00000029026,1.0
ENSMUSG00000087071,1.0
ENSMUSG00000029029,0.8496878689390693
ENSMUSG00000029030,0.5286936484971191
ENSMUSG00000057751,0.9395940522919449
ENSMUSG00000029032,1.0
ENSMUSG00000039410,0.5509527118620897
ENSMUSG00000097871,1.0
ENSMUSG00000086565,1.0
ENSMUSG00000084987,1.0
ENSMUSG00000085069,0.8260625824403199
ENSMUSG00000098424,1.0
ENSMUSG00000086810,1.0
ENSMUSG00000051276,
ENSMUSG00000046637,1.0
ENSMUSG00000087437,1.0
ENSMUSG00000058183,1.0
ENSMUSG00000029059,0.7105061705010621
ENSMUSG00000042333,1.0
ENSMUSG00000092483,1.0
ENSMUSG00000048001,0.6476375482340504
ENSMUSG00000029056,0.8061490448970766
ENSMUSG00000029055,0.7632181455343588
ENSMUSG00000073686,1.0
ENSMUSG00000029047,0.8966876114866184
ENSMUSG00000029048,0.5761197386352479
ENSMUSG00000029049,0.8064122427026352
ENSMUSG00000029050,0.45479882531554294
ENSMUSG00000073684,0.7419397876140469
ENSMUSG00000029053,0.5546774860866178
ENSMUSG00000098729,0.9299466197223392
ENSMUSG00000029054,0.7324278139382315
ENSMUSG00000084803,0.8990295723805334
ENSMUSG00000078490,0.7074488201664005
ENSMUSG00000023153,1.0
ENSMUSG00000029064,0.39280280119544936
ENSMUSG00000029063,0.6168769824718563
ENSMUSG00000042202,0.7123897159905115
ENSMUSG00000086682,0.9084142115534433
ENSMUSG00000073682,0.9564815445885885
ENSMUSG00000085063,1.0
ENSMUSG00000029062,0.5727829195411517
ENSMUSG00000029061,1.0
ENSMUSG00000029060,0.7418956033570487
ENSMUSG00000074738,0.9007556373941569
ENSMUSG00000029038,0.6259573618795806
ENSMUSG00000096221,1.0
ENSMUSG00000084845,0.7682200612721187
ENSMUSG00000029036,0.751774272974571
ENSMUSG00000054514,0.9759093804349265
ENSMUSG00000042116,0.5364761480419998
ENSMUSG00000073680,0.4454559702167505
ENSMUSG00000078487,1.0
ENSMUSG00000029066,0.6042629737592367
ENSMUSG00000029068,0.5033568371005743
ENSMUSG00000065990,0.6425442507411946
ENSMUSG00000073679,1.0
ENSMUSG00000029070,0.8525131467149168
ENSMUSG00000029071,0.708500921373893
ENSMUSG00000029072,1.0
ENSMUSG00000029073,0.9119987160736591
ENSMUSG00000029034,0.8339523672342972
ENSMUSG00000051557,0.8875338880656309
ENSMUSG00000029033,0.7299455182706607
ENSMUSG00000023286,0.6405239251733782
ENSMUSG00000023571,0.9371433435413139
ENSMUSG00000050796,0.8868391915936805
ENSMUSG00000029076,0.5608573795692691
ENSMUSG00000029075,1.0
ENSMUSG00000087381,0.915677478531413
ENSMUSG00000041954,1.0
ENSMUSG00000029074,1.0
ENSMUSG00000086549,1.0
ENSMUSG00000059939,0.8475025689746506
ENSMUSG00000110404,1.0
ENSMUSG00000041936,0.5591587845249872
ENSMUSG00000035692,0.9174118824354816
ENSMUSG00000078349,0.774618916662584
ENSMUSG00000078486,1.0
ENSMUSG00000078485,0.7606611220122835
ENSMUSG00000095567,0.7238766059755657
ENSMUSG00000096351,1.0
ENSMUSG00000111895,1.0
ENSMUSG00000057021,1.0
ENSMUSG00000106658,1.0
ENSMUSG00000040274,0.6151107305164801
ENSMUSG00000106588,1.0
ENSMUSG00000105534,1.0
ENSMUSG00000058503,0.6004720019903927
ENSMUSG00000105656,1.0
ENSMUSG00000008307,0.8047030598621622
ENSMUSG00000040302,0.7726525722465625
ENSMUSG00000104891,0.930421471319378
ENSMUSG00000005907,0.7337870603775842
ENSMUSG00000105130,1.0
ENSMUSG00000104950,0.9968914615767008
ENSMUSG00000007415,0.5274109180967366
ENSMUSG00000014529,1.0
ENSMUSG00000040351,0.5247476586311336
ENSMUSG00000000600,0.5170971624208591
ENSMUSG00000040367,1.0
ENSMUSG00000040429,0.8692810426624299
ENSMUSG00000040407,0.45448312912678585
ENSMUSG00000106535,1.0
ENSMUSG00000001467,0.690203817786417
ENSMUSG00000053178,0.9718947829573453
ENSMUSG00000044674,0.7857833319320621
ENSMUSG00000105560,1.0
ENSMUSG00000028926,0.4819875746846948
ENSMUSG00000106212,1.0
ENSMUSG00000105062,1.0
ENSMUSG00000106472,0.9999994458936039
ENSMUSG00000106054,1.0
ENSMUSG00000105287,1.0
ENSMUSG00000105864,1.0
ENSMUSG00000106202,1.0
ENSMUSG00000104867,1.0
ENSMUSG00000079666,1.0
ENSMUSG00000046798,0.8236200284074587
ENSMUSG00000040464,0.8667181438434122
ENSMUSG00000073234,1.0
ENSMUSG00000040473,0.8792341034719772
ENSMUSG00000015653,0.8922838856505446
ENSMUSG00000015652,1.0
ENSMUSG00000106064,1.0
ENSMUSG00000092094,0.7155663994360271
ENSMUSG00000040514,1.0
ENSMUSG00000105068,1.0
ENSMUSG00000012428,1.0
ENSMUSG00000086528,1.0
ENSMUSG00000003161,0.571298209607838
ENSMUSG00000040537,0.5409925561040797
ENSMUSG00000002297,1.0
ENSMUSG00000054099,0.7819471181144524
ENSMUSG00000040570,0.5394420990470096
ENSMUSG00000040584,0.40857596801285273
ENSMUSG00000097279,1.0
ENSMUSG00000028970,0.7702584037671403
ENSMUSG00000042476,0.8147241260010362
ENSMUSG00000003623,0.662148848970003
ENSMUSG00000084923,1.0
ENSMUSG00000114430,1.0
ENSMUSG00000079659,0.5403989234619984
ENSMUSG00000042508,0.5746168771194097
ENSMUSG00000089926,1.0
ENSMUSG00000056004,0.6315179817437151
ENSMUSG00000003974,0.32971443012372137
ENSMUSG00000073226,1.0
ENSMUSG00000069355,1.0
ENSMUSG00000105157,1.0
ENSMUSG00000091422,
ENSMUSG00000106652,
ENSMUSG00000095710,1.0
ENSMUSG00000091933,
ENSMUSG00000105978,
ENSMUSG00000106506,1.0
ENSMUSG00000094025,1.0
ENSMUSG00000104982,1.0
ENSMUSG00000095918,1.0
ENSMUSG00000104811,1.0
ENSMUSG00000096846,1.0
ENSMUSG00000106148,1.0
ENSMUSG00000095829,1.0
ENSMUSG00000106034,1.0
ENSMUSG00000096732,1.0
ENSMUSG00000105688,1.0
ENSMUSG00000095296,
ENSMUSG00000104789,
ENSMUSG00000091903,
ENSMUSG00000105299,1.0
ENSMUSG00000094105,
ENSMUSG00000099391,1.0
ENSMUSG00000094205,
ENSMUSG00000105479,1.0
ENSMUSG00000094036,
ENSMUSG00000106026,1.0
ENSMUSG00000067848,
ENSMUSG00000099516,1.0
ENSMUSG00000104941,1.0
ENSMUSG00000040254,0.7777911296121244
ENSMUSG00000028883,0.8970933502754698
ENSMUSG00000104638,1.0
ENSMUSG00000067855,1.0
ENSMUSG00000063531,0.8692180456650951
ENSMUSG00000085352,1.0
ENSMUSG00000061601,0.462010941830391
ENSMUSG00000097976,1.0
ENSMUSG00000098233,0.942448387256778
ENSMUSG00000033219,1.0
ENSMUSG00000091255,1.0
ENSMUSG00000072188,1.0
ENSMUSG00000091897,1.0
ENSMUSG00000106004,1.0
ENSMUSG00000099762,1.0
ENSMUSG00000094230,1.0
ENSMUSG00000106445,1.0
ENSMUSG00000105300,1.0
ENSMUSG00000096878,1.0
ENSMUSG00000070933,1.0
ENSMUSG00000069720,1.0
ENSMUSG00000089871,1.0
ENSMUSG00000073208,1.0
ENSMUSG00000105185,1.0
ENSMUSG00000096936,0.9923992922476979
ENSMUSG00000040118,0.5282223723825908
ENSMUSG00000104886,1.0
ENSMUSG00000028864,0.9694597836212261
ENSMUSG00000109903,1.0
ENSMUSG00000099854,
ENSMUSG00000091827,1.0
ENSMUSG00000058643,1.0
ENSMUSG00000028780,0.46269331463337854
ENSMUSG00000002944,1.0
ENSMUSG00000028777,1.0
ENSMUSG00000057614,0.5515128401082297
ENSMUSG00000104718,1.0
ENSMUSG00000097626,0.8121504408973944
ENSMUSG00000040003,0.2610187932579564
ENSMUSG00000073174,1.0
ENSMUSG00000039987,0.7196623776705167
ENSMUSG00000045435,0.6893961539789092
ENSMUSG00000039968,0.5117347092902961
ENSMUSG00000101013,0.8714716000489889
ENSMUSG00000028771,0.5774123415569375
ENSMUSG00000039934,0.6739148523733245
ENSMUSG00000064280,1.0
ENSMUSG00000039899,1.0
ENSMUSG00000047221,0.7884598990194611
ENSMUSG00000048520,1.0
ENSMUSG00000039883,1.0
ENSMUSG00000038525,0.8487852161978054
ENSMUSG00000044968,0.8051342881444549
ENSMUSG00000029017,0.8059103489751492
ENSMUSG00000029014,0.7363466951970373
ENSMUSG00000028932,0.7103026720095599
ENSMUSG00000029015,1.0
ENSMUSG00000042453,0.5455700909223777
ENSMUSG00000073152,1.0
ENSMUSG00000090226,1.0
ENSMUSG00000105106,1.0
ENSMUSG00000029012,0.7442110914056999
ENSMUSG00000097207,0.7473790246318249
ENSMUSG00000105076,1.0
ENSMUSG00000106379,0.4865638857320428
ENSMUSG00000104866,1.0
ENSMUSG00000105254,1.0
ENSMUSG00000073147,0.549591049309003
ENSMUSG00000106269,1.0
ENSMUSG00000029004,0.41145281775426706
ENSMUSG00000062604,0.4985381548351448
ENSMUSG00000105565,1.0
ENSMUSG00000105987,0.9526932825992896
ENSMUSG00000057541,0.7703273364497583
ENSMUSG00000028999,0.7156981919037415
ENSMUSG00000028998,0.50847711865405
ENSMUSG00000097180,0.9788664073120747
ENSMUSG00000028995,0.6108313789153996
ENSMUSG00000028986,0.5924099586238186
ENSMUSG00000048439,0.7687901591316659
ENSMUSG00000038319,0.987625673445625
ENSMUSG00000086729,1.0
ENSMUSG00000028978,0.7154466647360491
ENSMUSG00000086769,1.0
ENSMUSG00000038295,1.0
ENSMUSG00000028973,0.749129248073283
ENSMUSG00000038276,1.0
ENSMUSG00000028969,0.6745958108993658
ENSMUSG00000028962,0.6573054264440377
ENSMUSG00000028959,0.7216823562648603
ENSMUSG00000028958,0.8589597142628799
ENSMUSG00000105858,1.0
ENSMUSG00000023353,0.6308815973904431
ENSMUSG00000067724,1.0
ENSMUSG00000038204,1.0
ENSMUSG00000038199,1.0
ENSMUSG00000028953,0.7526563516469806
ENSMUSG00000038181,0.7655182576496535
ENSMUSG00000028949,0.6980492924614333
ENSMUSG00000028954,0.5904347633076598
ENSMUSG00000097275,1.0
ENSMUSG00000055235,1.0
ENSMUSG00000038135,1.0
ENSMUSG00000028945,0.5421731591166832
ENSMUSG00000028944,0.5972417458338124
ENSMUSG00000087314,1.0
ENSMUSG00000086446,1.0
ENSMUSG00000059631,0.9588420627105713
ENSMUSG00000043833,0.976521650211462
ENSMUSG00000028938,1.0
ENSMUSG00000038072,0.6844763876686568
ENSMUSG00000054116,1.0
ENSMUSG00000038056,0.416695096923471
ENSMUSG00000038044,1.0
ENSMUSG00000101856,0.862922686775541
ENSMUSG00000059244,0.9323196937539235
ENSMUSG00000106144,1.0
ENSMUSG00000028933,0.9311246346558076
ENSMUSG00000056367,0.7144805168121958
ENSMUSG00000105052,1.0
ENSMUSG00000104824,1.0
ENSMUSG00000095550,1.0
ENSMUSG00000106627,1.0
ENSMUSG00000096045,1.0
ENSMUSG00000091049,1.0
ENSMUSG00000067700,1.0
ENSMUSG00000073119,1.0
ENSMUSG00000073117,1.0
ENSMUSG00000073116,1.0
ENSMUSG00000051940,1.0
ENSMUSG00000067698,1.0
ENSMUSG00000059645,1.0
ENSMUSG00000029044,1.0
ENSMUSG00000061576,0.4226120797617069
ENSMUSG00000048703,1.0
ENSMUSG00000086505,1.0
ENSMUSG00000002221,0.7507528953227401
ENSMUSG00000039106,1.0
ENSMUSG00000097673,1.0
ENSMUSG00000045294,0.600212053730252
ENSMUSG00000039095,0.7737681332819182
ENSMUSG00000044681,0.739011267347711
ENSMUSG00000048271,0.5661082249770979
ENSMUSG00000002633,1.0
ENSMUSG00000097726,0.9808657385701873
ENSMUSG00000029130,0.8969702116992392
ENSMUSG00000010721,0.6553879514257712
ENSMUSG00000097561,1.0
ENSMUSG00000001569,0.719576303656385
ENSMUSG00000001566,1.0
ENSMUSG00000039000,0.5293393556753183
ENSMUSG00000053121,1.0
ENSMUSG00000029131,0.5230606548446024
ENSMUSG00000105437,1.0
ENSMUSG00000105439,1.0
ENSMUSG00000025746,1.0
ENSMUSG00000025747,0.9652171234906404
ENSMUSG00000104667,1.0
ENSMUSG00000086815,0.8819607033500791
ENSMUSG00000044576,0.8068260482559791
ENSMUSG00000025745,0.606104375641284
ENSMUSG00000059447,0.6336799641536667
ENSMUSG00000067642,1.0
ENSMUSG00000075703,0.7018841795339387
ENSMUSG00000073102,0.9828347172970971
ENSMUSG00000106311,1.0
ENSMUSG00000062372,0.9926561601839495
ENSMUSG00000029182,1.0
ENSMUSG00000053194,1.0
ENSMUSG00000106300,1.0
ENSMUSG00000053214,0.983546979008226
ENSMUSG00000049265,0.7168730199343215
ENSMUSG00000029175,0.728486876250753
ENSMUSG00000029177,1.0
ENSMUSG00000029168,0.8614730296209749
ENSMUSG00000106173,1.0
ENSMUSG00000029166,0.5921599918539187
ENSMUSG00000106229,0.9076901351930089
ENSMUSG00000087258,1.0
ENSMUSG00000038828,0.7308304185428408
ENSMUSG00000029165,0.8716659630097585
ENSMUSG00000038803,0.5415391470370885
ENSMUSG00000029163,1.0
ENSMUSG00000029162,0.877777033958106
ENSMUSG00000029161,1.0
ENSMUSG00000045302,0.5908270058377775
ENSMUSG00000006642,1.0
ENSMUSG00000006641,0.915858280939583
ENSMUSG00000013622,0.5606334386136307
ENSMUSG00000013629,0.9189221645888568
ENSMUSG00000029151,0.9517223653011019
ENSMUSG00000053856,1.0
ENSMUSG00000062077,1.0
ENSMUSG00000107265,1.0
ENSMUSG00000038676,1.0
ENSMUSG00000107283,0.6296956122640222
ENSMUSG00000106864,0.5896222224434063
ENSMUSG00000029145,0.7123017367749772
ENSMUSG00000029146,0.6301756904009325
ENSMUSG00000043059,0.8352919771990275
ENSMUSG00000029147,0.668809191815353
ENSMUSG00000055424,1.0
ENSMUSG00000029148,0.6342035255107016
ENSMUSG00000029149,1.0
ENSMUSG00000038564,0.7516043125221067
ENSMUSG00000038552,0.7012698392536434
ENSMUSG00000059434,1.0
ENSMUSG00000062761,0.6602654063621647
ENSMUSG00000029138,1.0
ENSMUSG00000107142,1.0
ENSMUSG00000064037,0.8014137238316955
ENSMUSG00000053134,0.804502455322971
ENSMUSG00000029141,0.7350143160193136
ENSMUSG00000107352,0.988380581780215
ENSMUSG00000107355,1.0
ENSMUSG00000106918,0.6001175205938581
ENSMUSG00000029136,0.7391417457835604
ENSMUSG00000052139,0.525359740723508
ENSMUSG00000106894,1.0
ENSMUSG00000029135,0.8475847545454646
ENSMUSG00000029134,1.0
ENSMUSG00000107078,1.0
ENSMUSG00000107036,1.0
ENSMUSG00000014956,0.48011331423773257
ENSMUSG00000085234,0.7703664801021625
ENSMUSG00000014932,0.6420322408076132
ENSMUSG00000023452,0.6687877555338602
ENSMUSG00000105647,
ENSMUSG00000054280,0.5703597366126638
ENSMUSG00000037426,0.6045092112398741
ENSMUSG00000018965,0.492341780267258
ENSMUSG00000011034,1.0
ENSMUSG00000037379,1.0
ENSMUSG00000037373,0.5431638649915407
ENSMUSG00000092275,1.0
ENSMUSG00000079562,0.671192148947695
ENSMUSG00000037355,0.7137639370809684
ENSMUSG00000029112,1.0
ENSMUSG00000107248,
ENSMUSG00000037339,0.7471920994610146
ENSMUSG00000097271,1.0
ENSMUSG00000004642,0.7615389362672588
ENSMUSG00000019295,0.7768417078495737
ENSMUSG00000037313,0.9907552765115131
ENSMUSG00000054252,0.4558968132459542
ENSMUSG00000005299,0.6793182130483045
ENSMUSG00000057406,0.5909640495804782
ENSMUSG00000029111,0.7616610628103678
ENSMUSG00000107043,1.0
ENSMUSG00000106688,1.0
ENSMUSG00000070858,0.6715333217184976
ENSMUSG00000048142,0.6956406293650839
ENSMUSG00000045102,0.9466084331340895
ENSMUSG00000106902,1.0
ENSMUSG00000079555,0.8084452406981849
ENSMUSG00000037235,0.4638926151091451
ENSMUSG00000106702,1.0
ENSMUSG00000037224,0.6908160705916372
ENSMUSG00000086291,0.9448356362666902
ENSMUSG00000106888,1.0
ENSMUSG00000109572,1.0
ENSMUSG00000107287,1.0
ENSMUSG00000029110,0.6612773394927258
ENSMUSG00000037210,0.5145489417489013
ENSMUSG00000059866,0.7711844723249862
ENSMUSG00000054520,0.8243805543167868
ENSMUSG00000029106,0.4558970213259993
ENSMUSG00000001082,0.8867882112467161
ENSMUSG00000036693,0.7851709050071455
ENSMUSG00000085166,1.0
ENSMUSG00000052783,0.6694828808211685
ENSMUSG00000107246,1.0
ENSMUSG00000029104,0.5799139166087656
ENSMUSG00000051246,1.0
ENSMUSG00000029101,0.562851024733906
ENSMUSG00000107040,1.0
ENSMUSG00000029102,1.0
ENSMUSG00000044716,0.7708116233927694
ENSMUSG00000029103,0.6065797721867376
ENSMUSG00000045318,0.9696426910260633
ENSMUSG00000106762,1.0
ENSMUSG00000055944,
ENSMUSG00000067438,1.0
ENSMUSG00000036596,1.0
ENSMUSG00000029097,0.9531557312890795
ENSMUSG00000055061,1.0
ENSMUSG00000029098,0.7132852457711537
ENSMUSG00000029096,0.934501792856509
ENSMUSG00000036553,0.9260766215045414
ENSMUSG00000087703,1.0
ENSMUSG00000029095,0.6192598654588806
ENSMUSG00000029094,0.7002639074845151
ENSMUSG00000029093,0.5875020877227957
ENSMUSG00000043430,1.0
ENSMUSG00000039563,1.0
ENSMUSG00000029198,0.6989101082453251
ENSMUSG00000029196,0.8155480928504851
ENSMUSG00000050677,1.0
ENSMUSG00000029192,0.5303341203710032
ENSMUSG00000029190,0.5430678709162715
ENSMUSG00000060708,0.7958401379861626
ENSMUSG00000107081,1.0
ENSMUSG00000055302,0.4239929636144133
ENSMUSG00000029119,0.9073286558799747
ENSMUSG00000029120,0.5327233540885411
ENSMUSG00000087487,1.0
ENSMUSG00000039474,0.7587926871979642
ENSMUSG00000063646,0.7598154426621091
ENSMUSG00000097686,1.0
ENSMUSG00000117286,0.903908295655294
ENSMUSG00000113373,
ENSMUSG00000029121,0.7193054929093259
ENSMUSG00000029122,0.9193105346513257
ENSMUSG00000050248,0.8839649241829444
ENSMUSG00000029123,1.0
ENSMUSG00000062329,1.0
ENSMUSG00000107131,
ENSMUSG00000048450,0.9685798165811556
ENSMUSG00000106718,1.0
ENSMUSG00000107126,1.0
ENSMUSG00000029125,0.6824107716503888
ENSMUSG00000029126,0.6500891699440263
ENSMUSG00000029127,0.9006118634452422
ENSMUSG00000067367,0.7812667262146872
ENSMUSG00000067365,0.6869794138812938
ENSMUSG00000051596,1.0
ENSMUSG00000097029,1.0
ENSMUSG00000039358,1.0
ENSMUSG00000106932,1.0
ENSMUSG00000005107,0.9788992034702639
ENSMUSG00000005103,0.6252121041020156
ENSMUSG00000046572,0.9115774620574273
ENSMUSG00000039315,1.0
ENSMUSG00000079528,1.0
ENSMUSG00000106794,1.0
ENSMUSG00000107031,1.0
ENSMUSG00000106679,1.0
ENSMUSG00000106741,1.0
ENSMUSG00000051022,0.7131972994758773
ENSMUSG00000107070,1.0
ENSMUSG00000029128,0.5886836089792131
ENSMUSG00000049691,1.0
ENSMUSG00000061755,0.49995611609902246
ENSMUSG00000067285,1.0
ENSMUSG00000107193,1.0
ENSMUSG00000106501,1.0
ENSMUSG00000085720,0.8107907464893607
ENSMUSG00000039782,0.5447152483603822
ENSMUSG00000104846,1.0
ENSMUSG00000107244,1.0
ENSMUSG00000104691,1.0
ENSMUSG00000061535,0.9214811400756882
ENSMUSG00000087290,1.0
ENSMUSG00000039765,0.6419845737542537
ENSMUSG00000039753,0.5752758026458754
ENSMUSG00000104701,1.0
ENSMUSG00000029082,1.0
ENSMUSG00000029084,0.6482589137271034
ENSMUSG00000086479,1.0
ENSMUSG00000087281,1.0
ENSMUSG00000033036,1.0
ENSMUSG00000048373,1.0
ENSMUSG00000029086,0.5817159937806241
ENSMUSG00000105264,1.0
ENSMUSG00000072962,1.0
ENSMUSG00000105353,
ENSMUSG00000046985,0.6238584876935677
ENSMUSG00000105503,0.9674229686066282
ENSMUSG00000104784,0.7898409229440815
ENSMUSG00000104800,1.0
ENSMUSG00000039706,0.6778849116315404
ENSMUSG00000104894,1.0
ENSMUSG00000105224,1.0
ENSMUSG00000106656,1.0
ENSMUSG00000062496,1.0
ENSMUSG00000029092,1.0
ENSMUSG00000104781,1.0
ENSMUSG00000015806,0.3495457446022568
ENSMUSG00000105255,0.7249801947679301
ENSMUSG00000049530,1.0
ENSMUSG00000039682,0.5707495561450361
ENSMUSG00000015804,0.5957695399099409
ENSMUSG00000015879,0.828036398923715
ENSMUSG00000097825,1.0
ENSMUSG00000015880,1.0
ENSMUSG00000015882,0.4965424992179448
ENSMUSG00000106602,1.0
ENSMUSG00000031558,0.7618753970556748
ENSMUSG00000092309,1.0
ENSMUSG00000092559,1.0
ENSMUSG00000029089,0.8110584010249688
ENSMUSG00000029088,0.32146882833930024
ENSMUSG00000093502,1.0
ENSMUSG00000029090,0.7385381443749349
ENSMUSG00000104870,1.0
ENSMUSG00000105423,1.0
ENSMUSG00000105320,1.0
ENSMUSG00000029167,0.6034868013936002
ENSMUSG00000104847,1.0
ENSMUSG00000029169,0.5850434345944341
ENSMUSG00000097145,0.8065361380612519
ENSMUSG00000106464,1.0
ENSMUSG00000104751,
ENSMUSG00000072941,0.7208069778858338
ENSMUSG00000045790,0.8353943289213898
ENSMUSG00000106380,1.0
ENSMUSG00000039252,0.9182145253745996
ENSMUSG00000104829,1.0
ENSMUSG00000052295,1.0
ENSMUSG00000029173,0.7709705134327015
ENSMUSG00000029186,0.9136475353129248
ENSMUSG00000029179,0.7733888068669347
ENSMUSG00000029176,0.7054089751878722
ENSMUSG00000106352,1.0
ENSMUSG00000106538,1.0
ENSMUSG00000029188,1.0
ENSMUSG00000090642,
ENSMUSG00000029189,0.6574370598989969
ENSMUSG00000061461,0.7034429321397834
ENSMUSG00000106981,0.9459541426415495
ENSMUSG00000106808,1.0
ENSMUSG00000039191,0.6010687401632859
ENSMUSG00000106807,1.0
ENSMUSG00000107111,1.0
ENSMUSG00000029193,1.0
ENSMUSG00000039178,0.6706792046387288
ENSMUSG00000039156,0.5908651231161341
ENSMUSG00000105912,1.0
ENSMUSG00000097216,0.9593140244617877
ENSMUSG00000029108,0.3993491273393043
ENSMUSG00000105234,1.0
ENSMUSG00000100557,1.0
ENSMUSG00000106634,1.0
ENSMUSG00000106013,1.0
ENSMUSG00000105903,1.0
ENSMUSG00000089992,1.0
ENSMUSG00000037999,0.4174192296469971
ENSMUSG00000090326,1.0
ENSMUSG00000090061,0.8484332209396548
ENSMUSG00000060512,0.5604289868870163
ENSMUSG00000047881,0.6473657916546098
ENSMUSG00000087552,1.0
ENSMUSG00000106219,0.9263728745329866
ENSMUSG00000029171,0.8563275956069683
ENSMUSG00000029174,0.6011366269248236
ENSMUSG00000105730,1.0
ENSMUSG00000105443,1.0
ENSMUSG00000105105,1.0
ENSMUSG00000100911,1.0
ENSMUSG00000105352,0.8349408570544743
ENSMUSG00000105402,1.0
ENSMUSG00000105183,1.0
ENSMUSG00000104928,1.0
ENSMUSG00000097668,1.0
ENSMUSG00000097640,0.9177173065604343
ENSMUSG00000029178,0.5172560973228992
ENSMUSG00000044827,1.0
ENSMUSG00000051498,1.0
ENSMUSG00000029185,0.8299039082314045
ENSMUSG00000037913,1.0
ENSMUSG00000054920,0.5122610253382577
ENSMUSG00000037890,0.813575596320696
ENSMUSG00000029191,0.605272823903917
ENSMUSG00000029195,1.0
ENSMUSG00000047215,0.27733409475781406
ENSMUSG00000029199,0.709862040169512
ENSMUSG00000029201,0.74062121719498
ENSMUSG00000037822,0.5066118057410453
ENSMUSG00000029203,0.5146714481212803
ENSMUSG00000107102,0.9203568496369617
ENSMUSG00000029202,0.53638991059872
ENSMUSG00000106978,0.961117860069419
ENSMUSG00000037795,0.7482741813133044
ENSMUSG00000029204,0.6395668103367285
ENSMUSG00000029205,1.0
ENSMUSG00000054598,1.0
ENSMUSG00000070780,0.6301322464289325
ENSMUSG00000097092,1.0
ENSMUSG00000107014,1.0
ENSMUSG00000029206,0.7994515989927771
ENSMUSG00000029207,0.4021813769182216
ENSMUSG00000087601,1.0
ENSMUSG00000029223,0.6386816855910872
ENSMUSG00000037736,0.38872015747492045
ENSMUSG00000085839,1.0
ENSMUSG00000086964,1.0
ENSMUSG00000012520,1.0
ENSMUSG00000107319,1.0
ENSMUSG00000037720,0.6144158140845855
ENSMUSG00000029221,0.5837729014286952
ENSMUSG00000107266,1.0
ENSMUSG00000092060,0.9817351127270173
ENSMUSG00000097840,1.0
ENSMUSG00000107385,1.0
ENSMUSG00000050010,1.0
ENSMUSG00000037685,0.38086330829708054
ENSMUSG00000085363,0.7199643738013244
ENSMUSG00000087261,1.0
ENSMUSG00000095346,1.0
ENSMUSG00000106880,1.0
ENSMUSG00000094719,1.0
ENSMUSG00000068082,1.0
ENSMUSG00000037653,0.5618228880901611
ENSMUSG00000029158,1.0
ENSMUSG00000029208,0.7367182822896238
ENSMUSG00000029209,0.7385904411529685
ENSMUSG00000001260,0.6467115828442703
ENSMUSG00000000560,0.5653021138307325
ENSMUSG00000049387,0.9994506779412798
ENSMUSG00000029211,0.7275470813803366
ENSMUSG00000029212,0.3341138503093729
ENSMUSG00000105489,0.7835112537964694
ENSMUSG00000029213,0.603017555737561
ENSMUSG00000005220,1.0
ENSMUSG00000093400,1.0
ENSMUSG00000093771,1.0
ENSMUSG00000072889,0.7581418430734496
ENSMUSG00000063935,1.0
ENSMUSG00000060204,1.0
ENSMUSG00000067220,1.0
ENSMUSG00000106136,
ENSMUSG00000067219,1.0
ENSMUSG00000054892,1.0
ENSMUSG00000029217,0.6852870607871434
ENSMUSG00000036087,0.6331092369641986
ENSMUSG00000063656,1.0
ENSMUSG00000029219,1.0
ENSMUSG00000070733,0.4277115647754393
ENSMUSG00000086376,1.0
ENSMUSG00000090561,1.0
ENSMUSG00000107087,1.0
ENSMUSG00000100175,1.0
ENSMUSG00000029152,0.5720206410980887
ENSMUSG00000029153,0.8375687441026239
ENSMUSG00000029154,1.0
ENSMUSG00000051674,0.7107048454862602
ENSMUSG00000067206,1.0
ENSMUSG00000029156,0.7278572647326587
ENSMUSG00000029155,1.0
ENSMUSG00000107027,1.0
ENSMUSG00000106968,1.0
ENSMUSG00000054814,0.5906643869859813
ENSMUSG00000087250,1.0
ENSMUSG00000086234,1.0
ENSMUSG00000106943,0.7695905254745162
ENSMUSG00000049907,0.8274366822529919
ENSMUSG00000062110,0.6234711716533342
ENSMUSG00000029227,0.5685851904840018
ENSMUSG00000029228,0.7843356813247755
ENSMUSG00000085657,1.0
ENSMUSG00000085497,1.0
ENSMUSG00000106987,1.0
ENSMUSG00000072874,1.0
ENSMUSG00000029229,0.5866186040794424
ENSMUSG00000035946,1.0
ENSMUSG00000107192,1.0
ENSMUSG00000029231,0.6286697423775716
ENSMUSG00000106760,1.0
ENSMUSG00000107386,1.0
ENSMUSG00000005672,0.7794394215142534
ENSMUSG00000106754,1.0
ENSMUSG00000106726,1.0
ENSMUSG00000107061,1.0
ENSMUSG00000100936,1.0
ENSMUSG00000062960,0.5973443171038277
ENSMUSG00000106756,1.0
ENSMUSG00000029233,0.8549704950891517
ENSMUSG00000029234,0.6360718475984495
ENSMUSG00000029238,0.5311664313477027
ENSMUSG00000098449,0.9892732609094633
ENSMUSG00000029235,1.0
ENSMUSG00000087037,1.0
ENSMUSG00000029236,1.0
ENSMUSG00000091204,1.0
ENSMUSG00000036435,0.6794683556417367
ENSMUSG00000036403,0.7849571942001307
ENSMUSG00000036377,0.682038204377965
ENSMUSG00000055923,0.832969763472948
ENSMUSG00000029246,0.875070559827854
ENSMUSG00000029247,0.6418994301793252
ENSMUSG00000036323,0.6184453466960965
ENSMUSG00000063820,1.0
ENSMUSG00000086632,1.0
ENSMUSG00000029248,1.0
ENSMUSG00000059325,0.6203805254748337
ENSMUSG00000087541,1.0
ENSMUSG00000085858,1.0
ENSMUSG00000106783,1.0
ENSMUSG00000053030,1.0
ENSMUSG00000029249,0.7201384337264451
ENSMUSG00000036285,0.8829595302671015
ENSMUSG00000029250,0.7216238054722645
ENSMUSG00000036256,0.3836384838037148
ENSMUSG00000106828,1.0
ENSMUSG00000106906,1.0
ENSMUSG00000107232,1.0
ENSMUSG00000106985,1.0
ENSMUSG00000037605,0.35230430685159336
ENSMUSG00000087431,1.0
ENSMUSG00000099863,1.0
ENSMUSG00000049537,1.0
ENSMUSG00000029245,0.5728745297582422
ENSMUSG00000106598,1.0
ENSMUSG00000104878,1.0
ENSMUSG00000029253,0.6543204246580526
ENSMUSG00000029254,1.0
ENSMUSG00000035898,0.6796475641043116
ENSMUSG00000029255,1.0
ENSMUSG00000061184,1.0
ENSMUSG00000061259,1.0
ENSMUSG00000072845,1.0
ENSMUSG00000079451,1.0
ENSMUSG00000048764,1.0
ENSMUSG00000035861,1.0
ENSMUSG00000106507,1.0
ENSMUSG00000054537,1.0
ENSMUSG00000089851,1.0
ENSMUSG00000104937,1.0
ENSMUSG00000035851,0.5057460383304171
ENSMUSG00000029260,1.0
ENSMUSG00000035836,1.0
ENSMUSG00000035811,1.0
ENSMUSG00000070704,1.0
ENSMUSG00000054630,1.0
ENSMUSG00000057425,1.0
ENSMUSG00000035780,1.0
ENSMUSG00000061906,1.0
ENSMUSG00000029268,
ENSMUSG00000106677,1.0
ENSMUSG00000029269,1.0
ENSMUSG00000029273,1.0
ENSMUSG00000029272,1.0
ENSMUSG00000070702,1.0
ENSMUSG00000063157,
ENSMUSG00000061937,1.0
ENSMUSG00000061388,1.0
ENSMUSG00000002240,1.0
ENSMUSG00000104839,1.0
ENSMUSG00000009580,1.0
ENSMUSG00000099605,1.0
ENSMUSG00000105888,1.0
ENSMUSG00000001622,1.0
ENSMUSG00000055961,
ENSMUSG00000007457,1.0
ENSMUSG00000007907,1.0
ENSMUSG00000029280,1.0
ENSMUSG00000029281,1.0
ENSMUSG00000079439,
ENSMUSG00000079438,
ENSMUSG00000090302,1.0
ENSMUSG00000064156,1.0
ENSMUSG00000029282,1.0
ENSMUSG00000029288,1.0
ENSMUSG00000029286,1.0
ENSMUSG00000067149,1.0
ENSMUSG00000070697,0.7084713552708168
ENSMUSG00000029291,0.5057964690682387
ENSMUSG00000044221,0.7178652373230335
ENSMUSG00000006262,0.7029631215782025
ENSMUSG00000029366,0.9035918477300942
ENSMUSG00000105640,0.7754181399852241
ENSMUSG00000060961,0.3159536946575895
ENSMUSG00000035540,1.0
ENSMUSG00000035528,1.0
ENSMUSG00000043635,0.8903683235043897
ENSMUSG00000035505,0.8233184313423729
ENSMUSG00000055204,0.47780702242305556
ENSMUSG00000054945,1.0
ENSMUSG00000029368,1.0
ENSMUSG00000054932,1.0
ENSMUSG00000106788,1.0
ENSMUSG00000029369,1.0
ENSMUSG00000106863,1.0
ENSMUSG00000070690,1.0
ENSMUSG00000029370,1.0
ENSMUSG00000029371,1.0
ENSMUSG00000029372,1.0
ENSMUSG00000029373,1.0
ENSMUSG00000029379,1.0
ENSMUSG00000029375,1.0
ENSMUSG00000107044,1.0
ENSMUSG00000029380,1.0
ENSMUSG00000058427,1.0
ENSMUSG00000107218,1.0
ENSMUSG00000029376,0.6689855099143599
ENSMUSG00000035020,1.0
ENSMUSG00000107350,1.0
ENSMUSG00000029377,1.0
ENSMUSG00000029378,1.0
ENSMUSG00000107198,1.0
ENSMUSG00000082361,1.0
ENSMUSG00000034981,0.6374409543249451
ENSMUSG00000099468,1.0
ENSMUSG00000101978,1.0
ENSMUSG00000107301,1.0
ENSMUSG00000029397,0.6153395018868565
ENSMUSG00000096035,1.0
ENSMUSG00000029403,0.8991148639470105
ENSMUSG00000029405,0.5527132770131107
ENSMUSG00000029407,0.6173199684781923
ENSMUSG00000029409,1.0
ENSMUSG00000029410,1.0
ENSMUSG00000029413,0.7139731121887679
ENSMUSG00000029415,0.830024967216651
ENSMUSG00000106698,1.0
ENSMUSG00000029417,1.0
ENSMUSG00000034842,0.7728774445655926
ENSMUSG00000034855,1.0
ENSMUSG00000034826,0.7678079642933284
ENSMUSG00000029426,0.5075412684500817
ENSMUSG00000057068,1.0
ENSMUSG00000047963,1.0
ENSMUSG00000050050,1.0
ENSMUSG00000029381,0.6806651356805604
ENSMUSG00000092266,1.0
ENSMUSG00000045314,0.9909178608168293
ENSMUSG00000058013,0.5238857299638633
ENSMUSG00000063015,0.5450862981433836
ENSMUSG00000029384,0.987833328679683
ENSMUSG00000029385,0.709168614134749
ENSMUSG00000096044,1.0
ENSMUSG00000070686,1.0
ENSMUSG00000107392,
ENSMUSG00000096230,
ENSMUSG00000072822,1.0
ENSMUSG00000072821,
ENSMUSG00000096259,
ENSMUSG00000094560,
ENSMUSG00000095718,
ENSMUSG00000073497,1.0
ENSMUSG00000074011,
ENSMUSG00000095074,
ENSMUSG00000095503,
ENSMUSG00000094195,
ENSMUSG00000092073,1.0
ENSMUSG00000095954,1.0
ENSMUSG00000096742,1.0
ENSMUSG00000092166,
ENSMUSG00000095996,1.0
ENSMUSG00000096066,1.0
ENSMUSG00000079424,1.0
ENSMUSG00000070677,1.0
ENSMUSG00000079423,1.0
ENSMUSG00000094043,
ENSMUSG00000096139,1.0
ENSMUSG00000072814,
ENSMUSG00000072813,1.0
ENSMUSG00000023078,1.0
ENSMUSG00000034724,0.5207623128680047
ENSMUSG00000029486,0.7220413865578854
ENSMUSG00000034687,0.8845824493714675
ENSMUSG00000106263,1.0
ENSMUSG00000106526,1.0
ENSMUSG00000029484,0.5092807750297332
ENSMUSG00000104955,1.0
ENSMUSG00000106319,1.0
ENSMUSG00000105283,1.0
ENSMUSG00000106357,1.0
ENSMUSG00000105006,1.0
ENSMUSG00000034663,0.4543037530618736
ENSMUSG00000055725,0.8300978059484619
ENSMUSG00000104736,1.0
ENSMUSG00000105850,1.0
ENSMUSG00000104717,1.0
ENSMUSG00000046000,1.0
ENSMUSG00000097516,1.0
ENSMUSG00000050553,1.0
ENSMUSG00000029338,0.8850509574839358
ENSMUSG00000035456,0.8977158742454313
ENSMUSG00000045238,1.0
ENSMUSG00000029337,1.0
ENSMUSG00000057816,1.0
ENSMUSG00000079416,
ENSMUSG00000067101,1.0
ENSMUSG00000029335,1.0
ENSMUSG00000029334,0.8897244689187042
ENSMUSG00000105579,1.0
ENSMUSG00000089809,0.593915808674208
ENSMUSG00000105686,1.0
ENSMUSG00000104753,1.0
ENSMUSG00000090006,1.0
ENSMUSG00000090146,1.0
ENSMUSG00000089743,1.0
ENSMUSG00000029331,1.0
ENSMUSG00000105218,1.0
ENSMUSG00000105078,1.0
ENSMUSG00000000568,0.5696320879311655
ENSMUSG00000091623,0.9723415604865353
ENSMUSG00000029328,0.5261316433940562
ENSMUSG00000029326,0.710157950959543
ENSMUSG00000050640,0.8489051399834678
ENSMUSG00000086259,1.0
ENSMUSG00000103927,1.0
ENSMUSG00000100157,1.0
ENSMUSG00000035325,0.6510122199345884
ENSMUSG00000097772,0.8640460510159703
ENSMUSG00000035310,0.7519963955004754
ENSMUSG00000035297,0.6320828698252129
ENSMUSG00000029322,1.0
ENSMUSG00000029319,0.6699127553306186
ENSMUSG00000085269,1.0
ENSMUSG00000035273,1.0
ENSMUSG00000035266,0.8106567201438234
ENSMUSG00000016833,0.7107551746107521
ENSMUSG00000035234,0.8821524799722291
ENSMUSG00000105755,1.0
ENSMUSG00000087611,1.0
ENSMUSG00000029314,1.0
ENSMUSG00000106255,1.0
ENSMUSG00000092503,1.0
ENSMUSG00000035187,1.0
ENSMUSG00000105097,1.0
ENSMUSG00000106164,1.0
ENSMUSG00000029330,0.7329673510460324
ENSMUSG00000043940,0.4344404579832937
ENSMUSG00000092354,1.0
ENSMUSG00000106492,1.0
ENSMUSG00000106586,1.0
ENSMUSG00000057315,0.6554690989903661
ENSMUSG00000046709,0.4981176758826096
ENSMUSG00000104956,1.0
ENSMUSG00000105426,1.0
ENSMUSG00000104684,1.0
ENSMUSG00000034573,0.6343305441763115
ENSMUSG00000104580,1.0
ENSMUSG00000029321,1.0
ENSMUSG00000029320,1.0
ENSMUSG00000029313,0.5630365929150335
ENSMUSG00000029312,0.8001863659935224
ENSMUSG00000034528,1.0
ENSMUSG00000029311,0.609185888206305
ENSMUSG00000029310,0.6474179406587602
ENSMUSG00000091034,0.9206476822735191
ENSMUSG00000029309,0.27159118226121676
ENSMUSG00000097877,0.8117551407159979
ENSMUSG00000053268,1.0
ENSMUSG00000029307,0.9863938542810784
ENSMUSG00000105615,1.0
ENSMUSG00000029306,1.0
ENSMUSG00000053863,1.0
ENSMUSG00000029304,1.0
ENSMUSG00000034462,0.5885494355932503
ENSMUSG00000079065,0.5557085117363082
ENSMUSG00000097392,0.7128328669602101
ENSMUSG00000072774,0.8860870768176651
ENSMUSG00000029299,1.0
ENSMUSG00000034438,0.9993862807603943
ENSMUSG00000029298,1.0
ENSMUSG00000079363,1.0
ENSMUSG00000105096,1.0
ENSMUSG00000104713,1.0
ENSMUSG00000097237,1.0
ENSMUSG00000106438,1.0
ENSMUSG00000070639,0.562020686734927
ENSMUSG00000054720,0.5533177209337276
ENSMUSG00000085771,1.0
ENSMUSG00000046079,0.5795321907656151
ENSMUSG00000084878,0.9769371332071093
ENSMUSG00000029290,0.6248998856839733
ENSMUSG00000106483,1.0
ENSMUSG00000105508,1.0
ENSMUSG00000105531,1.0
ENSMUSG00000106594,1.0
ENSMUSG00000105618,
ENSMUSG00000034384,0.8924380204200063
ENSMUSG00000097018,1.0
ENSMUSG00000099061,0.918139700203322
ENSMUSG00000101237,1.0
ENSMUSG00000091096,1.0
ENSMUSG00000049606,0.5099717253948818
ENSMUSG00000043410,0.9875581330785276
ENSMUSG00000029283,0.8650431084245708
ENSMUSG00000106554,1.0
ENSMUSG00000029287,0.6009481503980874
ENSMUSG00000029279,0.7151375632029986
ENSMUSG00000106396,1.0
ENSMUSG00000033805,0.8616029762546924
ENSMUSG00000090558,1.0
ENSMUSG00000033794,1.0
ENSMUSG00000111375,0.6829695309709966
ENSMUSG00000089798,1.0
ENSMUSG00000029276,0.7129559528039254
ENSMUSG00000033773,0.7661348337089701
ENSMUSG00000085900,1.0
ENSMUSG00000097035,1.0
ENSMUSG00000106333,1.0
ENSMUSG00000029275,1.0
ENSMUSG00000090030,1.0
ENSMUSG00000011831,0.5724146201887161
ENSMUSG00000063447,1.0
ENSMUSG00000058558,0.3425634548176395
ENSMUSG00000029270,0.6818242784781033
ENSMUSG00000029267,0.6246603922608881
ENSMUSG00000063406,0.5396491005993425
ENSMUSG00000056531,0.8682630930740616
ENSMUSG00000029265,0.7537391107590369
ENSMUSG00000029263,0.8164593121916335
ENSMUSG00000104904,1.0
ENSMUSG00000106304,1.0
ENSMUSG00000105867,0.9586303542500814
ENSMUSG00000072769,0.831597558538794
ENSMUSG00000029491,1.0
ENSMUSG00000050856,0.47118617866476065
ENSMUSG00000029490,1.0
ENSMUSG00000033623,0.6871747171633624
ENSMUSG00000033615,0.6522180721365743
ENSMUSG00000062234,0.6230361475119585
ENSMUSG00000013495,0.6319960246841005
ENSMUSG00000004815,0.8037757609268612
ENSMUSG00000033540,0.8538129339095109
ENSMUSG00000046959,1.0
ENSMUSG00000008090,0.7781597101353561
ENSMUSG00000055385,1.0
ENSMUSG00000101762,1.0
ENSMUSG00000004821,1.0
ENSMUSG00000090961,1.0
ENSMUSG00000091624,1.0
ENSMUSG00000093479,1.0
ENSMUSG00000067010,1.0
ENSMUSG00000091450,1.0
ENSMUSG00000090688,1.0
ENSMUSG00000091635,1.0
ENSMUSG00000091059,1.0
ENSMUSG00000091375,1.0
ENSMUSG00000092080,1.0
ENSMUSG00000091879,1.0
ENSMUSG00000033467,0.9071228703803055
ENSMUSG00000072763,0.9413167971536851
ENSMUSG00000072762,0.8660901543678745
ENSMUSG00000105471,0.9563130934645675
ENSMUSG00000097140,1.0
ENSMUSG00000090015,0.7935937187573648
ENSMUSG00000097863,0.9999899222494175
ENSMUSG00000066613,0.7685686619175243
ENSMUSG00000090963,0.8665893150315337
ENSMUSG00000109771,1.0
ENSMUSG00000064247,0.9999997597525636
ENSMUSG00000033434,0.7959151702721621
ENSMUSG00000023284,0.8356485842264594
ENSMUSG00000014668,0.6170445218928251
ENSMUSG00000105541,1.0
ENSMUSG00000086247,0.8523432622240266
ENSMUSG00000029502,0.7005136981215577
ENSMUSG00000104720,0.9981292380552337
ENSMUSG00000104970,1.0
ENSMUSG00000029501,0.6987601574317995
ENSMUSG00000029500,0.7334565276156957
ENSMUSG00000087439,1.0
ENSMUSG00000029499,0.7938108916683863
ENSMUSG00000007080,1.0
ENSMUSG00000085606,1.0
ENSMUSG00000029503,1.0
ENSMUSG00000072754,1.0
ENSMUSG00000043323,0.5592291779725423
ENSMUSG00000105482,1.0
ENSMUSG00000048215,1.0
ENSMUSG00000033316,0.7880591335749837
ENSMUSG00000033294,0.9899745013060194
ENSMUSG00000029504,0.9728175775228073
ENSMUSG00000105161,0.9973189675589569
ENSMUSG00000029505,0.5436547144582697
ENSMUSG00000086401,0.9315348289032581
ENSMUSG00000029507,0.9191560258271412
ENSMUSG00000029512,0.7008120009544363
ENSMUSG00000043510,0.8129392911218376
ENSMUSG00000029521,0.9403960321282917
ENSMUSG00000033209,0.44487464517142244
ENSMUSG00000050017,0.6055643474287968
ENSMUSG00000104559,1.0
ENSMUSG00000070576,0.8827181621046487
ENSMUSG00000052848,1.0
ENSMUSG00000104833,1.0
ENSMUSG00000096949,1.0
ENSMUSG00000085271,1.0
ENSMUSG00000085919,1.0
ENSMUSG00000105376,1.0
ENSMUSG00000106060,1.0
ENSMUSG00000104538,1.0
ENSMUSG00000101683,1.0
ENSMUSG00000097767,0.8103082724495773
ENSMUSG00000097986,1.0
ENSMUSG00000066975,1.0
ENSMUSG00000029343,0.6769250149474111
ENSMUSG00000029344,0.5822972197331743
ENSMUSG00000029345,0.8564669093771199
ENSMUSG00000029346,0.8240304439603853
ENSMUSG00000042328,0.6269114889854247
ENSMUSG00000051503,1.0
ENSMUSG00000093637,1.0
ENSMUSG00000029348,0.7452682087339451
ENSMUSG00000058153,0.629162736649428
ENSMUSG00000072722,1.0
ENSMUSG00000098027,1.0
ENSMUSG00000097962,1.0
ENSMUSG00000105152,1.0
ENSMUSG00000104807,1.0
ENSMUSG00000072720,0.9905575263911135
ENSMUSG00000098230,1.0
ENSMUSG00000042249,0.5146700320295342
ENSMUSG00000042240,1.0
ENSMUSG00000029352,1.0
ENSMUSG00000051339,0.6379843268816501
ENSMUSG00000106659,1.0
ENSMUSG00000066964,1.0
ENSMUSG00000042216,0.7674962896096298
ENSMUSG00000053873,1.0
ENSMUSG00000063430,0.6212303920317302
ENSMUSG00000042190,0.7910509621250816
ENSMUSG00000085713,1.0
ENSMUSG00000042184,1.0
ENSMUSG00000053334,0.8216061297517349
ENSMUSG00000018974,0.7724942808360639
ENSMUSG00000025825,0.5496597190105407
ENSMUSG00000054675,0.41688881658180554
ENSMUSG00000048163,0.39917572232249043
ENSMUSG00000004530,0.6061146418800368
ENSMUSG00000090458,1.0
ENSMUSG00000105664,1.0
ENSMUSG00000042121,0.6850078565845363
ENSMUSG00000042096,0.8679653260033442
ENSMUSG00000042078,0.7040428523835841
ENSMUSG00000029592,0.7165232293875962
ENSMUSG00000044339,0.974248611169925
ENSMUSG00000029591,1.0
ENSMUSG00000042010,0.7824625066546621
ENSMUSG00000042002,1.0
ENSMUSG00000066952,1.0
ENSMUSG00000001098,0.7555755492120133
ENSMUSG00000029577,0.6870217854173959
ENSMUSG00000029575,0.8621657249668615
ENSMUSG00000041939,0.8093606467629376
ENSMUSG00000086302,1.0
ENSMUSG00000041930,0.7759882702777524
ENSMUSG00000014158,0.9970113113449335
ENSMUSG00000011884,0.5080895639076676
ENSMUSG00000002486,0.8690972476973878
ENSMUSG00000107340,1.0
ENSMUSG00000041890,0.47184451505233216
ENSMUSG00000092183,1.0
ENSMUSG00000041870,0.5655138313756922
ENSMUSG00000072694,0.6411209742369666
ENSMUSG00000029564,1.0
ENSMUSG00000107108,1.0
ENSMUSG00000029561,0.8441785464565847
ENSMUSG00000087477,1.0
ENSMUSG00000041827,1.0
ENSMUSG00000029559,0.6542175205231282
ENSMUSG00000029556,1.0
ENSMUSG00000086054,1.0
ENSMUSG00000086140,
ENSMUSG00000029550,0.5136774795694368
ENSMUSG00000072693,1.0
ENSMUSG00000029545,0.8459394630526342
ENSMUSG00000046562,0.7210612208590611
ENSMUSG00000048578,0.6185397734640732
ENSMUSG00000029544,0.7000709505322311
ENSMUSG00000060152,0.6032073198032524
ENSMUSG00000041740,0.5498327437970025
ENSMUSG00000041733,0.715333614895983
ENSMUSG00000009013,0.4093785953212557
ENSMUSG00000086368,0.8689778663203679
ENSMUSG00000029538,0.5787118792954052
ENSMUSG00000029536,0.830378952441769
ENSMUSG00000029535,0.7230753509059257
ENSMUSG00000041697,0.46943636953455625
ENSMUSG00000107288,1.0
ENSMUSG00000086352,1.0
ENSMUSG00000087292,0.9768151903564126
ENSMUSG00000054256,0.6684051795067253
ENSMUSG00000107353,1.0
ENSMUSG00000029522,1.0
ENSMUSG00000029524,0.8391748027110633
ENSMUSG00000029528,0.6085478057065827
ENSMUSG00000086849,1.0
ENSMUSG00000067274,0.3252781263316173
ENSMUSG00000041638,0.6352704428758672
ENSMUSG00000107121,1.0
ENSMUSG00000029518,0.6746904445222048
ENSMUSG00000041609,0.7933733134527815
ENSMUSG00000029516,0.6069743271669559
ENSMUSG00000085376,1.0
ENSMUSG00000029513,0.7260946954691323
ENSMUSG00000084992,1.0
ENSMUSG00000079278,1.0
ENSMUSG00000086655,1.0
ENSMUSG00000043913,0.9612118143700851
ENSMUSG00000086122,1.0
ENSMUSG00000086055,1.0
ENSMUSG00000087124,1.0
ENSMUSG00000084921,1.0
ENSMUSG00000086715,1.0
ENSMUSG00000086945,1.0
ENSMUSG00000041548,0.8762059444290806
ENSMUSG00000086219,0.9438332376771513
ENSMUSG00000063919,0.6005208150036389
ENSMUSG00000106914,1.0
ENSMUSG00000106909,1.0
ENSMUSG00000107237,1.0
ENSMUSG00000066900,0.6345260650065311
ENSMUSG00000086047,1.0
ENSMUSG00000061288,0.5400407246405118
ENSMUSG00000032959,0.4944935540031909
ENSMUSG00000097163,1.0
ENSMUSG00000072688,1.0
ENSMUSG00000066894,0.8895346990937149
ENSMUSG00000029364,0.6129310789762002
ENSMUSG00000029363,0.9952524391013867
ENSMUSG00000086075,1.0
ENSMUSG00000061578,0.6722038256259756
ENSMUSG00000029361,0.8045329317649662
ENSMUSG00000098072,1.0
ENSMUSG00000032898,0.6610630479552451
ENSMUSG00000029359,0.7560681508291834
ENSMUSG00000032867,0.6192216927408446
ENSMUSG00000029360,1.0
ENSMUSG00000046607,0.9520389792862384
ENSMUSG00000032850,0.7896249632311564
ENSMUSG00000032840,0.8585765631580737
ENSMUSG00000106812,1.0
ENSMUSG00000018076,0.5072913411779957
ENSMUSG00000106708,1.0
ENSMUSG00000106745,1.0
ENSMUSG00000107144,1.0
ENSMUSG00000100573,1.0
ENSMUSG00000107334,1.0
ENSMUSG00000106938,1.0
ENSMUSG00000087516,0.6431950401456241
ENSMUSG00000085708,1.0
ENSMUSG00000085345,1.0
ENSMUSG00000018604,0.6476862418728602
ENSMUSG00000086847,1.0
ENSMUSG00000107053,
ENSMUSG00000106795,1.0
ENSMUSG00000018263,1.0
ENSMUSG00000107084,1.0
ENSMUSG00000107063,1.0
ENSMUSG00000029594,0.9116454205090678
ENSMUSG00000097368,1.0
ENSMUSG00000107141,1.0
ENSMUSG00000098649,1.0
ENSMUSG00000029595,1.0
ENSMUSG00000029596,0.9691612181186368
ENSMUSG00000029597,1.0
ENSMUSG00000086165,1.0
ENSMUSG00000029598,0.7044446019662004
ENSMUSG00000032754,0.7388490784901317
ENSMUSG00000032741,0.5904340827753738
ENSMUSG00000029601,1.0
ENSMUSG00000029600,0.8318121308598485
ENSMUSG00000029599,0.7580359915151476
ENSMUSG00000107191,1.0
ENSMUSG00000094282,1.0
ENSMUSG00000089830,1.0
ENSMUSG00000029602,0.8436390633539332
ENSMUSG00000029603,0.6854351980776385
ENSMUSG00000032690,1.0
ENSMUSG00000032661,1.0
ENSMUSG00000107179,1.0
ENSMUSG00000066867,1.0
ENSMUSG00000001166,1.0
ENSMUSG00000053765,1.0
ENSMUSG00000001168,1.0
ENSMUSG00000066861,1.0
ENSMUSG00000052776,1.0
ENSMUSG00000032623,1.0
ENSMUSG00000029608,0.6471470985236606
ENSMUSG00000043733,0.5322762805972701
ENSMUSG00000029614,0.3459990427186334
ENSMUSG00000042744,0.5560736228447676
ENSMUSG00000042726,0.6676690058147905
ENSMUSG00000104985,0.9663528186865095
ENSMUSG00000106209,1.0
ENSMUSG00000042719,0.772157637749508
ENSMUSG00000029616,0.554714167343699
ENSMUSG00000029452,0.9073372947246895
ENSMUSG00000062438,1.0
ENSMUSG00000072647,0.9456473803138743
ENSMUSG00000029454,0.9853990177912105
ENSMUSG00000029455,0.5724919735192192
ENSMUSG00000042647,0.8409896488725436
ENSMUSG00000029456,0.8260069704532513
ENSMUSG00000029458,0.6947540127643402
ENSMUSG00000042605,0.5170645610792477
ENSMUSG00000089729,0.8645087855219364
ENSMUSG00000042594,0.6626342879606117
ENSMUSG00000104872,1.0
ENSMUSG00000044134,0.8772129575745847
ENSMUSG00000042589,0.7074770857042018
ENSMUSG00000105795,1.0
ENSMUSG00000087386,1.0
ENSMUSG00000013936,1.0
ENSMUSG00000043036,1.0
ENSMUSG00000004455,0.5005231333848744
ENSMUSG00000064267,0.8178053144264031
ENSMUSG00000038593,0.8916499693047977
ENSMUSG00000038582,0.6344522995081768
ENSMUSG00000038569,0.8289141809777608
ENSMUSG00000029462,0.6091355150284103
ENSMUSG00000029463,0.7702522300233869
ENSMUSG00000029464,0.8234104143596295
ENSMUSG00000029465,0.5689033958734749
ENSMUSG00000105895,0.999634869195069
ENSMUSG00000029466,0.8136563361350364
ENSMUSG00000029467,0.40212493307167013
ENSMUSG00000029469,0.7166820059969912
ENSMUSG00000105430,1.0
ENSMUSG00000029468,0.5939447994025147
ENSMUSG00000029470,0.688089232394183
ENSMUSG00000029471,0.6085346519709068
ENSMUSG00000029472,0.5865509438896526
ENSMUSG00000029474,0.7062294076583824
ENSMUSG00000029475,0.6233597065846382
ENSMUSG00000056735,0.8808576996517352
ENSMUSG00000106555,1.0
ENSMUSG00000049686,0.6392812898092474
ENSMUSG00000029477,1.0
ENSMUSG00000054434,0.80733016474863
ENSMUSG00000029449,0.885917244395873
ENSMUSG00000090086,0.6891350014218749
ENSMUSG00000104156,1.0
ENSMUSG00000105881,0.9892791626801128
ENSMUSG00000038384,0.6223373392065593
ENSMUSG00000029440,0.7077884019984337
ENSMUSG00000029445,1.0
ENSMUSG00000104606,1.0
ENSMUSG00000029442,0.9995104283274666
ENSMUSG00000087063,1.0
ENSMUSG00000087336,0.9668454585251263
ENSMUSG00000029438,0.6660372642602593
ENSMUSG00000104830,1.0
ENSMUSG00000086700,1.0
ENSMUSG00000038342,0.638255649043471
ENSMUSG00000106636,0.8203342327446849
ENSMUSG00000029437,1.0
ENSMUSG00000063409,1.0
ENSMUSG00000086753,1.0
ENSMUSG00000029433,0.6957999712885926
ENSMUSG00000029431,1.0
ENSMUSG00000114278,1.0
ENSMUSG00000029434,0.725971657659554
ENSMUSG00000049550,0.48651963220139216
ENSMUSG00000029427,0.642327648182216
ENSMUSG00000029422,0.5056957761858901
ENSMUSG00000029414,1.0
ENSMUSG00000045502,1.0
ENSMUSG00000049241,1.0
ENSMUSG00000023106,0.6087834192090542
ENSMUSG00000061882,0.7631555708425694
ENSMUSG00000000915,0.651273925410061
ENSMUSG00000066278,0.6863397937272051
ENSMUSG00000106261,0.9728606797345409
ENSMUSG00000104818,1.0
ENSMUSG00000029408,0.7605384521302317
ENSMUSG00000085433,1.0
ENSMUSG00000023707,0.8735755539579435
ENSMUSG00000029404,0.7091053969671144
ENSMUSG00000029406,0.5897654722608874
ENSMUSG00000089842,1.0
ENSMUSG00000090220,1.0
ENSMUSG00000105759,1.0
ENSMUSG00000038126,0.6631828020631042
ENSMUSG00000047635,0.8205046305084565
ENSMUSG00000029394,0.6192785940519296
ENSMUSG00000038095,0.526975134974561
ENSMUSG00000049327,0.5626873427022975
ENSMUSG00000029401,0.8064482926479326
ENSMUSG00000029402,0.9186835671402724
ENSMUSG00000029392,0.6688865293269346
ENSMUSG00000029390,0.5131840695890001
ENSMUSG00000029389,0.723809613482373
ENSMUSG00000029388,0.8248857240385413
ENSMUSG00000029387,0.8820174049059296
ENSMUSG00000029386,0.8746936524880617
ENSMUSG00000038023,0.5942927150342622
ENSMUSG00000106082,1.0
ENSMUSG00000038011,1.0
ENSMUSG00000105583,1.0
ENSMUSG00000037979,0.7563326355176583
ENSMUSG00000079215,0.589035103781277
ENSMUSG00000037962,1.0
ENSMUSG00000029478,0.5611967204698712
ENSMUSG00000105604,1.0
ENSMUSG00000106663,1.0
ENSMUSG00000105039,1.0
ENSMUSG00000037936,0.6340203336057709
ENSMUSG00000104932,1.0
ENSMUSG00000008348,0.371453841720902
ENSMUSG00000072612,1.0
ENSMUSG00000029480,0.9269066326845312
ENSMUSG00000037905,0.7560388563669561
ENSMUSG00000029482,0.8093610745180413
ENSMUSG00000070498,0.6360627302354579
ENSMUSG00000105274,1.0
ENSMUSG00000106378,1.0
ENSMUSG00000105593,1.0
ENSMUSG00000104825,1.0
ENSMUSG00000105673,1.0
ENSMUSG00000106235,1.0
ENSMUSG00000105316,1.0
ENSMUSG00000106644,1.0
ENSMUSG00000105490,1.0
ENSMUSG00000105575,
ENSMUSG00000105308,1.0
ENSMUSG00000104778,1.0
ENSMUSG00000034324,0.7719927684469288
ENSMUSG00000087104,1.0
ENSMUSG00000106015,1.0
ENSMUSG00000029416,0.6917529484308294
ENSMUSG00000049971,0.8918773002799864
ENSMUSG00000034310,0.6198441032315559
ENSMUSG00000105857,1.0
ENSMUSG00000106275,0.9745726302229721
ENSMUSG00000104727,0.9792688828932777
ENSMUSG00000104980,1.0
ENSMUSG00000072591,0.9269239776600872
ENSMUSG00000081683,1.0
ENSMUSG00000029423,1.0
ENSMUSG00000029420,0.7762943429229713
ENSMUSG00000105271,1.0
ENSMUSG00000106522,1.0
ENSMUSG00000029428,0.7466246359998284
ENSMUSG00000029430,0.5860845064914433
ENSMUSG00000044017,1.0
ENSMUSG00000104681,1.0
ENSMUSG00000029439,0.5553519863384583
ENSMUSG00000029436,0.8845712213585463
ENSMUSG00000051034,0.9641133944601125
ENSMUSG00000034219,1.0
ENSMUSG00000034211,0.6592471031288784
ENSMUSG00000029432,0.5965762468494005
ENSMUSG00000086916,1.0
ENSMUSG00000029446,0.7468896611481383
ENSMUSG00000029447,0.5940148397814069
ENSMUSG00000025538,0.7805210277378727
ENSMUSG00000025537,0.5127850300586467
ENSMUSG00000070493,0.31869637970461345
ENSMUSG00000034173,1.0
ENSMUSG00000095789,1.0
ENSMUSG00000066735,0.6557610682679365
ENSMUSG00000025534,0.6958595026613181
ENSMUSG00000025533,0.9505135738949875
ENSMUSG00000025532,0.7893725268613244
ENSMUSG00000034118,0.6663203717995678
ENSMUSG00000034110,0.9158496850798435
ENSMUSG00000025340,0.6867299843376256
ENSMUSG00000053094,0.7123993755266039
ENSMUSG00000107143,0.996851422541355
ENSMUSG00000025337,0.5975403115206395
ENSMUSG00000056310,0.74701809529282
ENSMUSG00000060371,0.49687450860743276
ENSMUSG00000052014,1.0
ENSMUSG00000034040,0.5780234044960025
ENSMUSG00000106710,1.0
ENSMUSG00000105387,1.0
ENSMUSG00000029673,0.3648391470382834
ENSMUSG00000104987,1.0
ENSMUSG00000105773,1.0
ENSMUSG00000106395,0.7910671566202353
ENSMUSG00000100420,1.0
ENSMUSG00000105809,1.0
ENSMUSG00000105227,1.0
ENSMUSG00000087344,1.0
ENSMUSG00000015944,0.6172316126158295
ENSMUSG00000061979,0.8362996599856325
ENSMUSG00000015942,0.7749751136227873
ENSMUSG00000015950,0.5756250851545781
ENSMUSG00000060261,0.46748766443611434
ENSMUSG00000107076,1.0
ENSMUSG00000023079,0.6294437341329918
ENSMUSG00000106969,1.0
ENSMUSG00000063146,0.6493635328981888
ENSMUSG00000107090,1.0
ENSMUSG00000085957,1.0
ENSMUSG00000023104,0.7239955131183107
ENSMUSG00000040751,0.9084098645016364
ENSMUSG00000040731,0.47183160460913925
ENSMUSG00000029674,0.7640138622430354
ENSMUSG00000072573,1.0
ENSMUSG00000029675,0.886111495245578
ENSMUSG00000107318,1.0
ENSMUSG00000040576,1.0
ENSMUSG00000008843,1.0
ENSMUSG00000107322,1.0
ENSMUSG00000040557,1.0
ENSMUSG00000047501,1.0
ENSMUSG00000070473,1.0
ENSMUSG00000054909,1.0
ENSMUSG00000040532,0.8474719151744816
ENSMUSG00000007207,0.7553319842221041
ENSMUSG00000005378,0.7938895599535004
ENSMUSG00000061118,0.7631241096913234
ENSMUSG00000043614,0.8461962573788739
ENSMUSG00000005373,0.8253720724511557
ENSMUSG00000107296,1.0
ENSMUSG00000005374,0.8464855441588659
ENSMUSG00000029681,0.6477480082949649
ENSMUSG00000002748,0.5443180075079621
ENSMUSG00000049551,0.9191922260833165
ENSMUSG00000040013,1.0
ENSMUSG00000053388,1.0
ENSMUSG00000000916,0.8886306921557343
ENSMUSG00000053293,0.6374004648760996
ENSMUSG00000039959,0.38820717328003906
ENSMUSG00000070464,1.0
ENSMUSG00000004814,1.0
ENSMUSG00000039917,0.7076380585097635
ENSMUSG00000105239,1.0
ENSMUSG00000005514,0.6313755170773485
ENSMUSG00000039886,0.9144250483623605
ENSMUSG00000019178,0.9912334865815086
ENSMUSG00000019179,0.630094395084536
ENSMUSG00000039860,0.6367047064818002
ENSMUSG00000085026,1.0
ENSMUSG00000004951,0.49162337707374487
ENSMUSG00000051391,0.48172279752553043
ENSMUSG00000029699,1.0
ENSMUSG00000004948,1.0
ENSMUSG00000004947,0.8691477424331543
ENSMUSG00000042985,1.0
ENSMUSG00000006143,1.0
ENSMUSG00000004952,0.8436711812302593
ENSMUSG00000086656,1.0
ENSMUSG00000039771,0.6742681689763138
ENSMUSG00000105349,1.0
ENSMUSG00000029703,0.9101626846785978
ENSMUSG00000039754,0.9818885693898577
ENSMUSG00000039747,0.7876722858497396
ENSMUSG00000039737,0.7947382623522891
ENSMUSG00000005057,0.7346499469061417
ENSMUSG00000029705,0.47571248406918876
ENSMUSG00000086220,0.6789926145742514
ENSMUSG00000005474,1.0
ENSMUSG00000004415,0.9701130480122891
ENSMUSG00000092402,1.0
ENSMUSG00000007987,0.7556754552705897
ENSMUSG00000097908,0.9550274175795561
ENSMUSG00000019054,0.4841830617119963
ENSMUSG00000001739,1.0
ENSMUSG00000059518,0.703850708292167
ENSMUSG00000004846,0.7227106698919236
ENSMUSG00000037428,0.8324587065613193
ENSMUSG00000004849,0.6723135610374772
ENSMUSG00000037411,1.0
ENSMUSG00000043279,0.7429222900879033
ENSMUSG00000037390,1.0
ENSMUSG00000079174,1.0
ENSMUSG00000106466,1.0
ENSMUSG00000118522,1.0
ENSMUSG00000094840,1.0
ENSMUSG00000105736,0.9995612138619642
ENSMUSG00000023328,0.8861129057167138
ENSMUSG00000051502,0.9535747047142357
ENSMUSG00000037364,0.6693535197543863
ENSMUSG00000023348,0.9326965619260866
ENSMUSG00000037344,0.7009146461425543
ENSMUSG00000029710,0.8248249066432651
ENSMUSG00000079173,1.0
ENSMUSG00000029711,1.0
ENSMUSG00000029715,0.7928628898225073
ENSMUSG00000105851,1.0
ENSMUSG00000106237,1.0
ENSMUSG00000029714,0.6345257997232578
ENSMUSG00000029713,0.49297494338289416
ENSMUSG00000090873,1.0
ENSMUSG00000029712,0.855297248218131
ENSMUSG00000029716,1.0
ENSMUSG00000037221,0.838153154571362
ENSMUSG00000029718,1.0
ENSMUSG00000089984,1.0
ENSMUSG00000106617,1.0
ENSMUSG00000093445,0.7796136942577416
ENSMUSG00000079165,0.8085735926020194
ENSMUSG00000047182,1.0
ENSMUSG00000029722,0.7382051160018466
ENSMUSG00000079163,1.0
ENSMUSG00000045348,0.8707123081865573
ENSMUSG00000029723,0.3927113075593777
ENSMUSG00000029725,0.8166179184792628
ENSMUSG00000029726,0.7349381368821638
ENSMUSG00000037108,0.9330331146334686
ENSMUSG00000046245,1.0
ENSMUSG00000066684,1.0
ENSMUSG00000106478,1.0
ENSMUSG00000066682,1.0
ENSMUSG00000106155,
ENSMUSG00000029727,0.989098609711534
ENSMUSG00000056966,0.43526668196561913
ENSMUSG00000037053,1.0
ENSMUSG00000075599,
ENSMUSG00000079156,1.0
ENSMUSG00000075598,1.0
ENSMUSG00000029729,0.6609259656589241
ENSMUSG00000037017,0.766776795991161
ENSMUSG00000037007,0.8092525177801404
ENSMUSG00000019494,0.7160887634251946
ENSMUSG00000029730,0.848891361550991
ENSMUSG00000019518,0.8064966228370779
ENSMUSG00000036980,0.7167872128688144
ENSMUSG00000036968,0.8795275237529321
ENSMUSG00000049285,1.0
ENSMUSG00000089783,1.0
ENSMUSG00000106338,1.0
ENSMUSG00000047592,1.0
ENSMUSG00000050552,0.5814431963132579
ENSMUSG00000036948,0.7412847825545724
ENSMUSG00000085227,0.9289035962791302
ENSMUSG00000075593,0.7164814522810192
ENSMUSG00000029510,0.9719358243122437
ENSMUSG00000036928,1.0
ENSMUSG00000109713,1.0
ENSMUSG00000075591,1.0
ENSMUSG00000036898,0.6876319775685691
ENSMUSG00000029526,1.0
ENSMUSG00000058291,0.7126086416360071
ENSMUSG00000056014,0.79431428929201
ENSMUSG00000025854,0.790934293319634
ENSMUSG00000094504,1.0
ENSMUSG00000025856,0.5733264331329647
ENSMUSG00000075585,0.9805203588584869
ENSMUSG00000025855,0.6145670657120982
ENSMUSG00000086873,1.0
ENSMUSG00000025857,0.8671160611520712
ENSMUSG00000036817,0.6571647263879651
ENSMUSG00000106127,1.0
ENSMUSG00000025858,0.7140622553098784
ENSMUSG00000056413,0.6101506006940159
ENSMUSG00000045438,0.6826844279467534
ENSMUSG00000029541,1.0
ENSMUSG00000053553,0.7120967689417136
ENSMUSG00000044197,0.5993242176322912
ENSMUSG00000044092,1.0
ENSMUSG00000053647,0.8292965256945746
ENSMUSG00000053581,0.7934915383119864
ENSMUSG00000106056,1.0
ENSMUSG00000029546,0.8657402548315382
ENSMUSG00000036718,0.9937932237076199
ENSMUSG00000029547,0.7566103045606167
ENSMUSG00000018143,0.8675208585310036
ENSMUSG00000036687,1.0
ENSMUSG00000029551,0.8085169946767738
ENSMUSG00000105335,1.0
ENSMUSG00000048988,0.9212873205764736
ENSMUSG00000029554,0.6860681466734719
ENSMUSG00000085673,1.0
ENSMUSG00000087606,1.0
ENSMUSG00000087248,1.0
ENSMUSG00000036639,0.9293293268639016
ENSMUSG00000029557,0.9272339872039188
ENSMUSG00000029560,0.7896305535658384
ENSMUSG00000056076,0.6492476014051598
ENSMUSG00000106350,1.0
ENSMUSG00000036599,0.8521571327469254
ENSMUSG00000105845,1.0
ENSMUSG00000036586,1.0
ENSMUSG00000105699,1.0
ENSMUSG00000029570,0.580932393539023
ENSMUSG00000036565,0.5315198360878635
ENSMUSG00000036555,0.7428675952573414
ENSMUSG00000000148,0.8230073283819049
ENSMUSG00000050022,0.8441001962454203
ENSMUSG00000000149,0.449165689915799
ENSMUSG00000036526,1.0
ENSMUSG00000039683,0.6474205095188281
ENSMUSG00000084934,1.0
ENSMUSG00000085540,1.0
ENSMUSG00000056493,0.6687483170326004
ENSMUSG00000039623,0.8322065104023104
ENSMUSG00000029576,0.8932127806319117
ENSMUSG00000074817,1.0
ENSMUSG00000039533,0.46568936640606
ENSMUSG00000029578,0.61893151831901
ENSMUSG00000050822,0.8928673527015715
ENSMUSG00000039477,0.5060383987204459
ENSMUSG00000066640,0.7745580496070583
ENSMUSG00000097559,1.0
ENSMUSG00000029580,0.23314970212927366
ENSMUSG00000029581,0.5177451992276465
ENSMUSG00000045078,0.49742153452113247
ENSMUSG00000106543,0.9612457319971122
ENSMUSG00000090981,1.0
ENSMUSG00000104529,1.0
ENSMUSG00000061898,0.8597429274579689
ENSMUSG00000029586,1.0
ENSMUSG00000039296,1.0
ENSMUSG00000089879,1.0
ENSMUSG00000029587,0.823480491165964
ENSMUSG00000046658,0.8597288852393259
ENSMUSG00000105345,1.0
ENSMUSG00000093910,1.0
ENSMUSG00000039244,0.8597310654755093
ENSMUSG00000001844,0.7840248148946553
ENSMUSG00000089889,0.8973924826354795
ENSMUSG00000104875,1.0
ENSMUSG00000010825,1.0
ENSMUSG00000093720,1.0
ENSMUSG00000106198,1.0
ENSMUSG00000079111,0.6316444014089224
ENSMUSG00000039206,0.5805278845838535
ENSMUSG00000001847,0.3886795249848948
ENSMUSG00000118332,1.0
ENSMUSG00000083012,0.9218412707505087
ENSMUSG00000018001,0.5547841602222607
ENSMUSG00000051306,0.7637532383512318
ENSMUSG00000097287,0.8787859937265567
ENSMUSG00000029613,0.7296579812585104
ENSMUSG00000029607,1.0
ENSMUSG00000029610,0.9488272216006733
ENSMUSG00000079109,0.8074319836063288
ENSMUSG00000091351,0.9990844912565934
ENSMUSG00000075569,0.8867004772748271
ENSMUSG00000029617,0.6316210138164682
ENSMUSG00000029618,1.0
ENSMUSG00000038970,0.6683606659302515
ENSMUSG00000052271,1.0
ENSMUSG00000066621,0.5789749247597463
ENSMUSG00000087484,0.913352161192309
ENSMUSG00000047843,0.47119716923563515
ENSMUSG00000038859,0.9071737492166057
ENSMUSG00000086894,1.0
ENSMUSG00000104600,1.0
ENSMUSG00000059991,0.9776475475094708
ENSMUSG00000043388,0.7503923080749517
ENSMUSG00000045482,0.6299695151522253
ENSMUSG00000038780,0.632133073429593
ENSMUSG00000038770,1.0
ENSMUSG00000061707,
ENSMUSG00000106393,
ENSMUSG00000029620,1.0
ENSMUSG00000029621,0.43392712857945925
ENSMUSG00000029622,0.5094722877282296
ENSMUSG00000029623,0.531963422345596
ENSMUSG00000038722,0.7449017584614341
ENSMUSG00000029624,0.8578873842704551
ENSMUSG00000029625,0.8435017821685724
ENSMUSG00000038690,0.45237151969221534
ENSMUSG00000029627,0.940738887686265
ENSMUSG00000055991,0.8148993254994292
ENSMUSG00000007812,0.793759214794169
ENSMUSG00000070420,0.9953383187882764
ENSMUSG00000070419,1.0
ENSMUSG00000038656,1.0
ENSMUSG00000075552,1.0
ENSMUSG00000075551,1.0
ENSMUSG00000054417,1.0
ENSMUSG00000056035,1.0
ENSMUSG00000029630,1.0
ENSMUSG00000061292,1.0
ENSMUSG00000104752,
ENSMUSG00000096798,1.0
ENSMUSG00000095040,1.0
ENSMUSG00000106547,0.9792022424494907
ENSMUSG00000105636,1.0
ENSMUSG00000029634,0.6585350979121577
ENSMUSG00000029635,0.5326844788258972
ENSMUSG00000029636,0.5467106911465028
ENSMUSG00000096344,1.0
ENSMUSG00000096527,1.0
ENSMUSG00000079093,1.0
ENSMUSG00000041505,
ENSMUSG00000079091,
ENSMUSG00000096664,
ENSMUSG00000095557,1.0
ENSMUSG00000041468,1.0
ENSMUSG00000105907,1.0
ENSMUSG00000106020,1.0
ENSMUSG00000029640,0.6702931064226068
ENSMUSG00000104845,1.0
ENSMUSG00000041453,0.30611465656199416
ENSMUSG00000029641,0.979776987643688
ENSMUSG00000016503,0.755644615403941
ENSMUSG00000016510,0.8231921527517332
ENSMUSG00000016520,0.7187179113459035
ENSMUSG00000029642,0.5489739797575086
ENSMUSG00000053129,1.0
ENSMUSG00000092570,1.0
ENSMUSG00000029644,1.0
ENSMUSG00000098053,1.0
ENSMUSG00000029646,
ENSMUSG00000075543,1.0
ENSMUSG00000042817,0.9801699191057152
ENSMUSG00000097228,1.0
ENSMUSG00000106820,1.0
ENSMUSG00000029647,0.4576756751969792
ENSMUSG00000029648,0.2706218194406324
ENSMUSG00000106845,1.0
ENSMUSG00000029649,0.5122645794013977
ENSMUSG00000029650,0.7686421372236093
ENSMUSG00000085565,1.0
ENSMUSG00000029651,0.6293117289062492
ENSMUSG00000041313,0.5205682864808595
ENSMUSG00000001687,0.41542798232886796
ENSMUSG00000106733,1.0
ENSMUSG00000086494,1.0
ENSMUSG00000085740,1.0
ENSMUSG00000087647,1.0
ENSMUSG00000041298,0.6973642297017439
ENSMUSG00000106892,1.0
ENSMUSG00000085639,1.0
ENSMUSG00000085237,1.0
ENSMUSG00000079069,1.0
ENSMUSG00000108207,1.0
ENSMUSG00000087272,1.0
ENSMUSG00000106951,0.8433803486174889
ENSMUSG00000085971,1.0
ENSMUSG00000086610,1.0
ENSMUSG00000066551,0.4103459726688082
ENSMUSG00000097191,1.0
ENSMUSG00000107133,1.0
ENSMUSG00000107388,1.0
ENSMUSG00000107313,1.0
ENSMUSG00000041264,0.763078071010872
ENSMUSG00000100783,1.0
ENSMUSG00000100465,1.0
ENSMUSG00000060063,0.7262415243146504
ENSMUSG00000107317,1.0
ENSMUSG00000107271,1.0
ENSMUSG00000029659,0.9288731737417217
ENSMUSG00000106750,1.0
ENSMUSG00000106777,1.0
ENSMUSG00000029660,1.0
ENSMUSG00000107164,1.0
ENSMUSG00000107132,1.0
ENSMUSG00000029658,1.0
ENSMUSG00000029657,0.6063791898297239
ENSMUSG00000106674,1.0
ENSMUSG00000051950,0.731504955337867
ENSMUSG00000106740,1.0
ENSMUSG00000107214,1.0
ENSMUSG00000107279,1.0
ENSMUSG00000107093,
ENSMUSG00000107112,1.0
ENSMUSG00000053368,1.0
ENSMUSG00000107360,
ENSMUSG00000107384,1.0
ENSMUSG00000056602,0.3006873500484298
ENSMUSG00000106719,0.811073361026795
ENSMUSG00000106738,1.0
ENSMUSG00000056586,1.0
ENSMUSG00000041147,0.917493335528839
ENSMUSG00000106764,1.0
ENSMUSG00000107178,1.0
ENSMUSG00000106980,1.0
ENSMUSG00000041132,0.6906506683591703
ENSMUSG00000106927,0.9995845588670402
ENSMUSG00000107096,0.895627335561624
ENSMUSG00000029655,0.528825257270017
ENSMUSG00000034021,0.544557730916724
ENSMUSG00000107048,1.0
ENSMUSG00000106692,1.0
ENSMUSG00000107047,1.0
ENSMUSG00000058488,1.0
ENSMUSG00000016128,0.4398969649091651
ENSMUSG00000107387,1.0
ENSMUSG00000054622,0.9821289546811615
ENSMUSG00000097321,0.8685746430144381
ENSMUSG00000091794,1.0
ENSMUSG00000033970,0.9628094668248317
ENSMUSG00000107241,1.0
ENSMUSG00000106779,1.0
ENSMUSG00000106734,0.9949864162568668
ENSMUSG00000047735,0.8563845559141764
ENSMUSG00000044156,1.0
ENSMUSG00000001376,0.6744880810958093
ENSMUSG00000023964,1.0
ENSMUSG00000029664,1.0
ENSMUSG00000029663,1.0
ENSMUSG00000032766,0.4008204939585561
ENSMUSG00000107681,1.0
ENSMUSG00000032757,0.630094205184131
ENSMUSG00000029661,0.7347561501038149
ENSMUSG00000015189,0.5977878348516303
ENSMUSG00000004631,0.6082459810084223
ENSMUSG00000092035,0.8154642308907508
ENSMUSG00000093570,1.0
ENSMUSG00000032827,0.4608547703449355
ENSMUSG00000002588,1.0
ENSMUSG00000029759,0.8400479126382512
ENSMUSG00000032667,0.5771689906588356
ENSMUSG00000042607,0.9958027575546905
ENSMUSG00000019577,0.8361328805383865
ENSMUSG00000029757,0.5823266570719
ENSMUSG00000085416,1.0
ENSMUSG00000015112,0.6969460721519366
ENSMUSG00000093482,1.0
ENSMUSG00000093658,1.0
ENSMUSG00000093380,1.0
ENSMUSG00000042541,0.4423791021670649
ENSMUSG00000093675,1.0
ENSMUSG00000090063,0.8047826822128898
ENSMUSG00000029754,0.9754477459722785
ENSMUSG00000029755,0.9995379373200504
ENSMUSG00000097356,1.0
ENSMUSG00000042505,0.7733542083688467
ENSMUSG00000098501,1.0
ENSMUSG00000061762,0.8434216899107683
ENSMUSG00000029752,0.9332815856488632
ENSMUSG00000107394,1.0
ENSMUSG00000042460,0.7481084928491578
ENSMUSG00000068794,1.0
ENSMUSG00000042447,0.7456854117996801
ENSMUSG00000012483,0.8060462397277652
ENSMUSG00000089862,0.5812437617306271
ENSMUSG00000089890,1.0
ENSMUSG00000090151,1.0
ENSMUSG00000087305,0.8801053335209912
ENSMUSG00000029638,0.5885497134804499
ENSMUSG00000062995,0.651309172278182
ENSMUSG00000046178,0.5608309186976045
ENSMUSG00000107847,1.0
ENSMUSG00000107948,1.0
ENSMUSG00000029632,0.4234756313062065
ENSMUSG00000029629,0.45836980022928253
ENSMUSG00000032625,0.5510490930478434
ENSMUSG00000107422,1.0
ENSMUSG00000029571,0.5250264361566953
ENSMUSG00000079679,1.0
ENSMUSG00000101894,1.0
ENSMUSG00000029569,0.719773976578835
ENSMUSG00000042742,0.5785177666497316
ENSMUSG00000048216,0.809747550219259
ENSMUSG00000052419,0.6257766675817669
ENSMUSG00000097616,0.6844760962789987
ENSMUSG00000042717,1.0
ENSMUSG00000029563,0.6975383625310314
ENSMUSG00000041390,0.8779481985214191
ENSMUSG00000108295,1.0
ENSMUSG00000108025,1.0
ENSMUSG00000107022,1.0
ENSMUSG00000029553,1.0
ENSMUSG00000084772,1.0
ENSMUSG00000054556,0.6314524518582828
ENSMUSG00000029552,0.9021326595133792
ENSMUSG00000085171,1.0
ENSMUSG00000085264,1.0
ENSMUSG00000000058,0.6932958203813588
ENSMUSG00000007655,0.6394739180126457
ENSMUSG00000100101,1.0
ENSMUSG00000009376,1.0
ENSMUSG00000015733,0.49024494731786955
ENSMUSG00000029534,0.6592004655208556
ENSMUSG00000097700,1.0
ENSMUSG00000010797,1.0
ENSMUSG00000010796,1.0
ENSMUSG00000041301,1.0
ENSMUSG00000087389,1.0
ENSMUSG00000000416,0.5030315369493407
ENSMUSG00000084947,0.9514663448330061
ENSMUSG00000106874,1.0
ENSMUSG00000044155,0.6750533250924337
ENSMUSG00000029517,1.0
ENSMUSG00000107217,1.0
ENSMUSG00000060882,0.2919130903626746
ENSMUSG00000029669,0.6838556462916896
ENSMUSG00000106709,1.0
ENSMUSG00000106871,1.0
ENSMUSG00000029670,0.7133847180825951
ENSMUSG00000062980,0.6192782077059564
ENSMUSG00000029671,1.0
ENSMUSG00000029672,0.701268347258766
ENSMUSG00000068748,0.3427054943196366
ENSMUSG00000029695,0.8431528142297983
ENSMUSG00000029697,1.0
ENSMUSG00000017978,0.49597614709593235
ENSMUSG00000051956,1.0
ENSMUSG00000078179,1.0
ENSMUSG00000043865,
ENSMUSG00000029700,0.9205945650732319
ENSMUSG00000046192,0.9911761463664616
ENSMUSG00000023089,0.521512370316089
ENSMUSG00000029685,1.0
ENSMUSG00000029683,1.0
ENSMUSG00000029684,0.5454443152997951
ENSMUSG00000029679,1.0
ENSMUSG00000029680,1.0
ENSMUSG00000029682,1.0
ENSMUSG00000029678,1.0
ENSMUSG00000048022,0.4986046038286848
ENSMUSG00000039904,0.48598709744564833
ENSMUSG00000029676,0.7162996629237335
ENSMUSG00000106799,1.0
ENSMUSG00000024211,0.6862012538364575
ENSMUSG00000043340,0.8143653976352286
ENSMUSG00000039841,0.668528063529401
ENSMUSG00000029708,0.9006913167529629
ENSMUSG00000020440,0.5170775987528431
ENSMUSG00000029707,1.0
ENSMUSG00000029706,1.0
ENSMUSG00000001424,0.5707568259863733
ENSMUSG00000049939,0.6324935619845193
ENSMUSG00000092090,0.808777449267436
ENSMUSG00000059201,1.0
ENSMUSG00000029701,0.6123003393267564
ENSMUSG00000079654,1.0
ENSMUSG00000003500,0.7843357421545214
ENSMUSG00000043421,0.9621086399433586
ENSMUSG00000079652,1.0
ENSMUSG00000039742,1.0
ENSMUSG00000090692,
ENSMUSG00000029767,0.6249035613515219
ENSMUSG00000058831,1.0
ENSMUSG00000029769,0.7021068282387956
ENSMUSG00000068699,1.0
ENSMUSG00000004285,0.538301244356176
ENSMUSG00000090685,1.0
ENSMUSG00000059022,0.9955380124407952
ENSMUSG00000097137,1.0
ENSMUSG00000029771,0.6826527929179752
ENSMUSG00000012535,0.572447932833812
ENSMUSG00000001763,0.8236541742843757
ENSMUSG00000001761,0.6495482425500813
ENSMUSG00000029772,0.5161034012095506
ENSMUSG00000039629,0.9045068966972662
ENSMUSG00000058440,0.5591665521992641
ENSMUSG00000103108,1.0
ENSMUSG00000039159,0.47282544478424327
ENSMUSG00000084861,1.0
ENSMUSG00000039130,0.8552435657977954
ENSMUSG00000029775,0.54361444392056
ENSMUSG00000085470,1.0
ENSMUSG00000029782,0.7674199070901657
ENSMUSG00000029784,1.0
ENSMUSG00000071553,1.0
ENSMUSG00000039070,1.0
ENSMUSG00000086854,1.0
ENSMUSG00000029788,1.0
ENSMUSG00000054446,1.0
ENSMUSG00000029790,0.9533644365323852
ENSMUSG00000086542,1.0
ENSMUSG00000051855,0.9074600312199201
ENSMUSG00000107825,1.0
ENSMUSG00000025607,0.5964718600563098
ENSMUSG00000085321,1.0
ENSMUSG00000039032,1.0
ENSMUSG00000073209,1.0
ENSMUSG00000097998,1.0
ENSMUSG00000044471,0.47604775796460946
ENSMUSG00000087312,1.0
ENSMUSG00000087380,0.5943438191099714
ENSMUSG00000086931,1.0
ENSMUSG00000086212,0.8613515292865662
ENSMUSG00000086855,1.0
ENSMUSG00000025609,0.46196967924953974
ENSMUSG00000025608,0.5311096116974762
ENSMUSG00000086732,1.0
ENSMUSG00000086804,1.0
ENSMUSG00000084973,1.0
ENSMUSG00000107010,1.0
ENSMUSG00000087379,1.0
ENSMUSG00000029766,1.0
ENSMUSG00000085616,1.0
ENSMUSG00000029765,0.5241824956250201
ENSMUSG00000086720,1.0
ENSMUSG00000086675,1.0
ENSMUSG00000086763,1.0
ENSMUSG00000106873,1.0
ENSMUSG00000053768,0.4952464462821787
ENSMUSG00000085847,1.0
ENSMUSG00000029763,0.402951752762117
ENSMUSG00000087441,1.0
ENSMUSG00000056215,1.0
ENSMUSG00000087356,1.0
ENSMUSG00000018999,0.7759798884852269
ENSMUSG00000087613,1.0
ENSMUSG00000086762,1.0
ENSMUSG00000001642,0.7296575691127373
ENSMUSG00000029762,1.0
ENSMUSG00000061758,0.7071622130559021
ENSMUSG00000052131,1.0
ENSMUSG00000038871,0.6092468382299882
ENSMUSG00000085187,1.0
ENSMUSG00000029761,0.4011560611326542
ENSMUSG00000085382,0.7857797794525327
ENSMUSG00000060411,1.0
ENSMUSG00000086834,1.0
ENSMUSG00000038836,0.7172546891563926
ENSMUSG00000057137,0.764933326795536
ENSMUSG00000046806,0.7800693456326047
ENSMUSG00000058486,0.7704897175997909
ENSMUSG00000029848,1.0
ENSMUSG00000029847,1.0
ENSMUSG00000038784,0.4851329471524271
ENSMUSG00000038759,0.7703270831414991
ENSMUSG00000073155,0.6140180919877258
ENSMUSG00000029843,1.0
ENSMUSG00000047420,1.0
ENSMUSG00000107341,1.0
ENSMUSG00000029840,0.5155700679394658
ENSMUSG00000107110,1.0
ENSMUSG00000073154,0.9886663580474263
ENSMUSG00000045613,0.8127046548148315
ENSMUSG00000029838,0.2844755109069234
ENSMUSG00000038665,0.5103303739580347
ENSMUSG00000029837,0.9149443460530319
ENSMUSG00000038648,0.5875705023990674
ENSMUSG00000038641,1.0
ENSMUSG00000029833,0.6306714130382733
ENSMUSG00000029830,1.0
ENSMUSG00000038600,1.0
ENSMUSG00000029829,1.0
ENSMUSG00000063455,0.748771834240801
ENSMUSG00000047749,0.9996046711490547
ENSMUSG00000029826,0.6475895868105093
ENSMUSG00000056832,0.8729794168501948
ENSMUSG00000038538,0.42668462236542576
ENSMUSG00000019689,0.6709870724571376
ENSMUSG00000029823,0.38320681870534495
ENSMUSG00000071537,1.0
ENSMUSG00000079598,0.8727899107747011
ENSMUSG00000061436,0.4228869158954062
ENSMUSG00000029925,0.5777672283232776
ENSMUSG00000106737,1.0
ENSMUSG00000100121,1.0
ENSMUSG00000038507,0.7751292693715315
ENSMUSG00000073144,0.8062649422837762
ENSMUSG00000042599,0.5580580570091622
ENSMUSG00000115026,1.0
ENSMUSG00000107365,1.0
ENSMUSG00000029924,0.74763236526637
ENSMUSG00000029923,1.0
ENSMUSG00000029922,0.6148311463559626
ENSMUSG00000068601,1.0
ENSMUSG00000038456,0.5975183461654446
ENSMUSG00000085058,0.9579432245544226
ENSMUSG00000046947,0.8420127962706185
ENSMUSG00000086582,0.9998654344317873
ENSMUSG00000002416,0.5635654750646452
ENSMUSG00000002413,0.48794819718045673
ENSMUSG00000029918,0.5405362229654558
ENSMUSG00000057716,0.45032410006624074
ENSMUSG00000097406,1.0
ENSMUSG00000097563,0.9355448295664024
ENSMUSG00000097484,1.0
ENSMUSG00000029916,0.6941971334358326
ENSMUSG00000037172,0.6455817997542652
ENSMUSG00000037159,1.0
ENSMUSG00000029911,0.6658239672968597
ENSMUSG00000052850,1.0
ENSMUSG00000037140,1.0
ENSMUSG00000029909,1.0
ENSMUSG00000068259,1.0
ENSMUSG00000045514,1.0
ENSMUSG00000029915,0.9201690609920711
ENSMUSG00000058250,
ENSMUSG00000068587,1.0
ENSMUSG00000102802,1.0
ENSMUSG00000029885,1.0
ENSMUSG00000076461,
ENSMUSG00000051936,
ENSMUSG00000029883,1.0
ENSMUSG00000063252,1.0
ENSMUSG00000101629,
ENSMUSG00000094808,1.0
ENSMUSG00000096525,1.0
ENSMUSG00000029882,1.0
ENSMUSG00000076462,1.0
ENSMUSG00000076463,1.0
ENSMUSG00000103586,1.0
ENSMUSG00000107486,
ENSMUSG00000076465,
ENSMUSG00000103807,
ENSMUSG00000102622,1.0
ENSMUSG00000103833,1.0
ENSMUSG00000102821,
ENSMUSG00000104198,
ENSMUSG00000091671,1.0
ENSMUSG00000102903,
ENSMUSG00000095574,
ENSMUSG00000076467,
ENSMUSG00000094525,1.0
ENSMUSG00000076469,1.0
ENSMUSG00000102327,1.0
ENSMUSG00000076470,
ENSMUSG00000076471,1.0
ENSMUSG00000076472,1.0
ENSMUSG00000076473,
ENSMUSG00000076474,
ENSMUSG00000102409,
ENSMUSG00000076475,
ENSMUSG00000076476,
ENSMUSG00000076477,
ENSMUSG00000102988,
ENSMUSG00000076478,
ENSMUSG00000102955,
ENSMUSG00000104473,
ENSMUSG00000076479,
ENSMUSG00000104254,
ENSMUSG00000104326,
ENSMUSG00000076480,1.0
ENSMUSG00000076481,
ENSMUSG00000054106,
ENSMUSG00000036938,1.0
ENSMUSG00000071521,1.0
ENSMUSG00000071519,1.0
ENSMUSG00000058119,1.0
ENSMUSG00000071517,1.0
ENSMUSG00000062751,1.0
ENSMUSG00000057163,1.0
ENSMUSG00000095668,
ENSMUSG00000076483,
ENSMUSG00000076484,
ENSMUSG00000076485,
ENSMUSG00000076486,1.0
ENSMUSG00000076487,
ENSMUSG00000076488,1.0
ENSMUSG00000076489,
ENSMUSG00000076490,1.0
ENSMUSG00000094569,
ENSMUSG00000076492,1.0
ENSMUSG00000076493,1.0
ENSMUSG00000076494,1.0
ENSMUSG00000076495,1.0
ENSMUSG00000076496,1.0
ENSMUSG00000090818,1.0
ENSMUSG00000076497,1.0
ENSMUSG00000076498,0.9971043351766495
ENSMUSG00000076499,
ENSMUSG00000029869,0.933228070642257
ENSMUSG00000029868,1.0
ENSMUSG00000036899,1.0
ENSMUSG00000029867,1.0
ENSMUSG00000029866,1.0
ENSMUSG00000045479,1.0
ENSMUSG00000058499,1.0
ENSMUSG00000014104,1.0
ENSMUSG00000029865,1.0
ENSMUSG00000062833,
ENSMUSG00000023289,1.0
ENSMUSG00000047102,
ENSMUSG00000051917,
ENSMUSG00000029864,0.8670167043056606
ENSMUSG00000071506,1.0
ENSMUSG00000029863,0.838416355451974
ENSMUSG00000029862,0.9866835303615005
ENSMUSG00000029861,0.7959321310660105
ENSMUSG00000108033,1.0
ENSMUSG00000029860,0.7386325928335146
ENSMUSG00000029859,1.0
ENSMUSG00000101268,1.0
ENSMUSG00000046652,1.0
ENSMUSG00000056203,1.0
ENSMUSG00000048284,1.0
ENSMUSG00000068574,1.0
ENSMUSG00000091983,1.0
ENSMUSG00000090631,1.0
ENSMUSG00000071494,1.0
ENSMUSG00000018656,1.0
ENSMUSG00000029851,1.0
ENSMUSG00000036667,0.5247376985280918
ENSMUSG00000095831,1.0
ENSMUSG00000095236,1.0
ENSMUSG00000094192,1.0
ENSMUSG00000054431,1.0
ENSMUSG00000049168,
ENSMUSG00000043119,1.0
ENSMUSG00000045708,
ENSMUSG00000073111,1.0
ENSMUSG00000073110,1.0
ENSMUSG00000091008,
ENSMUSG00000076500,
ENSMUSG00000094669,1.0
ENSMUSG00000094200,1.0
ENSMUSG00000071481,1.0
ENSMUSG00000043605,1.0
ENSMUSG00000048693,1.0
ENSMUSG00000059411,1.0
ENSMUSG00000061210,1.0
ENSMUSG00000108190,1.0
ENSMUSG00000033542,0.9184584024126926
ENSMUSG00000029736,1.0
ENSMUSG00000029735,0.6702651379928972
ENSMUSG00000107709,1.0
ENSMUSG00000107598,1.0
ENSMUSG00000039419,0.40299991161326426
ENSMUSG00000029686,0.5140886839152545
ENSMUSG00000029687,0.7129912736914139
ENSMUSG00000025823,0.6541163204793462
ENSMUSG00000051499,1.0
ENSMUSG00000062519,0.6335969987525889
ENSMUSG00000025821,0.6869589283075792
ENSMUSG00000052763,0.8091384386943843
ENSMUSG00000045466,0.7977769992301456
ENSMUSG00000071477,0.782759848041117
ENSMUSG00000108101,1.0
ENSMUSG00000057691,0.7081599830163346
ENSMUSG00000097434,1.0
ENSMUSG00000107875,1.0
ENSMUSG00000042810,0.7656364310325644
ENSMUSG00000068551,0.6496958276783295
ENSMUSG00000029797,0.9769920915313924
ENSMUSG00000097716,1.0
ENSMUSG00000039347,0.5770394216641653
ENSMUSG00000073096,0.8803765341998098
ENSMUSG00000009281,0.7926365245686704
ENSMUSG00000052730,1.0
ENSMUSG00000052751,0.8192289234463705
ENSMUSG00000007216,0.8408196207240094
ENSMUSG00000107640,1.0
ENSMUSG00000053297,0.9757422162074546
ENSMUSG00000064262,1.0
ENSMUSG00000051124,1.0
ENSMUSG00000054435,1.0
ENSMUSG00000047867,0.6458334339564233
ENSMUSG00000043931,1.0
ENSMUSG00000044867,1.0
ENSMUSG00000090019,0.8346452952530249
ENSMUSG00000043505,1.0
ENSMUSG00000108298,1.0
ENSMUSG00000107481,1.0
ENSMUSG00000039264,1.0
ENSMUSG00000108130,
ENSMUSG00000029810,0.6536287042375128
ENSMUSG00000023367,0.7645934644118073
ENSMUSG00000107597,1.0
ENSMUSG00000108084,1.0
ENSMUSG00000029811,1.0
ENSMUSG00000029813,1.0
ENSMUSG00000068536,1.0
ENSMUSG00000107656,1.0
ENSMUSG00000039215,1.0
ENSMUSG00000029816,1.0
ENSMUSG00000029815,0.6937430210986362
ENSMUSG00000029814,0.651451222157966
ENSMUSG00000029817,0.42353438335821186
ENSMUSG00000050786,0.8878846777097671
ENSMUSG00000047115,1.0
ENSMUSG00000023403,1.0
ENSMUSG00000029819,0.899102888800778
ENSMUSG00000108071,1.0
ENSMUSG00000038388,0.5218790243440827
ENSMUSG00000029821,0.578085557919901
ENSMUSG00000029822,0.7283570824867971
ENSMUSG00000063694,0.5483000326526476
ENSMUSG00000085776,0.8923529436278494
ENSMUSG00000029828,0.9993553436325686
ENSMUSG00000029831,1.0
ENSMUSG00000107667,1.0
ENSMUSG00000107978,1.0
ENSMUSG00000107993,1.0
ENSMUSG00000107619,1.0
ENSMUSG00000107660,1.0
ENSMUSG00000108236,1.0
ENSMUSG00000029832,0.7050876487467306
ENSMUSG00000004980,0.4078092058177314
ENSMUSG00000029836,0.47423380852574354
ENSMUSG00000038301,0.6568095529327567
ENSMUSG00000108145,1.0
ENSMUSG00000059182,0.5480037466968486
ENSMUSG00000108244,1.0
ENSMUSG00000085412,1.0
ENSMUSG00000029844,1.0
ENSMUSG00000087658,0.9073601172830801
ENSMUSG00000014704,1.0
ENSMUSG00000056445,1.0
ENSMUSG00000079560,1.0
ENSMUSG00000087626,1.0
ENSMUSG00000085696,1.0
ENSMUSG00000101451,1.0
ENSMUSG00000000942,1.0
ENSMUSG00000038253,1.0
ENSMUSG00000043219,1.0
ENSMUSG00000038236,1.0
ENSMUSG00000038227,1.0
ENSMUSG00000000938,1.0
ENSMUSG00000038210,1.0
ENSMUSG00000086427,
ENSMUSG00000038203,
ENSMUSG00000055408,
ENSMUSG00000086126,1.0
ENSMUSG00000005503,1.0
ENSMUSG00000107895,1.0
ENSMUSG00000108062,1.0
ENSMUSG00000029776,0.5946719673827986
ENSMUSG00000004535,0.5182087496922888
ENSMUSG00000063568,0.7337430449849426
ENSMUSG00000107935,1.0
ENSMUSG00000053007,0.5059127434363776
ENSMUSG00000043496,0.4767825565673594
ENSMUSG00000108175,0.864851977158413
ENSMUSG00000108255,0.9831933692573595
ENSMUSG00000052955,1.0
ENSMUSG00000108060,1.0
ENSMUSG00000004633,0.390644669060599
ENSMUSG00000087670,1.0
ENSMUSG00000086946,0.995228131259735
ENSMUSG00000073067,0.8203271059893349
ENSMUSG00000045725,1.0
ENSMUSG00000086040,0.7874886767212856
ENSMUSG00000108081,1.0
ENSMUSG00000019124,0.673221996198546
ENSMUSG00000038074,0.8300039494110248
ENSMUSG00000005225,0.7714621278092588
ENSMUSG00000101651,1.0
ENSMUSG00000038065,0.8162613726912861
ENSMUSG00000058446,0.6647189899751047
ENSMUSG00000038058,0.7825045389911669
ENSMUSG00000002797,0.8431689935230083
ENSMUSG00000029777,0.7108866356461446
ENSMUSG00000003476,1.0
ENSMUSG00000108285,1.0
ENSMUSG00000003477,1.0
ENSMUSG00000038022,0.8526433100814088
ENSMUSG00000107766,1.0
ENSMUSG00000004655,1.0
ENSMUSG00000004654,1.0
ENSMUSG00000108228,1.0
ENSMUSG00000029778,0.5782726135022098
ENSMUSG00000037984,0.9369638606395367
ENSMUSG00000108063,1.0
ENSMUSG00000037973,1.0
ENSMUSG00000002930,1.0
ENSMUSG00000004347,0.5139348968135848
ENSMUSG00000091625,0.7148763509357241
ENSMUSG00000029787,0.6461316901726665
ENSMUSG00000059486,0.653774461973334
ENSMUSG00000029781,0.6983440259135312
ENSMUSG00000029780,0.7337598161896328
ENSMUSG00000071893,1.0
ENSMUSG00000090346,1.0
ENSMUSG00000115701,1.0
ENSMUSG00000093696,
ENSMUSG00000061208,1.0
ENSMUSG00000091541,1.0
ENSMUSG00000115181,1.0
ENSMUSG00000115236,1.0
ENSMUSG00000057981,1.0
ENSMUSG00000064259,1.0
ENSMUSG00000114982,1.0
ENSMUSG00000115199,1.0
ENSMUSG00000115792,1.0
ENSMUSG00000115644,1.0
ENSMUSG00000091382,1.0
ENSMUSG00000115799,
ENSMUSG00000115253,1.0
ENSMUSG00000093535,1.0
ENSMUSG00000037826,0.6543431688025209
ENSMUSG00000029798,0.7032305436023597
ENSMUSG00000062190,0.7727386130902794
ENSMUSG00000037788,0.7889731700431077
ENSMUSG00000115343,1.0
ENSMUSG00000115091,1.0
ENSMUSG00000093376,1.0
ENSMUSG00000115507,1.0
ENSMUSG00000115668,1.0
ENSMUSG00000048697,1.0
ENSMUSG00000107521,1.0
ENSMUSG00000071428,1.0
ENSMUSG00000115705,1.0
ENSMUSG00000091734,1.0
ENSMUSG00000095670,1.0
ENSMUSG00000107960,1.0
ENSMUSG00000115404,1.0
ENSMUSG00000029802,0.46357951134309366
ENSMUSG00000029804,0.6530184898108936
ENSMUSG00000055430,0.48647492503945905
ENSMUSG00000037709,0.6473571140024681
ENSMUSG00000107439,1.0
ENSMUSG00000092323,1.0
ENSMUSG00000049232,0.6694588573766581
ENSMUSG00000045441,0.8318635819685043
ENSMUSG00000073045,1.0
ENSMUSG00000046764,1.0
ENSMUSG00000108192,
ENSMUSG00000108003,1.0
ENSMUSG00000025889,0.6113398645881796
ENSMUSG00000054641,1.0
ENSMUSG00000108087,1.0
ENSMUSG00000107652,1.0
ENSMUSG00000097924,0.9826372472715076
ENSMUSG00000039578,0.4392868529364517
ENSMUSG00000108242,1.0
ENSMUSG00000071424,0.3431995668872102
ENSMUSG00000107525,1.0
ENSMUSG00000107864,1.0
ENSMUSG00000073043,1.0
ENSMUSG00000029920,0.6147053856839694
ENSMUSG00000029919,0.47014034273904737
ENSMUSG00000029917,1.0
ENSMUSG00000044162,1.0
ENSMUSG00000049001,0.8057713658826685
ENSMUSG00000085689,1.0
ENSMUSG00000029913,0.6472986172567583
ENSMUSG00000036463,1.0
ENSMUSG00000107479,1.0
ENSMUSG00000029910,0.9835625440955468
ENSMUSG00000062905,1.0
ENSMUSG00000059375,1.0
ENSMUSG00000091012,1.0
ENSMUSG00000060699,1.0
ENSMUSG00000115482,1.0
ENSMUSG00000115467,
ENSMUSG00000115170,1.0
ENSMUSG00000093755,1.0
ENSMUSG00000053442,1.0
ENSMUSG00000036402,0.48274568733150286
ENSMUSG00000107634,1.0
ENSMUSG00000036390,0.9166389721506297
ENSMUSG00000087231,0.7977099169965047
ENSMUSG00000097603,0.9950013877182529
ENSMUSG00000107799,1.0
ENSMUSG00000036371,0.4643221454240981
ENSMUSG00000018341,1.0
ENSMUSG00000049093,1.0
ENSMUSG00000105650,1.0
ENSMUSG00000051397,1.0
ENSMUSG00000076501,
ENSMUSG00000104931,
ENSMUSG00000096336,
ENSMUSG00000104883,
ENSMUSG00000091268,
ENSMUSG00000094491,
ENSMUSG00000106401,
ENSMUSG00000096580,
ENSMUSG00000076505,
ENSMUSG00000096461,
ENSMUSG00000093906,
ENSMUSG00000104742,1.0
ENSMUSG00000076508,
ENSMUSG00000106372,1.0
ENSMUSG00000094345,
ENSMUSG00000095737,
ENSMUSG00000096632,
ENSMUSG00000076512,
ENSMUSG00000095497,
ENSMUSG00000076514,
ENSMUSG00000094872,
ENSMUSG00000104575,1.0
ENSMUSG00000106098,
ENSMUSG00000106480,
ENSMUSG00000104532,
ENSMUSG00000104934,
ENSMUSG00000094335,1.0
ENSMUSG00000106630,
ENSMUSG00000091800,
ENSMUSG00000105363,
ENSMUSG00000105463,
ENSMUSG00000076518,
ENSMUSG00000095771,
ENSMUSG00000093861,1.0
ENSMUSG00000105606,1.0
ENSMUSG00000105043,
ENSMUSG00000106494,
ENSMUSG00000076530,
ENSMUSG00000106066,1.0
ENSMUSG00000076522,
ENSMUSG00000076523,
ENSMUSG00000104832,
ENSMUSG00000106403,1.0
ENSMUSG00000106187,
ENSMUSG00000105319,1.0
ENSMUSG00000096515,
ENSMUSG00000076525,
ENSMUSG00000076526,
ENSMUSG00000105817,
ENSMUSG00000094420,
ENSMUSG00000090781,
ENSMUSG00000106381,
ENSMUSG00000094902,
ENSMUSG00000096490,
ENSMUSG00000106318,
ENSMUSG00000098814,1.0
ENSMUSG00000076531,
ENSMUSG00000104995,
ENSMUSG00000076532,
ENSMUSG00000076533,1.0
ENSMUSG00000104849,
ENSMUSG00000076534,1.0
ENSMUSG00000076535,
ENSMUSG00000106124,
ENSMUSG00000105630,
ENSMUSG00000105267,
ENSMUSG00000079544,
ENSMUSG00000076536,
ENSMUSG00000079543,
ENSMUSG00000076538,
ENSMUSG00000076557,1.0
ENSMUSG00000105752,
ENSMUSG00000076539,
ENSMUSG00000105539,
ENSMUSG00000076540,
ENSMUSG00000076541,
ENSMUSG00000105480,
ENSMUSG00000094315,
ENSMUSG00000105313,
ENSMUSG00000105462,
ENSMUSG00000104609,
ENSMUSG00000104712,
ENSMUSG00000104922,
ENSMUSG00000076543,
ENSMUSG00000105989,
ENSMUSG00000106387,
ENSMUSG00000076545,1.0
ENSMUSG00000105968,
ENSMUSG00000073028,
ENSMUSG00000076547,
ENSMUSG00000076548,1.0
ENSMUSG00000076549,
ENSMUSG00000104697,
ENSMUSG00000106222,
ENSMUSG00000105110,
ENSMUSG00000105883,
ENSMUSG00000105747,
ENSMUSG00000076550,1.0
ENSMUSG00000105323,
ENSMUSG00000094262,
ENSMUSG00000106216,
ENSMUSG00000076552,
ENSMUSG00000094006,
ENSMUSG00000104679,
ENSMUSG00000095633,
ENSMUSG00000104551,
ENSMUSG00000076555,
ENSMUSG00000105369,
ENSMUSG00000076556,
ENSMUSG00000106546,
ENSMUSG00000106016,
ENSMUSG00000106213,
ENSMUSG00000096833,
ENSMUSG00000105301,
ENSMUSG00000094319,
ENSMUSG00000095753,
ENSMUSG00000079542,
ENSMUSG00000094993,
ENSMUSG00000106298,
ENSMUSG00000076562,
ENSMUSG00000105725,
ENSMUSG00000076563,
ENSMUSG00000106256,1.0
ENSMUSG00000076564,
ENSMUSG00000094094,
ENSMUSG00000096422,1.0
ENSMUSG00000094433,
ENSMUSG00000105915,
ENSMUSG00000095007,
ENSMUSG00000104533,
ENSMUSG00000105955,
ENSMUSG00000076569,
ENSMUSG00000105451,
ENSMUSG00000076570,1.0
ENSMUSG00000076571,
ENSMUSG00000076572,
ENSMUSG00000076573,1.0
ENSMUSG00000106226,
ENSMUSG00000104769,1.0
ENSMUSG00000076575,1.0
ENSMUSG00000076576,1.0
ENSMUSG00000105781,1.0
ENSMUSG00000076577,
ENSMUSG00000076578,1.0
ENSMUSG00000094356,1.0
ENSMUSG00000076580,1.0
ENSMUSG00000076581,
ENSMUSG00000094930,
ENSMUSG00000076583,1.0
ENSMUSG00000105432,
ENSMUSG00000095630,
ENSMUSG00000105668,1.0
ENSMUSG00000076586,1.0
ENSMUSG00000076587,1.0
ENSMUSG00000096594,1.0
ENSMUSG00000076589,
ENSMUSG00000095794,
ENSMUSG00000076591,
ENSMUSG00000106428,
ENSMUSG00000094797,
ENSMUSG00000072477,
ENSMUSG00000096844,1.0
ENSMUSG00000076594,1.0
ENSMUSG00000106315,
ENSMUSG00000105862,1.0
ENSMUSG00000094117,
ENSMUSG00000105499,
ENSMUSG00000076596,
ENSMUSG00000095338,
ENSMUSG00000104760,1.0
ENSMUSG00000076598,
ENSMUSG00000106667,
ENSMUSG00000095335,1.0
ENSMUSG00000096715,
ENSMUSG00000094478,
ENSMUSG00000095351,
ENSMUSG00000095682,
ENSMUSG00000105646,1.0
ENSMUSG00000076604,
ENSMUSG00000076605,
ENSMUSG00000076606,
ENSMUSG00000076607,
ENSMUSG00000076608,
ENSMUSG00000076609,1.0
ENSMUSG00000053604,0.8155288731758882
ENSMUSG00000031668,0.6858682471792121
ENSMUSG00000051896,1.0
ENSMUSG00000055874,1.0
ENSMUSG00000054474,0.9628956396144668
ENSMUSG00000108206,1.0
ENSMUSG00000054422,1.0
ENSMUSG00000055027,0.9113574466629907
ENSMUSG00000053012,0.5489440770918418
ENSMUSG00000053044,1.0
ENSMUSG00000107855,1.0
ENSMUSG00000108289,1.0
ENSMUSG00000108132,1.0
ENSMUSG00000053977,1.0
ENSMUSG00000002222,0.5525685902248543
ENSMUSG00000108213,1.0
ENSMUSG00000052656,0.6240541704137351
ENSMUSG00000107406,1.0
ENSMUSG00000053119,0.5592407880195728
ENSMUSG00000053470,0.5890351855165834
ENSMUSG00000052852,0.6827359834821859
ENSMUSG00000052962,0.8043186774915551
ENSMUSG00000052337,0.5927000438336084
ENSMUSG00000063884,0.7246456398204645
ENSMUSG00000049553,0.7770391300617693
ENSMUSG00000097133,1.0
ENSMUSG00000108356,1.0
ENSMUSG00000056091,0.5658541442352029
ENSMUSG00000108709,1.0
ENSMUSG00000108371,1.0
ENSMUSG00000037621,1.0
ENSMUSG00000056370,1.0
ENSMUSG00000056305,0.8200041253199122
ENSMUSG00000108435,0.9680563067114382
ENSMUSG00000058706,0.6800527638946824
ENSMUSG00000055912,0.8613601341889255
ENSMUSG00000055850,0.6501618365632144
ENSMUSG00000073002,0.6972350969816125
ENSMUSG00000050732,0.641696888689507
ENSMUSG00000053460,0.862196720035883
ENSMUSG00000053907,0.41401640105665555
ENSMUSG00000052631,1.0
ENSMUSG00000056737,1.0
ENSMUSG00000056698,0.7456531865399539
ENSMUSG00000056666,0.8803007856720999
ENSMUSG00000056429,0.5299775714548459
ENSMUSG00000092386,0.8754454505624594
ENSMUSG00000055799,0.649009406581772
ENSMUSG00000072999,1.0
ENSMUSG00000079524,1.0
ENSMUSG00000055239,0.53877533022156
ENSMUSG00000097569,1.0
ENSMUSG00000079523,0.4267683461462468
ENSMUSG00000107546,1.0
ENSMUSG00000052861,1.0
ENSMUSG00000052738,0.603957514927104
ENSMUSG00000107408,1.0
ENSMUSG00000056197,1.0
ENSMUSG00000107441,1.0
ENSMUSG00000107880,1.0
ENSMUSG00000072476,1.0
ENSMUSG00000107651,1.0
ENSMUSG00000063063,0.3732834247731245
ENSMUSG00000060780,0.9302568668915877
ENSMUSG00000071356,1.0
ENSMUSG00000068341,1.0
ENSMUSG00000079516,1.0
ENSMUSG00000023140,1.0
ENSMUSG00000059654,1.0
ENSMUSG00000030017,1.0
ENSMUSG00000101720,
ENSMUSG00000108072,1.0
ENSMUSG00000108027,1.0
ENSMUSG00000096887,1.0
ENSMUSG00000086739,1.0
ENSMUSG00000052581,0.45549079158879746
ENSMUSG00000107419,1.0
ENSMUSG00000101404,1.0
ENSMUSG00000035125,0.789454613424162
ENSMUSG00000030045,0.7729856652495526
ENSMUSG00000107412,1.0
ENSMUSG00000108288,1.0
ENSMUSG00000035104,0.5966171822851607
ENSMUSG00000087136,1.0
ENSMUSG00000030043,0.9938293661911554
ENSMUSG00000030042,0.6767951205086402
ENSMUSG00000107453,1.0
ENSMUSG00000000628,0.5844060169906011
ENSMUSG00000090293,1.0
ENSMUSG00000109556,1.0
ENSMUSG00000108015,1.0
ENSMUSG00000100291,1.0
ENSMUSG00000109076,1.0
ENSMUSG00000000627,0.8604114485079883
ENSMUSG00000030041,1.0
ENSMUSG00000068335,1.0
ENSMUSG00000000693,0.8370561221030673
ENSMUSG00000068329,0.796994286667923
ENSMUSG00000068328,0.6190693544996528
ENSMUSG00000009145,1.0
ENSMUSG00000068327,1.0
ENSMUSG00000069678,0.955675137069802
ENSMUSG00000034968,1.0
ENSMUSG00000107499,1.0
ENSMUSG00000087578,1.0
ENSMUSG00000030037,0.62222889763381
ENSMUSG00000030036,0.8985866329881136
ENSMUSG00000030035,0.74078234913269
ENSMUSG00000030034,0.76962244142552
ENSMUSG00000108109,1.0
ENSMUSG00000034930,0.6524325973872913
ENSMUSG00000030032,0.9957071612916014
ENSMUSG00000030030,1.0
ENSMUSG00000031865,0.5979015256267377
ENSMUSG00000085782,1.0
ENSMUSG00000068323,1.0
ENSMUSG00000005667,0.7747036902080587
ENSMUSG00000043131,0.6330587649297834
ENSMUSG00000045160,0.6414625237340958
ENSMUSG00000034832,0.538393561495839
ENSMUSG00000051844,1.0
ENSMUSG00000014554,0.6856170240048057
ENSMUSG00000059430,1.0
ENSMUSG00000006906,0.7290516026697397
ENSMUSG00000108660,1.0
ENSMUSG00000014542,1.0
ENSMUSG00000034783,1.0
ENSMUSG00000085794,1.0
ENSMUSG00000034777,1.0
ENSMUSG00000006269,1.0
ENSMUSG00000099354,1.0
ENSMUSG00000014747,1.0
ENSMUSG00000014748,0.6069398064283139
ENSMUSG00000034744,0.7189486937079099
ENSMUSG00000045896,0.6671550339062058
ENSMUSG00000030016,0.44358033562077537
ENSMUSG00000107534,0.9779069376581374
ENSMUSG00000033788,0.912812294250735
ENSMUSG00000107682,1.0
ENSMUSG00000087001,1.0
ENSMUSG00000107538,1.0
ENSMUSG00000107797,1.0
ENSMUSG00000107926,
ENSMUSG00000063415,0.812268564569563
ENSMUSG00000033769,0.3924477577565409
ENSMUSG00000108012,1.0
ENSMUSG00000072952,1.0
ENSMUSG00000033735,0.7477158795080243
ENSMUSG00000033726,1.0
ENSMUSG00000033720,0.4449842470551741
ENSMUSG00000051343,0.7561081847662922
ENSMUSG00000068302,1.0
ENSMUSG00000033706,0.9043244818552484
ENSMUSG00000030008,0.8122065401079791
ENSMUSG00000030007,0.6611448982387866
ENSMUSG00000047013,0.7924433140514794
ENSMUSG00000071341,0.9629659465412495
ENSMUSG00000063810,0.6314773385041148
ENSMUSG00000089694,1.0
ENSMUSG00000051262,0.8101641887517773
ENSMUSG00000079495,0.831357146199226
ENSMUSG00000079494,0.9859641139431939
ENSMUSG00000030004,0.9536192477190959
ENSMUSG00000033634,1.0
ENSMUSG00000068299,0.8256232370040361
ENSMUSG00000057103,0.7363015205178404
ENSMUSG00000054226,0.48027198903723284
ENSMUSG00000030002,0.5044270120669039
ENSMUSG00000107230,0.9532876651471278
ENSMUSG00000106791,1.0
ENSMUSG00000030001,1.0
ENSMUSG00000030000,0.7329649569277941
ENSMUSG00000107842,1.0
ENSMUSG00000029999,0.5645002907468759
ENSMUSG00000057497,0.8241243254726175
ENSMUSG00000057278,0.5330833705807301
ENSMUSG00000107509,1.0
ENSMUSG00000029998,0.6486949945139034
ENSMUSG00000071337,0.5112772755775854
ENSMUSG00000046679,0.6800775793382521
ENSMUSG00000085589,1.0
ENSMUSG00000101655,0.9921538435070852
ENSMUSG00000107876,1.0
ENSMUSG00000107689,0.9247697418737253
ENSMUSG00000051695,0.5353790359538649
ENSMUSG00000097048,0.6945581708216049
ENSMUSG00000033508,1.0
ENSMUSG00000001156,0.7204636536319985
ENSMUSG00000001158,0.5885476374997872
ENSMUSG00000108197,1.0
ENSMUSG00000001157,0.626154524613964
ENSMUSG00000107961,1.0
ENSMUSG00000029994,0.86437863586594
ENSMUSG00000100164,0.8557575632650843
ENSMUSG00000057230,0.4882286024983095
ENSMUSG00000107688,1.0
ENSMUSG00000029993,0.746359534304205
ENSMUSG00000029992,0.6450677687135438
ENSMUSG00000090891,1.0
ENSMUSG00000033420,0.6224772927578344
ENSMUSG00000108006,1.0
ENSMUSG00000030050,1.0
ENSMUSG00000030049,1.0
ENSMUSG00000030048,1.0
ENSMUSG00000030046,1.0
ENSMUSG00000030047,0.7048046617355609
ENSMUSG00000049409,1.0
ENSMUSG00000108118,1.0
ENSMUSG00000030051,0.9308978708078679
ENSMUSG00000107593,1.0
ENSMUSG00000089997,1.0
ENSMUSG00000108079,1.0
ENSMUSG00000068263,0.9955724205849742
ENSMUSG00000107849,1.0
ENSMUSG00000030054,1.0
ENSMUSG00000030055,0.6591054005970151
ENSMUSG00000030056,0.7455394060091921
ENSMUSG00000030057,0.48242899135638967
ENSMUSG00000030058,0.6726474615508091
ENSMUSG00000097763,1.0
ENSMUSG00000030060,0.7979514862163476
ENSMUSG00000044927,0.8449197999375214
ENSMUSG00000084950,0.8563585410714567
ENSMUSG00000079477,0.5089035236175449
ENSMUSG00000030062,0.5921872027123825
ENSMUSG00000108010,1.0
ENSMUSG00000015053,0.7484401006385704
ENSMUSG00000048206,1.0
ENSMUSG00000047046,1.0
ENSMUSG00000033216,0.6824189865595192
ENSMUSG00000107472,1.0
ENSMUSG00000107561,1.0
ENSMUSG00000030079,0.846085363293759
ENSMUSG00000030082,0.5479219654692891
ENSMUSG00000107659,1.0
ENSMUSG00000033182,1.0
ENSMUSG00000097730,1.0
ENSMUSG00000033174,0.4654464687221779
ENSMUSG00000030083,0.8183022100134477
ENSMUSG00000033152,0.6965082599950967
ENSMUSG00000085828,1.0
ENSMUSG00000002870,1.0
ENSMUSG00000002871,0.7878427206637824
ENSMUSG00000055403,1.0
ENSMUSG00000090254,1.0
ENSMUSG00000090013,
ENSMUSG00000060416,1.0
ENSMUSG00000107732,1.0
ENSMUSG00000107622,1.0
ENSMUSG00000097816,1.0
ENSMUSG00000030084,0.8367223491806589
ENSMUSG00000030086,0.7225954895006077
ENSMUSG00000000811,0.9997699884141679
ENSMUSG00000096051,1.0
ENSMUSG00000094586,1.0
ENSMUSG00000068232,1.0
ENSMUSG00000068231,1.0
ENSMUSG00000068234,1.0
ENSMUSG00000044248,1.0
ENSMUSG00000061653,1.0
ENSMUSG00000060724,1.0
ENSMUSG00000057592,
ENSMUSG00000095932,1.0
ENSMUSG00000094553,1.0
ENSMUSG00000062818,1.0
ENSMUSG00000060816,1.0
ENSMUSG00000062546,1.0
ENSMUSG00000057697,1.0
ENSMUSG00000047203,1.0
ENSMUSG00000049694,
ENSMUSG00000056643,1.0
ENSMUSG00000034456,1.0
ENSMUSG00000034430,0.7499472417380948
ENSMUSG00000048794,0.8995939337676521
ENSMUSG00000107605,1.0
ENSMUSG00000030087,0.6622494734500045
ENSMUSG00000107451,0.9366240408817372
ENSMUSG00000108111,1.0
ENSMUSG00000030088,0.6244384754226006
ENSMUSG00000089781,1.0
ENSMUSG00000030089,1.0
ENSMUSG00000034312,0.5060648336072495
ENSMUSG00000107999,1.0
ENSMUSG00000107795,1.0
ENSMUSG00000030091,0.8836295504624665
ENSMUSG00000107882,1.0
ENSMUSG00000034245,0.5799182724982651
ENSMUSG00000085624,1.0
ENSMUSG00000064080,0.9543814583124469
ENSMUSG00000030093,0.7426997992880128
ENSMUSG00000100680,0.9985563977153417
ENSMUSG00000034203,0.7311604613302627
ENSMUSG00000030095,0.7786844492188268
ENSMUSG00000030094,0.7662319458943169
ENSMUSG00000034192,0.7396327979407672
ENSMUSG00000108584,1.0
ENSMUSG00000108308,1.0
ENSMUSG00000030096,0.3629123592149332
ENSMUSG00000030098,0.9559043802379221
ENSMUSG00000034083,0.6712238239910163
ENSMUSG00000034063,0.961449049563514
ENSMUSG00000034037,0.6047298862518543
ENSMUSG00000087317,1.0
ENSMUSG00000005893,0.5709672460723932
ENSMUSG00000014551,0.7095428886969067
ENSMUSG00000014550,0.701455756745504
ENSMUSG00000005892,1.0
ENSMUSG00000030020,0.4367292789956787
ENSMUSG00000030022,0.7045476006688594
ENSMUSG00000048636,1.0
ENSMUSG00000079462,1.0
ENSMUSG00000097462,0.44285882641723173
ENSMUSG00000045095,0.4082745464991046
ENSMUSG00000045100,0.7596693238464934
ENSMUSG00000030029,0.5131139647348302
ENSMUSG00000108187,1.0
ENSMUSG00000085413,1.0
ENSMUSG00000030031,0.9601006297943614
ENSMUSG00000068180,1.0
ENSMUSG00000068181,
ENSMUSG00000061838,0.6703728092879105
ENSMUSG00000059187,0.6071120971953382
ENSMUSG00000072878,1.0
ENSMUSG00000046500,0.9944655515677455
ENSMUSG00000035245,0.5564869175330404
ENSMUSG00000030059,0.5767383059695597
ENSMUSG00000030061,0.6927208803520551
ENSMUSG00000035199,0.5712772763876995
ENSMUSG00000044086,1.0
ENSMUSG00000030064,0.37579006690595695
ENSMUSG00000035158,0.5170098481710023
ENSMUSG00000107902,1.0
ENSMUSG00000090667,0.9858492289603636
ENSMUSG00000107614,1.0
ENSMUSG00000107929,1.0
ENSMUSG00000030067,0.348639893758253
ENSMUSG00000093559,1.0
ENSMUSG00000093661,0.7248805085795865
ENSMUSG00000072875,0.8631362745441227
ENSMUSG00000030069,1.0
ENSMUSG00000097548,1.0
ENSMUSG00000107204,1.0
ENSMUSG00000107528,1.0
ENSMUSG00000108151,1.0
ENSMUSG00000072872,0.594620784535941
ENSMUSG00000107663,1.0
ENSMUSG00000101553,1.0
ENSMUSG00000035378,0.9178576562417576
ENSMUSG00000030074,1.0
ENSMUSG00000052144,0.5623619239360139
ENSMUSG00000107887,1.0
ENSMUSG00000107427,1.0
ENSMUSG00000035357,0.7053230944118959
ENSMUSG00000097834,1.0
ENSMUSG00000108274,1.0
ENSMUSG00000052236,1.0
ENSMUSG00000107579,1.0
ENSMUSG00000030075,0.6846624610182466
ENSMUSG00000107563,1.0
ENSMUSG00000030077,0.5779077269838758
ENSMUSG00000030092,0.5568822787347059
ENSMUSG00000108237,1.0
ENSMUSG00000085067,0.9999278384799717
ENSMUSG00000064293,0.5652364388741601
ENSMUSG00000005364,1.0
ENSMUSG00000013736,0.709860030939768
ENSMUSG00000005362,0.7474756926048348
ENSMUSG00000107714,1.0
ENSMUSG00000034648,0.6238724562494433
ENSMUSG00000107496,1.0
ENSMUSG00000034639,0.9674540017966967
ENSMUSG00000030101,0.7262120944641799
ENSMUSG00000030102,0.49710982078515076
ENSMUSG00000107458,1.0
ENSMUSG00000087341,0.9893045070711997
ENSMUSG00000090576,1.0
ENSMUSG00000030103,0.670150018607529
ENSMUSG00000030105,0.5372375316724339
ENSMUSG00000030104,0.5903277056497711
ENSMUSG00000092448,1.0
ENSMUSG00000056755,0.3772476430123359
ENSMUSG00000100219,1.0
ENSMUSG00000057604,0.8827906545116044
ENSMUSG00000044574,1.0
ENSMUSG00000034387,1.0
ENSMUSG00000062694,1.0
ENSMUSG00000049112,1.0
ENSMUSG00000030254,0.9125741018884558
ENSMUSG00000030257,0.5046330456991067
ENSMUSG00000108103,1.0
ENSMUSG00000030264,0.7525113815241494
ENSMUSG00000086429,0.6700174626721249
ENSMUSG00000034269,0.42631225048847016
ENSMUSG00000042873,0.7485950120750949
ENSMUSG00000030269,0.7802437875298989
ENSMUSG00000090194,1.0
ENSMUSG00000030270,0.9156179322723135
ENSMUSG00000001632,0.7337016503456439
ENSMUSG00000085012,1.0
ENSMUSG00000030271,0.9275999507011055
ENSMUSG00000030272,0.5820779164277162
ENSMUSG00000048930,0.7746285259474325
ENSMUSG00000079426,0.5588449432925331
ENSMUSG00000030276,0.6724449836985585
ENSMUSG00000051169,0.9509104123523212
ENSMUSG00000030278,1.0
ENSMUSG00000051256,0.7439436008049551
ENSMUSG00000043088,1.0
ENSMUSG00000030281,0.9930213932846994
ENSMUSG00000030284,0.7523268398041961
ENSMUSG00000045009,0.9571411249765586
ENSMUSG00000030286,0.5831910048576444
ENSMUSG00000034023,1.0
ENSMUSG00000033963,1.0
ENSMUSG00000033940,0.5014593106005341
ENSMUSG00000107937,1.0
ENSMUSG00000107560,1.0
ENSMUSG00000033933,0.7266877293484864
ENSMUSG00000097671,1.0
ENSMUSG00000060477,0.4917181374637219
ENSMUSG00000107723,1.0
ENSMUSG00000056952,0.8200036950863077
ENSMUSG00000097994,1.0
ENSMUSG00000064177,1.0
ENSMUSG00000108137,1.0
ENSMUSG00000030298,0.7613014343210771
ENSMUSG00000030302,0.49613818388047776
ENSMUSG00000108297,0.9455634559974792
ENSMUSG00000087053,1.0
ENSMUSG00000087083,1.0
ENSMUSG00000030307,0.3555302820751404
ENSMUSG00000030310,0.38566353499062506
ENSMUSG00000053004,0.7570025291255065
ENSMUSG00000030314,0.6672521634894155
ENSMUSG00000030315,0.5208480543398688
ENSMUSG00000030316,0.9457541105355814
ENSMUSG00000097486,1.0
ENSMUSG00000009394,0.5019643126917067
ENSMUSG00000092004,
ENSMUSG00000030317,0.5711301917484051
ENSMUSG00000000440,0.9167112188004474
ENSMUSG00000108141,1.0
ENSMUSG00000107704,1.0
ENSMUSG00000042389,0.7729622068302958
ENSMUSG00000068011,1.0
ENSMUSG00000000439,0.7646752975807972
ENSMUSG00000000441,0.5775334746319056
ENSMUSG00000107994,1.0
ENSMUSG00000059900,1.0
ENSMUSG00000030319,0.9500944486933952
ENSMUSG00000057841,0.3145644696828958
ENSMUSG00000030321,0.9931131559591578
ENSMUSG00000107429,1.0
ENSMUSG00000030322,0.8692585368799094
ENSMUSG00000030323,0.7379263156893495
ENSMUSG00000030324,1.0
ENSMUSG00000042279,1.0
ENSMUSG00000030123,0.8014679191837528
ENSMUSG00000030126,0.3871443874838628
ENSMUSG00000092625,0.8210120605355051
ENSMUSG00000108030,0.8595231381938763
ENSMUSG00000024104,0.5575480425362561
ENSMUSG00000042213,0.8091480480675936
ENSMUSG00000107497,1.0
ENSMUSG00000025702,0.5726306034569142
ENSMUSG00000025701,1.0
ENSMUSG00000053391,1.0
ENSMUSG00000053251,1.0
ENSMUSG00000081649,1.0
ENSMUSG00000107906,1.0
ENSMUSG00000051046,1.0
ENSMUSG00000050654,1.0
ENSMUSG00000059878,0.7386324590703651
ENSMUSG00000042129,0.7431604167298816
ENSMUSG00000048489,1.0
ENSMUSG00000048108,1.0
ENSMUSG00000108038,1.0
ENSMUSG00000061353,0.40512946024850793
ENSMUSG00000107434,1.0
ENSMUSG00000108020,1.0
ENSMUSG00000054488,1.0
ENSMUSG00000107785,1.0
ENSMUSG00000099869,1.0
ENSMUSG00000104222,1.0
ENSMUSG00000059689,0.7163199801568597
ENSMUSG00000042097,0.7669837869097016
ENSMUSG00000099810,1.0
ENSMUSG00000042079,0.5173032125507084
ENSMUSG00000004988,0.9998567910430258
ENSMUSG00000030134,0.6892940480071997
ENSMUSG00000042042,0.7708530228019309
ENSMUSG00000030110,0.9986915551657611
ENSMUSG00000107637,
ENSMUSG00000107791,1.0
ENSMUSG00000107933,1.0
ENSMUSG00000030138,0.7212488149048049
ENSMUSG00000030145,0.8234502537071748
ENSMUSG00000072623,0.8113226480146205
ENSMUSG00000007827,0.707325236140546
ENSMUSG00000051331,0.4580873759060304
ENSMUSG00000041477,0.7055169004730979
ENSMUSG00000041460,0.8864590586768593
ENSMUSG00000055003,0.8044824893454308
ENSMUSG00000030168,0.4422710753472476
ENSMUSG00000030170,0.8926529192701221
ENSMUSG00000030019,0.7678877278018692
ENSMUSG00000030172,0.5342018513749283
ENSMUSG00000108282,1.0
ENSMUSG00000097831,1.0
ENSMUSG00000030166,0.7779265311788182
ENSMUSG00000045962,0.36398705612765914
ENSMUSG00000041377,0.6203413951996197
ENSMUSG00000041372,1.0
ENSMUSG00000030177,0.7405010172538407
ENSMUSG00000030180,0.5642892941938544
ENSMUSG00000002897,0.6900448657711619
ENSMUSG00000094626,0.9762911235883209
ENSMUSG00000058979,0.7388928854349534
ENSMUSG00000093739,1.0
ENSMUSG00000107744,1.0
ENSMUSG00000071226,0.6499123027757107
ENSMUSG00000004902,0.5762740773706415
ENSMUSG00000019210,0.5263369248399455
ENSMUSG00000009112,0.7367448346461141
ENSMUSG00000004446,0.9855379061328212
ENSMUSG00000051586,0.5443793798860306
ENSMUSG00000108232,1.0
ENSMUSG00000108171,0.9534837711862459
ENSMUSG00000097011,1.0
ENSMUSG00000067825,0.9018748031040653
ENSMUSG00000030137,1.0
ENSMUSG00000086527,1.0
ENSMUSG00000030107,1.0
ENSMUSG00000107736,0.852208511094449
ENSMUSG00000030108,1.0
ENSMUSG00000030109,1.0
ENSMUSG00000040797,0.8120888242429063
ENSMUSG00000030111,0.9015813463742135
ENSMUSG00000108022,1.0
ENSMUSG00000059908,1.0
ENSMUSG00000030131,1.0
ENSMUSG00000030114,1.0
ENSMUSG00000007458,0.571494400867043
ENSMUSG00000040669,0.6893704159616325
ENSMUSG00000040657,1.0
ENSMUSG00000040649,0.7000034937682166
ENSMUSG00000030116,1.0
ENSMUSG00000040627,1.0
ENSMUSG00000090192,1.0
ENSMUSG00000040613,0.7441850596016573
ENSMUSG00000030117,1.0
ENSMUSG00000046323,1.0
ENSMUSG00000012396,1.0
ENSMUSG00000003153,0.7029800881870044
ENSMUSG00000097635,1.0
ENSMUSG00000003154,0.6909967533717357
ENSMUSG00000040552,0.6538976115011983
ENSMUSG00000030327,0.677125179103107
ENSMUSG00000049037,1.0
ENSMUSG00000043832,0.9337949354291063
ENSMUSG00000059639,1.0
ENSMUSG00000030147,1.0
ENSMUSG00000030148,0.9117992653826815
ENSMUSG00000067767,1.0
ENSMUSG00000023349,1.0
ENSMUSG00000030144,1.0
ENSMUSG00000030142,1.0
ENSMUSG00000091260,1.0
ENSMUSG00000094145,1.0
ENSMUSG00000093820,1.0
ENSMUSG00000095486,1.0
ENSMUSG00000091620,1.0
ENSMUSG00000072780,1.0
ENSMUSG00000094672,1.0
ENSMUSG00000096630,1.0
ENSMUSG00000072778,1.0
ENSMUSG00000107773,1.0
ENSMUSG00000008845,1.0
ENSMUSG00000079346,1.0
ENSMUSG00000107737,
ENSMUSG00000107988,1.0
ENSMUSG00000005069,0.7799215028395986
ENSMUSG00000008153,0.6992455145266654
ENSMUSG00000107552,1.0
ENSMUSG00000038527,1.0
ENSMUSG00000055172,1.0
ENSMUSG00000038521,1.0
ENSMUSG00000089961,1.0
ENSMUSG00000098470,1.0
ENSMUSG00000079343,1.0
ENSMUSG00000004270,0.5533852145089363
ENSMUSG00000004268,0.6746031692458018
ENSMUSG00000004264,0.6631828020631042
ENSMUSG00000087327,1.0
ENSMUSG00000004266,0.8125377887518579
ENSMUSG00000092482,1.0
ENSMUSG00000072772,0.5595570918841712
ENSMUSG00000004263,0.6081396607433932
ENSMUSG00000004267,0.6121513038303416
ENSMUSG00000030125,1.0
ENSMUSG00000038451,0.895170619680711
ENSMUSG00000023456,0.5235543373548567
ENSMUSG00000038429,0.7258324801699481
ENSMUSG00000023505,1.0
ENSMUSG00000023439,1.0
ENSMUSG00000023191,0.7335233798294916
ENSMUSG00000038390,0.701016115747687
ENSMUSG00000023274,1.0
ENSMUSG00000030124,0.8735300766315887
ENSMUSG00000030122,0.4184689002197554
ENSMUSG00000055818,0.9947998180006234
ENSMUSG00000030120,0.4965131576721372
ENSMUSG00000030127,0.6771656966128153
ENSMUSG00000030329,0.7254943852297921
ENSMUSG00000038346,0.7121988863765819
ENSMUSG00000108034,0.8867665588331446
ENSMUSG00000030330,0.681269300348409
ENSMUSG00000072770,0.75021245048826
ENSMUSG00000067714,1.0
ENSMUSG00000063870,0.455859315088226
ENSMUSG00000038279,0.888735856446703
ENSMUSG00000038271,0.626710914916571
ENSMUSG00000057666,0.5001935615389292
ENSMUSG00000038252,0.8429866956380961
ENSMUSG00000099587,1.0
ENSMUSG00000030335,0.6302789637873404
ENSMUSG00000030337,0.6915544663127231
ENSMUSG00000038213,0.883255838649969
ENSMUSG00000030336,0.850566448901628
ENSMUSG00000108129,1.0
ENSMUSG00000067702,1.0
ENSMUSG00000030339,0.7858442401983978
ENSMUSG00000030340,1.0
ENSMUSG00000030341,0.6873292230045528
ENSMUSG00000038167,1.0
ENSMUSG00000030342,0.49205221432763313
ENSMUSG00000101191,1.0
ENSMUSG00000101162,1.0
ENSMUSG00000001930,0.8568892576243882
ENSMUSG00000038115,1.0
ENSMUSG00000049107,0.9248937428973811
ENSMUSG00000107623,1.0
ENSMUSG00000101659,1.0
ENSMUSG00000045534,1.0
ENSMUSG00000110390,1.0
ENSMUSG00000047976,0.5532521730911157
ENSMUSG00000038077,0.6028853282518768
ENSMUSG00000097596,0.9961397309074866
ENSMUSG00000000399,0.7442094133223449
ENSMUSG00000107368,1.0
ENSMUSG00000030344,1.0
ENSMUSG00000030345,1.0
ENSMUSG00000030346,1.0
ENSMUSG00000030347,0.8323761196018916
ENSMUSG00000000183,1.0
ENSMUSG00000000182,1.0
ENSMUSG00000038028,0.9369795535009598
ENSMUSG00000097525,1.0
ENSMUSG00000107379,1.0
ENSMUSG00000000184,0.6544134465630858
ENSMUSG00000097166,0.9649559481607975
ENSMUSG00000107013,1.0
ENSMUSG00000107153,1.0
ENSMUSG00000037997,0.8020291624615448
ENSMUSG00000061414,0.9921000689811604
ENSMUSG00000107253,1.0
ENSMUSG00000030350,0.8369281562761686
ENSMUSG00000107219,1.0
ENSMUSG00000107060,1.0
ENSMUSG00000030351,1.0
ENSMUSG00000085813,1.0
ENSMUSG00000030352,0.5187131229780109
ENSMUSG00000107879,1.0
ENSMUSG00000056771,0.9868649746421057
ENSMUSG00000030353,0.8784546077519746
ENSMUSG00000001521,0.6172998943316651
ENSMUSG00000108267,1.0
ENSMUSG00000097253,1.0
ENSMUSG00000048668,0.8465579527878281
ENSMUSG00000001517,1.0
ENSMUSG00000079304,0.9420761422334468
ENSMUSG00000085739,1.0
ENSMUSG00000001520,0.8649395867730911
ENSMUSG00000001518,0.732679414926857
ENSMUSG00000030357,0.596589965587468
ENSMUSG00000059659,0.7917020062553479
ENSMUSG00000030359,0.9646174608012825
ENSMUSG00000047228,1.0
ENSMUSG00000107503,1.0
ENSMUSG00000030361,1.0
ENSMUSG00000030364,1.0
ENSMUSG00000079299,1.0
ENSMUSG00000030325,1.0
ENSMUSG00000079298,1.0
ENSMUSG00000107946,1.0
ENSMUSG00000108095,1.0
ENSMUSG00000090164,0.8040456069962647
ENSMUSG00000030365,1.0
ENSMUSG00000000248,1.0
ENSMUSG00000085786,1.0
ENSMUSG00000089728,1.0
ENSMUSG00000030154,1.0
ENSMUSG00000107811,1.0
ENSMUSG00000030155,1.0
ENSMUSG00000030157,0.49586911984557297
ENSMUSG00000097354,1.0
ENSMUSG00000112144,1.0
ENSMUSG00000030156,1.0
ENSMUSG00000047720,1.0
ENSMUSG00000053063,1.0
ENSMUSG00000030158,1.0
ENSMUSG00000030159,1.0
ENSMUSG00000046080,1.0
ENSMUSG00000107792,1.0
ENSMUSG00000033082,1.0
ENSMUSG00000030162,1.0
ENSMUSG00000030160,1.0
ENSMUSG00000097675,1.0
ENSMUSG00000030161,0.5069145256597446
ENSMUSG00000050241,1.0
ENSMUSG00000030165,1.0
ENSMUSG00000030149,1.0
ENSMUSG00000033027,1.0
ENSMUSG00000052736,1.0
ENSMUSG00000030167,1.0
ENSMUSG00000067610,1.0
ENSMUSG00000043932,1.0
ENSMUSG00000071158,1.0
ENSMUSG00000014543,1.0
ENSMUSG00000092047,1.0
ENSMUSG00000030173,1.0
ENSMUSG00000061769,1.0
ENSMUSG00000079852,1.0
ENSMUSG00000089727,1.0
ENSMUSG00000033024,1.0
ENSMUSG00000067599,1.0
ENSMUSG00000072718,1.0
ENSMUSG00000067591,1.0
ENSMUSG00000079853,1.0
ENSMUSG00000030187,1.0
ENSMUSG00000030188,0.8877834706061722
ENSMUSG00000032899,1.0
ENSMUSG00000030189,0.5783454850627945
ENSMUSG00000095577,1.0
ENSMUSG00000094113,1.0
ENSMUSG00000054497,
ENSMUSG00000053389,
ENSMUSG00000057754,
ENSMUSG00000061977,
ENSMUSG00000051153,
ENSMUSG00000063478,
ENSMUSG00000107774,
ENSMUSG00000067543,
ENSMUSG00000107874,
ENSMUSG00000030143,
ENSMUSG00000059934,
ENSMUSG00000058295,1.0
ENSMUSG00000067541,1.0
ENSMUSG00000059382,
ENSMUSG00000071150,
ENSMUSG00000078280,
ENSMUSG00000071149,
ENSMUSG00000060412,
ENSMUSG00000056901,
ENSMUSG00000053217,
ENSMUSG00000058349,1.0
ENSMUSG00000057381,1.0
ENSMUSG00000030194,1.0
ENSMUSG00000062952,
ENSMUSG00000056926,1.0
ENSMUSG00000059410,1.0
ENSMUSG00000063762,
ENSMUSG00000057699,
ENSMUSG00000062528,
ENSMUSG00000030196,
ENSMUSG00000071147,
ENSMUSG00000072704,0.5128419824030652
ENSMUSG00000055594,1.0
ENSMUSG00000032758,1.0
ENSMUSG00000030199,0.4824593041987832
ENSMUSG00000091438,1.0
ENSMUSG00000092134,1.0
ENSMUSG00000107666,1.0
ENSMUSG00000030200,1.0
ENSMUSG00000107767,1.0
ENSMUSG00000030201,0.5394671072208618
ENSMUSG00000107728,1.0
ENSMUSG00000032718,1.0
ENSMUSG00000042992,0.7567644987173247
ENSMUSG00000108166,1.0
ENSMUSG00000030203,0.5661088480454598
ENSMUSG00000108196,1.0
ENSMUSG00000032652,0.7319603231023304
ENSMUSG00000032641,0.7336126400985223
ENSMUSG00000107477,1.0
ENSMUSG00000100876,0.8889640276559305
ENSMUSG00000003031,0.602887103307344
ENSMUSG00000107730,1.0
ENSMUSG00000098318,1.0
ENSMUSG00000090698,0.602563299894502
ENSMUSG00000030204,0.7560725317671475
ENSMUSG00000046733,1.0
ENSMUSG00000030205,1.0
ENSMUSG00000042770,0.664028070547464
ENSMUSG00000108239,1.0
ENSMUSG00000030207,0.6628711659580285
ENSMUSG00000030206,1.0
ENSMUSG00000108276,1.0
ENSMUSG00000047104,1.0
ENSMUSG00000107768,1.0
ENSMUSG00000030208,1.0
ENSMUSG00000107396,1.0
ENSMUSG00000030209,0.5213096497654521
ENSMUSG00000086239,1.0
ENSMUSG00000086614,1.0
ENSMUSG00000097496,1.0
ENSMUSG00000094973,1.0
ENSMUSG00000045291,1.0
ENSMUSG00000030213,0.5157977048361737
ENSMUSG00000107702,1.0
ENSMUSG00000030214,1.0
ENSMUSG00000042638,1.0
ENSMUSG00000096010,1.0
ENSMUSG00000060032,0.5264972501304157
ENSMUSG00000030216,0.5946246932093051
ENSMUSG00000047515,1.0
ENSMUSG00000043298,0.7835126968742716
ENSMUSG00000030217,1.0
ENSMUSG00000030218,0.6586320016481659
ENSMUSG00000030219,1.0
ENSMUSG00000030220,0.6959279171986829
ENSMUSG00000064330,1.0
ENSMUSG00000030222,0.8619132364001804
ENSMUSG00000030223,0.6294554599276467
ENSMUSG00000107759,1.0
ENSMUSG00000015766,0.47235209559330943
ENSMUSG00000030224,0.6426317245462054
ENSMUSG00000030225,0.8294728432419193
ENSMUSG00000044378,1.0
ENSMUSG00000008540,0.759718710006386
ENSMUSG00000030226,0.8277441372816773
ENSMUSG00000089957,1.0
ENSMUSG00000107675,1.0
ENSMUSG00000100166,1.0
ENSMUSG00000046717,1.0
ENSMUSG00000108128,1.0
ENSMUSG00000092164,1.0
ENSMUSG00000107679,1.0
ENSMUSG00000030228,1.0
ENSMUSG00000030230,1.0
ENSMUSG00000041791,1.0
ENSMUSG00000030231,0.5356482264377753
ENSMUSG00000030232,0.609775234297188
ENSMUSG00000079264,1.0
ENSMUSG00000107638,1.0
ENSMUSG00000100707,1.0
ENSMUSG00000041741,0.5960483204072906
ENSMUSG00000030235,0.39001442097610484
ENSMUSG00000030236,0.9472108657049587
ENSMUSG00000084927,1.0
ENSMUSG00000030237,0.3328150894319942
ENSMUSG00000107516,1.0
ENSMUSG00000041698,1.0
ENSMUSG00000079263,1.0
ENSMUSG00000079262,1.0
ENSMUSG00000092500,1.0
ENSMUSG00000063975,1.0
ENSMUSG00000041681,1.0
ENSMUSG00000041671,0.7958532762254488
ENSMUSG00000030243,0.8436434607719556
ENSMUSG00000030245,0.7587295890186226
ENSMUSG00000071112,1.0
ENSMUSG00000030244,1.0
ENSMUSG00000030246,0.5306777866404575
ENSMUSG00000030247,0.9752920206641028
ENSMUSG00000030249,0.6317174748931865
ENSMUSG00000104234,1.0
ENSMUSG00000030282,0.7149853387302428
ENSMUSG00000048473,1.0
ENSMUSG00000072683,1.0
ENSMUSG00000030283,0.7258418568324814
ENSMUSG00000108085,1.0
ENSMUSG00000107839,
ENSMUSG00000030279,0.5975654113073161
ENSMUSG00000108094,1.0
ENSMUSG00000030275,0.4858119521379589
ENSMUSG00000107802,0.9575391803077311
ENSMUSG00000072679,1.0
ENSMUSG00000084971,1.0
ENSMUSG00000086887,1.0
ENSMUSG00000041540,0.4387179984230366
ENSMUSG00000087302,1.0
ENSMUSG00000087157,1.0
ENSMUSG00000072677,1.0
ENSMUSG00000085785,1.0
ENSMUSG00000086282,0.919780932722085
ENSMUSG00000086731,1.0
ENSMUSG00000030268,0.740396757353821
ENSMUSG00000097419,1.0
ENSMUSG00000086643,1.0
ENSMUSG00000030263,0.9607651276184744
ENSMUSG00000043541,1.0
ENSMUSG00000086863,1.0
ENSMUSG00000040370,0.7937813321029998
ENSMUSG00000030265,0.5343053046060483
ENSMUSG00000086013,0.993181964894251
ENSMUSG00000087277,0.7884684879673257
ENSMUSG00000054966,0.866343214093179
ENSMUSG00000086722,1.0
ENSMUSG00000067338,1.0
ENSMUSG00000085658,1.0
ENSMUSG00000030259,0.6052345690226418
ENSMUSG00000030256,0.6061151061103609
ENSMUSG00000030255,0.7793333126744311
ENSMUSG00000085414,1.0
ENSMUSG00000108161,1.0
ENSMUSG00000030287,0.4319879632359197
ENSMUSG00000040250,0.7612054018907367
ENSMUSG00000040242,0.5537943601573532
ENSMUSG00000040234,0.604231386078876
ENSMUSG00000030291,0.6558123290611936
ENSMUSG00000085238,1.0
ENSMUSG00000001630,0.6941555279513592
ENSMUSG00000040187,0.9081002837306907
ENSMUSG00000030292,1.0
ENSMUSG00000016487,0.533069681133413
ENSMUSG00000040163,1.0
ENSMUSG00000107969,1.0
ENSMUSG00000040121,0.9887092640272636
ENSMUSG00000040112,0.818744743444783
ENSMUSG00000072662,1.0
ENSMUSG00000040102,0.8222403901551292
ENSMUSG00000085600,1.0
ENSMUSG00000086021,1.0
ENSMUSG00000048776,1.0
ENSMUSG00000072660,1.0
ENSMUSG00000030301,0.7161928477153705
ENSMUSG00000085077,1.0
ENSMUSG00000086019,1.0
ENSMUSG00000086777,1.0
ENSMUSG00000030303,0.7418953482085374
ENSMUSG00000089948,1.0
ENSMUSG00000030304,0.6107348462151906
ENSMUSG00000084823,1.0
ENSMUSG00000030306,0.602732148155785
ENSMUSG00000108148,1.0
ENSMUSG00000070995,1.0
ENSMUSG00000084909,1.0
ENSMUSG00000107405,1.0
ENSMUSG00000040029,0.6420363247871338
ENSMUSG00000030309,0.8864193250645208
ENSMUSG00000108258,1.0
ENSMUSG00000039985,0.912077505579007
ENSMUSG00000085355,1.0
ENSMUSG00000030313,0.5205918887747139
ENSMUSG00000067292,1.0
ENSMUSG00000039958,0.9596517977701529
ENSMUSG00000068250,0.6525021467129924
ENSMUSG00000107526,1.0
ENSMUSG00000032712,0.5980804174498348
ENSMUSG00000003452,0.5205379135372952
ENSMUSG00000096299,0.9792438919262453
ENSMUSG00000107956,1.0
ENSMUSG00000054753,1.0
ENSMUSG00000078817,1.0
ENSMUSG00000068566,0.6728537284092563
ENSMUSG00000078816,0.7972693729926639
ENSMUSG00000069806,0.6902611375072518
ENSMUSG00000107815,0.7451386556824279
ENSMUSG00000053395,0.7609258488697468
ENSMUSG00000107862,0.8593798656099608
ENSMUSG00000107585,1.0
ENSMUSG00000078815,1.0
ENSMUSG00000107985,1.0
ENSMUSG00000053338,1.0
ENSMUSG00000108644,1.0
ENSMUSG00000054594,1.0
ENSMUSG00000035674,0.5385003319859414
ENSMUSG00000006335,0.8607291888812549
ENSMUSG00000008373,0.7694355258633006
ENSMUSG00000085039,1.0
ENSMUSG00000035632,0.6135617351838912
ENSMUSG00000078813,0.8136879748965451
ENSMUSG00000019734,0.949666951858213
ENSMUSG00000086032,1.0
ENSMUSG00000035596,0.7076583756547677
ENSMUSG00000035585,0.6705007004727773
ENSMUSG00000006333,0.30412937790202715
ENSMUSG00000058818,1.0
ENSMUSG00000074419,1.0
ENSMUSG00000089942,1.0
ENSMUSG00000074417,1.0
ENSMUSG00000030427,1.0
ENSMUSG00000108593,1.0
ENSMUSG00000108505,1.0
ENSMUSG00000055541,0.5082763783072562
ENSMUSG00000086155,0.614553360031397
ENSMUSG00000030428,0.3882488917496835
ENSMUSG00000085886,1.0
ENSMUSG00000035545,0.5210988850062626
ENSMUSG00000043432,0.8358167013605383
ENSMUSG00000063838,1.0
ENSMUSG00000070873,1.0
ENSMUSG00000062524,1.0
ENSMUSG00000078810,1.0
ENSMUSG00000008435,0.8256334562555675
ENSMUSG00000091177,0.9989705450920433
ENSMUSG00000006154,0.8336298300155456
ENSMUSG00000019254,0.6251518342816264
ENSMUSG00000064179,1.0
ENSMUSG00000035458,1.0
ENSMUSG00000055809,1.0
ENSMUSG00000085725,1.0
ENSMUSG00000004961,0.8986740028049109
ENSMUSG00000035429,1.0
ENSMUSG00000108320,1.0
ENSMUSG00000045282,0.9018449102381151
ENSMUSG00000052296,0.6669518227076391
ENSMUSG00000063802,0.8171206971335235
ENSMUSG00000035390,0.6818363103303535
ENSMUSG00000046456,1.0
ENSMUSG00000059851,0.7725717920181082
ENSMUSG00000051811,0.922942670779971
ENSMUSG00000092518,1.0
ENSMUSG00000004371,1.0
ENSMUSG00000013091,1.0
ENSMUSG00000030431,0.8296379974220057
ENSMUSG00000030432,0.30098750601813756
ENSMUSG00000060860,0.584029964218016
ENSMUSG00000053550,0.8565346676632524
ENSMUSG00000052605,0.9597024732193798
ENSMUSG00000086784,0.8833240305741474
ENSMUSG00000110221,1.0
ENSMUSG00000109441,1.0
ENSMUSG00000074406,0.9613647875349588
ENSMUSG00000035285,0.7982586805031514
ENSMUSG00000035279,1.0
ENSMUSG00000030433,1.0
ENSMUSG00000085272,1.0
ENSMUSG00000051550,0.7579317548557392
ENSMUSG00000061374,0.773278590218061
ENSMUSG00000051184,0.8831470923917206
ENSMUSG00000074405,0.7833336472107533
ENSMUSG00000035228,0.8213443666451794
ENSMUSG00000116184,
ENSMUSG00000043290,0.992715461115716
ENSMUSG00000086604,0.9848218845407172
ENSMUSG00000055633,0.8452000073871102
ENSMUSG00000030435,0.6094187348291821
ENSMUSG00000035203,0.6016546200243456
ENSMUSG00000035191,1.0
ENSMUSG00000083649,1.0
ENSMUSG00000118215,1.0
ENSMUSG00000091874,1.0
ENSMUSG00000091652,1.0
ENSMUSG00000035177,1.0
ENSMUSG00000048398,1.0
ENSMUSG00000078808,1.0
ENSMUSG00000117744,1.0
ENSMUSG00000066820,1.0
ENSMUSG00000118298,1.0
ENSMUSG00000117863,1.0
ENSMUSG00000092579,
ENSMUSG00000058631,
ENSMUSG00000118388,
ENSMUSG00000066850,1.0
ENSMUSG00000109197,
ENSMUSG00000109283,1.0
ENSMUSG00000034690,1.0
ENSMUSG00000046792,0.7470863719969504
ENSMUSG00000109108,0.987899071559221
ENSMUSG00000044876,0.7467538780906791
ENSMUSG00000109165,1.0
ENSMUSG00000034660,1.0
ENSMUSG00000058028,1.0
ENSMUSG00000053367,1.0
ENSMUSG00000108949,1.0
ENSMUSG00000054893,0.8555864084455586
ENSMUSG00000030443,0.9046272503615292
ENSMUSG00000109080,1.0
ENSMUSG00000109398,0.9815530099037106
ENSMUSG00000055150,0.9939024757687097
ENSMUSG00000062861,0.9622476879508074
ENSMUSG00000093536,0.9803302132530958
ENSMUSG00000089780,1.0
ENSMUSG00000090824,1.0
ENSMUSG00000048620,1.0
ENSMUSG00000054938,1.0
ENSMUSG00000096228,1.0
ENSMUSG00000034583,1.0
ENSMUSG00000093877,1.0
ENSMUSG00000048067,1.0
ENSMUSG00000056696,1.0
ENSMUSG00000108113,1.0
ENSMUSG00000002266,0.9557675350492982
ENSMUSG00000002265,0.5321087903952979
ENSMUSG00000051527,0.637612291445837
ENSMUSG00000108043,1.0
ENSMUSG00000070837,1.0
ENSMUSG00000062116,0.9612463644080185
ENSMUSG00000063535,1.0
ENSMUSG00000034538,0.9936352015989561
ENSMUSG00000066838,0.9484489102672979
ENSMUSG00000095730,0.9833545261946615
ENSMUSG00000000605,0.5391347196156241
ENSMUSG00000110243,1.0
ENSMUSG00000070847,1.0
ENSMUSG00000096373,1.0
ENSMUSG00000096743,1.0
ENSMUSG00000096691,1.0
ENSMUSG00000070841,1.0
ENSMUSG00000096399,1.0
ENSMUSG00000091651,1.0
ENSMUSG00000090892,1.0
ENSMUSG00000070844,1.0
ENSMUSG00000053720,
ENSMUSG00000094098,1.0
ENSMUSG00000090662,1.0
ENSMUSG00000090864,1.0
ENSMUSG00000096658,1.0
ENSMUSG00000095773,1.0
ENSMUSG00000066828,1.0
ENSMUSG00000096294,1.0
ENSMUSG00000090342,1.0
ENSMUSG00000094107,1.0
ENSMUSG00000095914,1.0
ENSMUSG00000096180,1.0
ENSMUSG00000094606,1.0
ENSMUSG00000058685,1.0
ENSMUSG00000091930,1.0
ENSMUSG00000043066,1.0
ENSMUSG00000046716,1.0
ENSMUSG00000030393,0.9649554649656589
ENSMUSG00000047031,1.0
ENSMUSG00000091662,1.0
ENSMUSG00000045340,
ENSMUSG00000034087,1.0
ENSMUSG00000110034,1.0
ENSMUSG00000059206,1.0
ENSMUSG00000095339,
ENSMUSG00000054272,1.0
ENSMUSG00000110103,1.0
ENSMUSG00000090714,1.0
ENSMUSG00000095936,
ENSMUSG00000070828,
ENSMUSG00000110190,
ENSMUSG00000109969,
ENSMUSG00000095430,1.0
ENSMUSG00000051687,1.0
ENSMUSG00000047655,1.0
ENSMUSG00000043308,1.0
ENSMUSG00000115267,1.0
ENSMUSG00000095864,1.0
ENSMUSG00000061602,1.0
ENSMUSG00000096735,1.0
ENSMUSG00000115744,1.0
ENSMUSG00000110042,1.0
ENSMUSG00000115027,1.0
ENSMUSG00000058132,1.0
ENSMUSG00000066804,1.0
ENSMUSG00000066803,1.0
ENSMUSG00000034071,1.0
ENSMUSG00000030386,0.7793222740270067
ENSMUSG00000030385,1.0
ENSMUSG00000096002,1.0
ENSMUSG00000096593,1.0
ENSMUSG00000091045,1.0
ENSMUSG00000090762,1.0
ENSMUSG00000070822,0.8525842189537461
ENSMUSG00000057894,0.599125171259624
ENSMUSG00000110119,1.0
ENSMUSG00000058638,0.7416156080021025
ENSMUSG00000110320,0.9992589396805235
ENSMUSG00000060397,0.9373875571208092
ENSMUSG00000054715,0.7885578794751942
ENSMUSG00000012848,0.3326248984326196
ENSMUSG00000033967,1.0
ENSMUSG00000097115,1.0
ENSMUSG00000102084,1.0
ENSMUSG00000004500,0.9380181152518441
ENSMUSG00000033961,0.8588501662033248
ENSMUSG00000030382,1.0
ENSMUSG00000005566,0.7321514627529353
ENSMUSG00000049600,0.8882754936969811
ENSMUSG00000033916,0.6212501418084974
ENSMUSG00000005575,0.5931521972419129
ENSMUSG00000030380,0.9375941665754512
ENSMUSG00000070817,1.0
ENSMUSG00000110268,1.0
ENSMUSG00000070816,1.0
ENSMUSG00000070815,1.0
ENSMUSG00000117853,1.0
ENSMUSG00000110365,1.0
ENSMUSG00000095629,1.0
ENSMUSG00000070814,0.8778818472939879
ENSMUSG00000056394,0.9304091764169814
ENSMUSG00000033847,1.0
ENSMUSG00000005649,1.0
ENSMUSG00000074378,1.0
ENSMUSG00000078800,1.0
ENSMUSG00000078799,1.0
ENSMUSG00000070811,1.0
ENSMUSG00000078798,1.0
ENSMUSG00000074377,1.0
ENSMUSG00000074375,1.0
ENSMUSG00000070810,1.0
ENSMUSG00000099216,
ENSMUSG00000030378,1.0
ENSMUSG00000094156,1.0
ENSMUSG00000100586,1.0
ENSMUSG00000055942,1.0
ENSMUSG00000074369,
ENSMUSG00000054310,1.0
ENSMUSG00000066772,1.0
ENSMUSG00000074366,1.0
ENSMUSG00000092576,1.0
ENSMUSG00000041583,1.0
ENSMUSG00000041578,1.0
ENSMUSG00000074365,1.0
ENSMUSG00000041571,0.3602603384263573
ENSMUSG00000041560,0.6675653706503617
ENSMUSG00000074364,0.7020836428341357
ENSMUSG00000070808,0.5821512659345542
ENSMUSG00000109984,0.8935131872886937
ENSMUSG00000078796,1.0
ENSMUSG00000006024,0.6010785311608287
ENSMUSG00000006021,0.7557139398263498
ENSMUSG00000030376,0.7471787816904388
ENSMUSG00000041420,0.8443302077520006
ENSMUSG00000006019,0.8563523196955435
ENSMUSG00000074361,0.8256794937853486
ENSMUSG00000049130,0.7451403592891211
ENSMUSG00000091811,0.7753430162349966
ENSMUSG00000041375,0.8203230377429923
ENSMUSG00000002083,0.8540462794905637
ENSMUSG00000052833,0.689479049476569
ENSMUSG00000059273,0.6958000572082554
ENSMUSG00000109781,0.9250961368411604
ENSMUSG00000109647,1.0
ENSMUSG00000019158,0.6808134710055461
ENSMUSG00000001988,1.0
ENSMUSG00000058230,0.5684921006472093
ENSMUSG00000100583,1.0
ENSMUSG00000101008,1.0
ENSMUSG00000078795,1.0
ENSMUSG00000007209,1.0
ENSMUSG00000008036,0.615363935260448
ENSMUSG00000001918,0.9243854135436302
ENSMUSG00000048920,0.7828106633936469
ENSMUSG00000030374,0.6271187135804567
ENSMUSG00000041187,0.7326330810073295
ENSMUSG00000097842,0.9992530349191568
ENSMUSG00000078794,0.6531731133173861
ENSMUSG00000063594,0.9482716598636225
ENSMUSG00000043017,1.0
ENSMUSG00000019370,0.4339998395368117
ENSMUSG00000070802,0.6229044875869256
ENSMUSG00000041141,0.7961451596075693
ENSMUSG00000108348,0.7550177670215036
ENSMUSG00000041117,0.9536397552196793
ENSMUSG00000003099,0.6735934715768428
ENSMUSG00000004328,0.6323365481572238
ENSMUSG00000066760,0.9585522041259714
ENSMUSG00000053228,1.0
ENSMUSG00000023159,1.0
ENSMUSG00000108782,1.0
ENSMUSG00000108441,1.0
ENSMUSG00000008789,1.0
ENSMUSG00000023185,1.0
ENSMUSG00000078793,1.0
ENSMUSG00000030368,1.0
ENSMUSG00000057195,1.0
ENSMUSG00000030366,
ENSMUSG00000108545,1.0
ENSMUSG00000066756,1.0
ENSMUSG00000054005,1.0
ENSMUSG00000003505,1.0
ENSMUSG00000030373,1.0
ENSMUSG00000070799,1.0
ENSMUSG00000070798,1.0
ENSMUSG00000070797,
ENSMUSG00000074359,1.0
ENSMUSG00000070796,1.0
ENSMUSG00000063305,1.0
ENSMUSG00000044903,1.0
ENSMUSG00000004542,1.0
ENSMUSG00000004540,1.0
ENSMUSG00000040987,0.6637754255998131
ENSMUSG00000030413,0.6076407545122794
ENSMUSG00000074358,0.8279113142465173
ENSMUSG00000030411,0.6658407143872256
ENSMUSG00000051965,1.0
ENSMUSG00000108428,1.0
ENSMUSG00000048481,0.7769987365153993
ENSMUSG00000086533,1.0
ENSMUSG00000044030,0.7548042018913677
ENSMUSG00000040891,1.0
ENSMUSG00000023118,0.6609416689529347
ENSMUSG00000040866,1.0
ENSMUSG00000030410,0.6475905964016535
ENSMUSG00000030409,0.7875832646408157
ENSMUSG00000040841,0.939164997246678
ENSMUSG00000085601,1.0
ENSMUSG00000050428,0.8584061847742249
ENSMUSG00000030407,0.864077188619574
ENSMUSG00000040824,0.6416309940033826
ENSMUSG00000030406,1.0
ENSMUSG00000040811,0.6384225281398744
ENSMUSG00000044317,0.8245602975745591
ENSMUSG00000052214,0.6671242224511502
ENSMUSG00000030403,0.6414483912171747
ENSMUSG00000089636,1.0
ENSMUSG00000030402,1.0
ENSMUSG00000030401,0.8558360187769176
ENSMUSG00000097266,0.9991861866656593
ENSMUSG00000003545,0.7147532295129468
ENSMUSG00000108854,1.0
ENSMUSG00000109366,1.0
ENSMUSG00000003549,0.8427600082903629
ENSMUSG00000047649,0.8045377408727993
ENSMUSG00000040734,1.0
ENSMUSG00000030400,0.8216789436148596
ENSMUSG00000097231,1.0
ENSMUSG00000040714,1.0
ENSMUSG00000030399,1.0
ENSMUSG00000040705,1.0
ENSMUSG00000030397,0.6852938023775746
ENSMUSG00000011263,1.0
ENSMUSG00000057667,0.9213854173464434
ENSMUSG00000002043,0.8241608336378535
ENSMUSG00000060621,1.0
ENSMUSG00000051403,0.6520069426326781
ENSMUSG00000044709,0.6608956641466982
ENSMUSG00000011267,1.0
ENSMUSG00000061028,0.6444042788769868
ENSMUSG00000002983,0.8083024270418631
ENSMUSG00000002981,0.594672578626022
ENSMUSG00000002992,1.0
ENSMUSG00000074336,1.0
ENSMUSG00000040564,0.9451634008918852
ENSMUSG00000002985,0.28952039783970573
ENSMUSG00000002984,0.6604810231538598
ENSMUSG00000092381,1.0
ENSMUSG00000062300,0.9184760000654295
ENSMUSG00000002980,0.6409886942048284
ENSMUSG00000097226,1.0
ENSMUSG00000040525,1.0
ENSMUSG00000053175,1.0
ENSMUSG00000087206,1.0
ENSMUSG00000087593,1.0
ENSMUSG00000109424,1.0
ENSMUSG00000092216,1.0
ENSMUSG00000014686,1.0
ENSMUSG00000109214,1.0
ENSMUSG00000049848,1.0
ENSMUSG00000040511,0.924610367052745
ENSMUSG00000090075,1.0
ENSMUSG00000040498,1.0
ENSMUSG00000070777,1.0
ENSMUSG00000060508,1.0
ENSMUSG00000095201,
ENSMUSG00000096152,
ENSMUSG00000096164,
ENSMUSG00000094011,
ENSMUSG00000094735,
ENSMUSG00000094298,
ENSMUSG00000094757,
ENSMUSG00000109166,
ENSMUSG00000095745,
ENSMUSG00000095806,
ENSMUSG00000096386,
ENSMUSG00000094545,
ENSMUSG00000094762,
ENSMUSG00000096663,
ENSMUSG00000096903,
ENSMUSG00000096761,
ENSMUSG00000095837,
ENSMUSG00000109060,
ENSMUSG00000095275,
ENSMUSG00000095768,
ENSMUSG00000095190,
ENSMUSG00000094284,
ENSMUSG00000091638,
ENSMUSG00000094085,
ENSMUSG00000091435,
ENSMUSG00000095973,
ENSMUSG00000096737,
ENSMUSG00000094589,
ENSMUSG00000094010,
ENSMUSG00000093986,
ENSMUSG00000094680,
ENSMUSG00000094001,
ENSMUSG00000094385,
ENSMUSG00000101436,
ENSMUSG00000094221,
ENSMUSG00000095309,
ENSMUSG00000096813,
ENSMUSG00000093890,
ENSMUSG00000095758,
ENSMUSG00000094879,
ENSMUSG00000109516,
ENSMUSG00000094208,
ENSMUSG00000093941,
ENSMUSG00000074322,
ENSMUSG00000096513,
ENSMUSG00000096760,
ENSMUSG00000095064,
ENSMUSG00000095191,
ENSMUSG00000095976,1.0
ENSMUSG00000095962,
ENSMUSG00000095163,
ENSMUSG00000096283,
ENSMUSG00000074311,
ENSMUSG00000096304,
ENSMUSG00000096348,
ENSMUSG00000095273,
ENSMUSG00000096071,
ENSMUSG00000094981,
ENSMUSG00000094149,
ENSMUSG00000093871,
ENSMUSG00000093917,
ENSMUSG00000095543,
ENSMUSG00000094542,
ENSMUSG00000096871,
ENSMUSG00000093853,
ENSMUSG00000095383,
ENSMUSG00000094748,
ENSMUSG00000095984,
ENSMUSG00000109396,
ENSMUSG00000094905,
ENSMUSG00000095081,
ENSMUSG00000095363,
ENSMUSG00000095619,
ENSMUSG00000094700,
ENSMUSG00000095931,
ENSMUSG00000094931,
ENSMUSG00000092297,
ENSMUSG00000094532,
ENSMUSG00000094934,
ENSMUSG00000096601,
ENSMUSG00000095683,
ENSMUSG00000095358,
ENSMUSG00000096073,
ENSMUSG00000094682,
ENSMUSG00000045693,1.0
ENSMUSG00000015721,1.0
ENSMUSG00000090715,
ENSMUSG00000074291,1.0
ENSMUSG00000094602,1.0
ENSMUSG00000094187,
ENSMUSG00000062483,1.0
ENSMUSG00000035523,
ENSMUSG00000115021,
ENSMUSG00000090411,1.0
ENSMUSG00000095632,1.0
ENSMUSG00000096859,
ENSMUSG00000057513,
ENSMUSG00000062598,1.0
ENSMUSG00000046924,1.0
ENSMUSG00000092473,1.0
ENSMUSG00000097425,1.0
ENSMUSG00000092456,
ENSMUSG00000118318,1.0
ENSMUSG00000108613,1.0
ENSMUSG00000057101,0.7225071433943567
ENSMUSG00000052675,0.8483582678886828
ENSMUSG00000108703,1.0
ENSMUSG00000047603,0.8710417011918337
ENSMUSG00000068962,0.9679162078863669
ENSMUSG00000087598,0.9283186121064123
ENSMUSG00000108361,1.0
ENSMUSG00000074283,1.0
ENSMUSG00000030486,1.0
ENSMUSG00000055305,0.905410235527678
ENSMUSG00000118444,1.0
ENSMUSG00000050605,0.8870791296629728
ENSMUSG00000074282,0.912810303868288
ENSMUSG00000055826,1.0
ENSMUSG00000030484,1.0
ENSMUSG00000054342,1.0
ENSMUSG00000002210,0.7214484367029386
ENSMUSG00000062028,1.0
ENSMUSG00000108360,1.0
ENSMUSG00000046223,1.0
ENSMUSG00000054793,0.5329201523116195
ENSMUSG00000064264,0.7646177605443205
ENSMUSG00000117477,1.0
ENSMUSG00000041037,0.7985935223311109
ENSMUSG00000011632,1.0
ENSMUSG00000051768,0.8193502525443924
ENSMUSG00000066721,1.0
ENSMUSG00000064254,0.8516879260950535
ENSMUSG00000074277,1.0
ENSMUSG00000097215,1.0
ENSMUSG00000057454,1.0
ENSMUSG00000108470,1.0
ENSMUSG00000062773,1.0
ENSMUSG00000045587,1.0
ENSMUSG00000058717,1.0
ENSMUSG00000052212,1.0
ENSMUSG00000054169,1.0
ENSMUSG00000011350,1.0
ENSMUSG00000091955,1.0
ENSMUSG00000062732,1.0
ENSMUSG00000011349,1.0
ENSMUSG00000040952,0.32032589055406474
ENSMUSG00000003379,1.0
ENSMUSG00000040940,0.5931641714712478
ENSMUSG00000108367,1.0
ENSMUSG00000108675,1.0
ENSMUSG00000003380,0.5220796205747061
ENSMUSG00000040907,0.5551414452095291
ENSMUSG00000003378,0.6441364902628456
ENSMUSG00000045252,0.8093190678504054
ENSMUSG00000008496,0.5339116856223057
ENSMUSG00000074274,1.0
ENSMUSG00000054499,0.8764306487787017
ENSMUSG00000108523,1.0
ENSMUSG00000046541,1.0
ENSMUSG00000057177,0.6202730170946574
ENSMUSG00000090330,0.9770967273807982
ENSMUSG00000040857,0.687009435338228
ENSMUSG00000005442,0.6316687668055847
ENSMUSG00000005447,0.9414547202027986
ENSMUSG00000058741,1.0
ENSMUSG00000043843,0.8174595384694732
ENSMUSG00000045039,0.7345294039176329
ENSMUSG00000063651,1.0
ENSMUSG00000053714,0.6022800361227036
ENSMUSG00000003123,0.6967664102273216
ENSMUSG00000060188,0.9955792445015714
ENSMUSG00000074272,0.8266389413940229
ENSMUSG00000054385,0.9931882622418122
ENSMUSG00000108579,
ENSMUSG00000108553,1.0
ENSMUSG00000074261,1.0
ENSMUSG00000057229,0.7644451553573876
ENSMUSG00000059479,1.0
ENSMUSG00000060376,0.6951442716431584
ENSMUSG00000061286,0.8103634097180906
ENSMUSG00000061702,0.9223036397606958
ENSMUSG00000063439,0.9226929393856357
ENSMUSG00000002603,0.5743357367801475
ENSMUSG00000002608,0.7404264291016086
ENSMUSG00000040725,0.569997694729404
ENSMUSG00000002602,0.6501405139426071
ENSMUSG00000040703,1.0
ENSMUSG00000097017,1.0
ENSMUSG00000108415,1.0
ENSMUSG00000030483,1.0
ENSMUSG00000108413,1.0
ENSMUSG00000040583,1.0
ENSMUSG00000040660,1.0
ENSMUSG00000046130,1.0
ENSMUSG00000108431,1.0
ENSMUSG00000074254,1.0
ENSMUSG00000040614,1.0
ENSMUSG00000040601,1.0
ENSMUSG00000054102,1.0
ENSMUSG00000091924,1.0
ENSMUSG00000040650,1.0
ENSMUSG00000066704,1.0
ENSMUSG00000049685,1.0
ENSMUSG00000005547,1.0
ENSMUSG00000091867,1.0
ENSMUSG00000060407,1.0
ENSMUSG00000052974,1.0
ENSMUSG00000086868,1.0
ENSMUSG00000078787,1.0
ENSMUSG00000058709,0.6371071379018459
ENSMUSG00000053291,0.6573702814638648
ENSMUSG00000089661,1.0
ENSMUSG00000061479,0.7641609639147292
ENSMUSG00000078786,0.873501735454825
ENSMUSG00000003752,0.8837992046535693
ENSMUSG00000003762,0.763107291741396
ENSMUSG00000084974,1.0
ENSMUSG00000063160,0.7743426438687434
ENSMUSG00000040488,0.546899173001302
ENSMUSG00000089832,0.835270140516826
ENSMUSG00000011751,0.6939430164322707
ENSMUSG00000108416,1.0
ENSMUSG00000040466,0.7649622696072085
ENSMUSG00000055200,0.8984109527524702
ENSMUSG00000008384,0.8622666320891456
ENSMUSG00000053198,1.0
ENSMUSG00000087371,1.0
ENSMUSG00000040424,1.0
ENSMUSG00000003363,0.6779117716741183
ENSMUSG00000049643,0.8422898410458213
ENSMUSG00000004056,0.6343125043394675
ENSMUSG00000108592,1.0
ENSMUSG00000007944,0.7108175005032069
ENSMUSG00000040390,0.6533625783425815
ENSMUSG00000108520,1.0
ENSMUSG00000057093,0.8949366060241887
ENSMUSG00000037640,0.7615022122848676
ENSMUSG00000030604,0.8543910657902264
ENSMUSG00000078779,0.9896366128576513
ENSMUSG00000020420,0.9822483016966062
ENSMUSG00000070709,0.8368215193956229
ENSMUSG00000097455,1.0
ENSMUSG00000063047,0.7139371803277703
ENSMUSG00000096916,0.9976499565440023
ENSMUSG00000030603,0.7350365589624911
ENSMUSG00000109262,1.0
ENSMUSG00000047730,1.0
ENSMUSG00000078776,1.0
ENSMUSG00000046865,0.7341504707567795
ENSMUSG00000002409,0.8986332391549393
ENSMUSG00000046058,0.7757901118382665
ENSMUSG00000070705,0.8539998750920278
ENSMUSG00000046750,1.0
ENSMUSG00000003436,1.0
ENSMUSG00000003438,0.8336080063984171
ENSMUSG00000003435,0.642329007390546
ENSMUSG00000109168,1.0
ENSMUSG00000037563,0.2965609856522065
ENSMUSG00000037552,0.71069488006793
ENSMUSG00000044786,0.3756074146082252
ENSMUSG00000109455,0.8977930625074987
ENSMUSG00000003444,0.814528705471909
ENSMUSG00000003437,0.7607340745310981
ENSMUSG00000109336,0.592617263608541
ENSMUSG00000060791,0.8068305684828747
ENSMUSG00000030600,0.8792446303424395
ENSMUSG00000059128,1.0
ENSMUSG00000060747,
ENSMUSG00000084174,
ENSMUSG00000047586,1.0
ENSMUSG00000030602,0.8539845481127883
ENSMUSG00000037469,1.0
ENSMUSG00000108905,1.0
ENSMUSG00000108865,1.0
ENSMUSG00000037463,0.9626318002282043
ENSMUSG00000030598,0.9581572647962356
ENSMUSG00000045948,0.6477391075206904
ENSMUSG00000070699,0.914004554288926
ENSMUSG00000096257,1.0
ENSMUSG00000030595,0.8605655649381329
ENSMUSG00000015149,0.47017023621690557
ENSMUSG00000051735,0.8515939747879406
ENSMUSG00000015165,0.5342028154943322
ENSMUSG00000109420,1.0
ENSMUSG00000053898,0.6708487795964343
ENSMUSG00000053964,0.9794570791601244
ENSMUSG00000108930,1.0
ENSMUSG00000053522,1.0
ENSMUSG00000054083,1.0
ENSMUSG00000109307,1.0
ENSMUSG00000054808,0.42839856283188027
ENSMUSG00000109314,1.0
ENSMUSG00000053565,0.5933688224081106
ENSMUSG00000037337,1.0
ENSMUSG00000030592,1.0
ENSMUSG00000109017,1.0
ENSMUSG00000097079,1.0
ENSMUSG00000030589,1.0
ENSMUSG00000090009,1.0
ENSMUSG00000030590,0.78395460123646
ENSMUSG00000099098,1.0
ENSMUSG00000037239,0.853041230687889
ENSMUSG00000031493,1.0
ENSMUSG00000030591,0.6662766594472868
ENSMUSG00000049676,1.0
ENSMUSG00000046410,0.7662068854758024
ENSMUSG00000030588,0.778619103158463
ENSMUSG00000030587,1.0
ENSMUSG00000074227,0.9183613405561061
ENSMUSG00000037166,0.48310656121697815
ENSMUSG00000030584,0.8369230812919535
ENSMUSG00000109351,1.0
ENSMUSG00000030583,0.5992717015784159
ENSMUSG00000100400,1.0
ENSMUSG00000100111,1.0
ENSMUSG00000049123,1.0
ENSMUSG00000046185,0.8220429326744959
ENSMUSG00000047473,0.692646039969507
ENSMUSG00000011427,0.8593080858552505
ENSMUSG00000050855,0.9100267908840691
ENSMUSG00000097809,1.0
ENSMUSG00000058402,0.8410560188122327
ENSMUSG00000062040,0.8942736541868966
ENSMUSG00000099689,0.8322841662881707
ENSMUSG00000059975,0.6854892790853844
ENSMUSG00000074221,0.8253722345234921
ENSMUSG00000053985,0.8206203859891854
ENSMUSG00000098022,0.9562073574418338
ENSMUSG00000078768,0.8761052783013433
ENSMUSG00000049421,0.6213442977132272
ENSMUSG00000074220,0.9674945921491255
ENSMUSG00000037029,0.8826852411781075
ENSMUSG00000074218,0.9876421598597449
ENSMUSG00000001794,0.5215118606728107
ENSMUSG00000097817,1.0
ENSMUSG00000006095,0.6394027939540325
ENSMUSG00000019738,0.6633770617349779
ENSMUSG00000100512,1.0
ENSMUSG00000037020,1.0
ENSMUSG00000013928,1.0
ENSMUSG00000013921,0.545573363359447
ENSMUSG00000042831,0.7925684377440725
ENSMUSG00000019737,1.0
ENSMUSG00000074211,0.7023252253637751
ENSMUSG00000074210,1.0
ENSMUSG00000109049,1.0
ENSMUSG00000036957,0.885967111003415
ENSMUSG00000030579,0.47702804884029487
ENSMUSG00000064109,1.0
ENSMUSG00000036931,0.858806822128573
ENSMUSG00000006651,0.3241872695206818
ENSMUSG00000036915,0.8911485134163976
ENSMUSG00000006649,0.9154782979574968
ENSMUSG00000087009,1.0
ENSMUSG00000036892,1.0
ENSMUSG00000062132,1.0
ENSMUSG00000036882,0.8234171034975826
ENSMUSG00000036864,0.9396389523317926
ENSMUSG00000036854,1.0
ENSMUSG00000036845,0.85953710843584
ENSMUSG00000036835,0.6185915238508853
ENSMUSG00000078765,0.7809805705212501
ENSMUSG00000036826,0.8565120673570953
ENSMUSG00000006307,0.6893248112642759
ENSMUSG00000006310,1.0
ENSMUSG00000006313,1.0
ENSMUSG00000036751,0.4841671529576104
ENSMUSG00000006311,1.0
ENSMUSG00000036733,0.7339462984243749
ENSMUSG00000078762,0.9719083956683249
ENSMUSG00000049761,1.0
ENSMUSG00000013083,1.0
ENSMUSG00000005553,1.0
ENSMUSG00000006315,0.6630863789440029
ENSMUSG00000097320,0.9998236133801292
ENSMUSG00000061099,0.9166924222657986
ENSMUSG00000098146,0.9206129345112253
ENSMUSG00000046056,0.9232844090844231
ENSMUSG00000060962,1.0
ENSMUSG00000074199,1.0
ENSMUSG00000051314,1.0
ENSMUSG00000019429,1.0
ENSMUSG00000044453,1.0
ENSMUSG00000030577,1.0
ENSMUSG00000101029,
ENSMUSG00000100029,1.0
ENSMUSG00000036634,0.3810695816422272
ENSMUSG00000108546,0.9425668959150931
ENSMUSG00000056978,1.0
ENSMUSG00000050440,1.0
ENSMUSG00000058239,0.5383383304310989
ENSMUSG00000090357,1.0
ENSMUSG00000097750,0.8600395675608526
ENSMUSG00000001247,0.6986248153729624
ENSMUSG00000046826,1.0
ENSMUSG00000009687,0.7667489418650217
ENSMUSG00000036578,0.8662241955933409
ENSMUSG00000036570,0.5760302726901686
ENSMUSG00000036560,0.6501992291940135
ENSMUSG00000057092,1.0
ENSMUSG00000001249,1.0
ENSMUSG00000019194,0.5624749907699129
ENSMUSG00000001248,0.6463617115262954
ENSMUSG00000097149,1.0
ENSMUSG00000100985,1.0
ENSMUSG00000036521,1.0
ENSMUSG00000062556,
ENSMUSG00000078754,1.0
ENSMUSG00000095257,
ENSMUSG00000094053,
ENSMUSG00000078759,
ENSMUSG00000099581,
ENSMUSG00000099729,
ENSMUSG00000101638,
ENSMUSG00000097982,
ENSMUSG00000101520,
ENSMUSG00000078757,
ENSMUSG00000097972,
ENSMUSG00000101232,
ENSMUSG00000098094,
ENSMUSG00000099898,
ENSMUSG00000100058,
ENSMUSG00000101401,
ENSMUSG00000096467,
ENSMUSG00000095232,
ENSMUSG00000094305,
ENSMUSG00000094978,
ENSMUSG00000099900,
ENSMUSG00000085312,1.0
ENSMUSG00000046438,
ENSMUSG00000078753,
ENSMUSG00000066586,
ENSMUSG00000066584,
ENSMUSG00000066583,
ENSMUSG00000078752,1.0
ENSMUSG00000036459,0.6679659601136654
ENSMUSG00000052997,0.6328195075137323
ENSMUSG00000002635,0.7438995132535603
ENSMUSG00000036427,0.5503507542264217
ENSMUSG00000086526,1.0
ENSMUSG00000085105,0.9828238702435648
ENSMUSG00000066571,0.44355744210609993
ENSMUSG00000066568,0.5859676649066302
ENSMUSG00000086184,1.0
ENSMUSG00000085124,1.0
ENSMUSG00000086631,1.0
ENSMUSG00000108723,1.0
ENSMUSG00000030499,0.9314788046512698
ENSMUSG00000085923,1.0
ENSMUSG00000087127,1.0
ENSMUSG00000060402,0.755001199226653
ENSMUSG00000063931,0.6948943936136206
ENSMUSG00000056216,0.5953852734743394
ENSMUSG00000108486,1.0
ENSMUSG00000108333,1.0
ENSMUSG00000108739,1.0
ENSMUSG00000108657,1.0
ENSMUSG00000108624,1.0
ENSMUSG00000034957,0.7144557586872107
ENSMUSG00000108575,1.0
ENSMUSG00000030495,0.527823423610229
ENSMUSG00000001802,0.7974980272866006
ENSMUSG00000118454,1.0
ENSMUSG00000063808,0.680125850284237
ENSMUSG00000030494,0.7923777289396942
ENSMUSG00000030493,0.9727285437833523
ENSMUSG00000023072,0.7946844562115409
ENSMUSG00000030492,1.0
ENSMUSG00000030491,1.0
ENSMUSG00000034875,0.6872081958156451
ENSMUSG00000097509,1.0
ENSMUSG00000056043,1.0
ENSMUSG00000034867,0.7615923763434886
ENSMUSG00000030417,0.5518814901553227
ENSMUSG00000043671,0.7740491500406437
ENSMUSG00000044452,0.7803303228057439
ENSMUSG00000044997,1.0
ENSMUSG00000100387,1.0
ENSMUSG00000108711,1.0
ENSMUSG00000101965,1.0
ENSMUSG00000021217,0.7136165550517457
ENSMUSG00000101342,1.0
ENSMUSG00000100616,1.0
ENSMUSG00000100905,1.0
ENSMUSG00000099715,1.0
ENSMUSG00000043456,0.3948981455291547
ENSMUSG00000093540,1.0
ENSMUSG00000030421,0.602226764732371
ENSMUSG00000108726,1.0
ENSMUSG00000108334,1.0
ENSMUSG00000002068,1.0
ENSMUSG00000108332,1.0
ENSMUSG00000054676,0.8058142185581139
ENSMUSG00000074170,0.81929273256397
ENSMUSG00000030423,0.7914765197298009
ENSMUSG00000108749,1.0
ENSMUSG00000100169,1.0
ENSMUSG00000060565,1.0
ENSMUSG00000053742,1.0
ENSMUSG00000068959,0.9587069840908585
ENSMUSG00000108621,0.6169085572371478
ENSMUSG00000110135,1.0
ENSMUSG00000100431,1.0
ENSMUSG00000109083,1.0
ENSMUSG00000101153,1.0
ENSMUSG00000100650,1.0
ENSMUSG00000102004,1.0
ENSMUSG00000100600,0.9956174234301169
ENSMUSG00000101643,1.0
ENSMUSG00000039257,0.8801322816104957
ENSMUSG00000091692,1.0
ENSMUSG00000108364,1.0
ENSMUSG00000048312,1.0
ENSMUSG00000108490,1.0
ENSMUSG00000108619,
ENSMUSG00000108754,1.0
ENSMUSG00000072259,1.0
ENSMUSG00000108395,
ENSMUSG00000056383,0.7629877255677977
ENSMUSG00000091864,1.0
ENSMUSG00000066537,1.0
ENSMUSG00000074166,0.8029163415171832
ENSMUSG00000090744,1.0
ENSMUSG00000091474,0.8257539177809428
ENSMUSG00000074165,0.7432099015480195
ENSMUSG00000090383,1.0
ENSMUSG00000092032,1.0
ENSMUSG00000090619,1.0
ENSMUSG00000090967,1.0
ENSMUSG00000030463,1.0
ENSMUSG00000092416,0.7972390931847253
ENSMUSG00000108446,1.0
ENSMUSG00000094462,1.0
ENSMUSG00000092335,1.0
ENSMUSG00000074158,0.8750061618368742
ENSMUSG00000069727,0.8138985399177174
ENSMUSG00000091594,1.0
ENSMUSG00000091926,1.0
ENSMUSG00000092225,1.0
ENSMUSG00000090751,1.0
ENSMUSG00000091528,1.0
ENSMUSG00000107181,1.0
ENSMUSG00000064194,1.0
ENSMUSG00000074887,1.0
ENSMUSG00000012640,0.7467002603927348
ENSMUSG00000039013,1.0
ENSMUSG00000030468,1.0
ENSMUSG00000118553,1.0
ENSMUSG00000118560,1.0
ENSMUSG00000004612,1.0
ENSMUSG00000038973,1.0
ENSMUSG00000004610,0.6728286409543156
ENSMUSG00000070604,1.0
ENSMUSG00000013367,0.8321500305024667
ENSMUSG00000013353,1.0
ENSMUSG00000108695,1.0
ENSMUSG00000004609,0.6288468433579594
ENSMUSG00000108411,1.0
ENSMUSG00000056592,0.9133409374121214
ENSMUSG00000030469,0.7829789224526659
ENSMUSG00000055102,1.0
ENSMUSG00000030472,1.0
ENSMUSG00000030474,1.0
ENSMUSG00000108783,1.0
ENSMUSG00000038888,0.9787689074965051
ENSMUSG00000044737,1.0
ENSMUSG00000097178,1.0
ENSMUSG00000054046,1.0
ENSMUSG00000044430,1.0
ENSMUSG00000067616,1.0
ENSMUSG00000030693,1.0
ENSMUSG00000047884,1.0
ENSMUSG00000064023,0.9901318470630037
ENSMUSG00000030713,1.0
ENSMUSG00000050063,0.963513438330146
ENSMUSG00000074155,1.0
ENSMUSG00000108781,1.0
ENSMUSG00000006948,1.0
ENSMUSG00000055193,1.0
ENSMUSG00000108432,1.0
ENSMUSG00000063089,1.0
ENSMUSG00000063133,1.0
ENSMUSG00000059042,1.0
ENSMUSG00000044485,1.0
ENSMUSG00000053719,1.0
ENSMUSG00000063177,1.0
ENSMUSG00000066516,1.0
ENSMUSG00000060177,1.0
ENSMUSG00000038968,1.0
ENSMUSG00000063713,1.0
ENSMUSG00000066515,1.0
ENSMUSG00000066513,1.0
ENSMUSG00000066512,1.0
ENSMUSG00000063903,1.0
ENSMUSG00000038782,1.0
ENSMUSG00000108622,1.0
ENSMUSG00000045411,0.7795767853416692
ENSMUSG00000012777,1.0
ENSMUSG00000087376,1.0
ENSMUSG00000004473,1.0
ENSMUSG00000038738,0.6380852123052981
ENSMUSG00000008028,0.9988177294297332
ENSMUSG00000108509,1.0
ENSMUSG00000030731,0.8826334742786498
ENSMUSG00000047085,0.564030275614664
ENSMUSG00000038704,1.0
ENSMUSG00000038695,0.5142416285720907
ENSMUSG00000108322,0.8878913701027618
ENSMUSG00000008140,0.4767623231320481
ENSMUSG00000051113,0.9402834091168917
ENSMUSG00000108607,1.0
ENSMUSG00000038670,1.0
ENSMUSG00000008193,1.0
ENSMUSG00000038644,0.983230197093312
ENSMUSG00000060601,0.6779711319527029
ENSMUSG00000002204,1.0
ENSMUSG00000109491,0.9521288527618842
ENSMUSG00000062785,0.6497355357150749
ENSMUSG00000108832,1.0
ENSMUSG00000030739,0.6515179178515526
ENSMUSG00000070574,1.0
ENSMUSG00000066500,1.0
ENSMUSG00000048012,1.0
ENSMUSG00000002205,0.7601252931958736
ENSMUSG00000038539,0.7740548434673996
ENSMUSG00000109511,0.867330075818701
ENSMUSG00000074141,0.9935534134917293
ENSMUSG00000038520,0.7484389383738618
ENSMUSG00000011096,0.701004387179262
ENSMUSG00000002963,0.7646234250758798
ENSMUSG00000038502,0.6301714125814512
ENSMUSG00000002968,0.6794492416688958
ENSMUSG00000011658,0.8146948240806421
ENSMUSG00000060279,0.5780185110968379
ENSMUSG00000059891,1.0
ENSMUSG00000007783,0.7437493578009873
ENSMUSG00000109111,1.0
ENSMUSG00000109324,0.7500516671270191
ENSMUSG00000087138,0.9906741671442116
ENSMUSG00000003190,0.9502450879817055
ENSMUSG00000003184,0.6807335343084057
ENSMUSG00000038406,0.6314640173200509
ENSMUSG00000038387,0.694739464081834
ENSMUSG00000046574,0.6970023213021136
ENSMUSG00000007837,0.8532257551837027
ENSMUSG00000003421,0.7831362913353032
ENSMUSG00000019539,0.976567739571024
ENSMUSG00000109947,1.0
ENSMUSG00000003420,0.6249832284007496
ENSMUSG00000110279,1.0
ENSMUSG00000003429,0.3245104725103764
ENSMUSG00000074129,0.30005422686515093
ENSMUSG00000110206,0.9684369771671405
ENSMUSG00000007833,0.9463247567644727
ENSMUSG00000003423,0.8745090175017999
ENSMUSG00000070570,0.6120324115318073
ENSMUSG00000095276,1.0
ENSMUSG00000038300,1.0
ENSMUSG00000038292,1.0
ENSMUSG00000030792,1.0
ENSMUSG00000030796,0.9439308267535818
ENSMUSG00000030798,0.7007484844776355
ENSMUSG00000094152,1.0
ENSMUSG00000070568,1.0
ENSMUSG00000038260,0.8727927154485647
ENSMUSG00000038239,1.0
ENSMUSG00000003863,0.8073046254253402
ENSMUSG00000091510,1.0
ENSMUSG00000003872,0.9345380583961145
ENSMUSG00000110070,1.0
ENSMUSG00000063511,0.42409831743889514
ENSMUSG00000038201,1.0
ENSMUSG00000074121,1.0
ENSMUSG00000118462,1.0
ENSMUSG00000100916,1.0
ENSMUSG00000003868,0.8512060810289441
ENSMUSG00000003865,0.6895513970427918
ENSMUSG00000050708,0.2687428399404003
ENSMUSG00000003873,0.5845550180138794
ENSMUSG00000011382,0.849760946195036
ENSMUSG00000023467,0.9996939749675883
ENSMUSG00000030824,0.6097750318412138
ENSMUSG00000040435,0.6491265269411718
ENSMUSG00000040428,0.992146519412134
ENSMUSG00000110144,1.0
ENSMUSG00000030825,1.0
ENSMUSG00000109644,1.0
ENSMUSG00000030826,0.7797240432226964
ENSMUSG00000109632,1.0
ENSMUSG00000030827,1.0
ENSMUSG00000008461,1.0
ENSMUSG00000064158,1.0
ENSMUSG00000044562,0.7237116400291089
ENSMUSG00000109998,1.0
ENSMUSG00000110357,0.9004905840672306
ENSMUSG00000042918,1.0
ENSMUSG00000055978,1.0
ENSMUSG00000040364,1.0
ENSMUSG00000070564,1.0
ENSMUSG00000003273,0.7437281332961126
ENSMUSG00000059824,0.6265178968395388
ENSMUSG00000057342,0.8001259202925137
ENSMUSG00000059070,0.353235151441759
ENSMUSG00000054161,1.0
ENSMUSG00000070563,1.0
ENSMUSG00000003271,1.0
ENSMUSG00000109602,1.0
ENSMUSG00000062044,0.7669376081624101
ENSMUSG00000003269,0.7595425581169531
ENSMUSG00000058743,1.0
ENSMUSG00000053801,0.9912686425140415
ENSMUSG00000110020,1.0
ENSMUSG00000002771,0.9323573290961449
ENSMUSG00000002778,0.626446252736881
ENSMUSG00000040231,1.0
ENSMUSG00000002781,0.8757541667463277
ENSMUSG00000040212,0.9956556606047329
ENSMUSG00000110208,1.0
ENSMUSG00000040189,0.8934359619664588
ENSMUSG00000030834,0.9884480043862878
ENSMUSG00000030835,0.6782913510372759
ENSMUSG00000096146,0.9794104075927359
ENSMUSG00000040136,0.8571407834001837
ENSMUSG00000110240,1.0
ENSMUSG00000030838,1.0
ENSMUSG00000009487,1.0
ENSMUSG00000109962,1.0
ENSMUSG00000009471,1.0
ENSMUSG00000058975,0.5943398634901571
ENSMUSG00000030839,0.6998877068352612
ENSMUSG00000110316,1.0
ENSMUSG00000087492,1.0
ENSMUSG00000040046,1.0
ENSMUSG00000006763,0.8567539522413815
ENSMUSG00000040026,1.0
ENSMUSG00000040017,1.0
ENSMUSG00000074115,1.0
ENSMUSG00000057465,1.0
ENSMUSG00000014418,0.7403171216832857
ENSMUSG00000110087,1.0
ENSMUSG00000006599,0.676592361832815
ENSMUSG00000063229,0.5613724310361077
ENSMUSG00000030851,1.0
ENSMUSG00000014402,0.6424230363951581
ENSMUSG00000043262,0.8249091133049579
ENSMUSG00000110001,1.0
ENSMUSG00000056509,1.0
ENSMUSG00000049516,0.7555286471442593
ENSMUSG00000109118,0.8749696832312632
ENSMUSG00000109634,1.0
ENSMUSG00000010307,0.7086900535186937
ENSMUSG00000030854,0.7763375196974863
ENSMUSG00000109501,1.0
ENSMUSG00000109200,1.0
ENSMUSG00000052303,1.0
ENSMUSG00000074111,1.0
ENSMUSG00000050650,1.0
ENSMUSG00000093973,1.0
ENSMUSG00000096719,1.0
ENSMUSG00000078698,1.0
ENSMUSG00000067173,
ENSMUSG00000070552,1.0
ENSMUSG00000070551,
ENSMUSG00000070550,
ENSMUSG00000050870,
ENSMUSG00000070547,1.0
ENSMUSG00000074109,1.0
ENSMUSG00000050425,1.0
ENSMUSG00000070546,
ENSMUSG00000109170,1.0
ENSMUSG00000030471,0.7880092818709115
ENSMUSG00000030470,1.0
ENSMUSG00000046179,1.0
ENSMUSG00000085995,1.0
ENSMUSG00000110093,1.0
ENSMUSG00000052512,0.3514875783127051
ENSMUSG00000109203,0.9871824564640854
ENSMUSG00000108950,0.9573153365623324
ENSMUSG00000030507,1.0
ENSMUSG00000039745,0.9997587796288314
ENSMUSG00000030505,0.7771414530100993
ENSMUSG00000039728,1.0
ENSMUSG00000055409,0.8096788751454352
ENSMUSG00000085265,1.0
ENSMUSG00000084234,1.0
ENSMUSG00000055489,0.9905918415143695
ENSMUSG00000030500,0.8826855340825481
ENSMUSG00000102124,1.0
ENSMUSG00000108957,1.0
ENSMUSG00000092118,0.950605428454846
ENSMUSG00000030498,0.8497938605545148
ENSMUSG00000074093,0.6414707211465991
ENSMUSG00000094445,1.0
ENSMUSG00000063297,0.32046587284976286
ENSMUSG00000051504,0.44314386016325763
ENSMUSG00000033790,0.5983827265060948
ENSMUSG00000030447,0.44904595823411037
ENSMUSG00000030452,0.6381955444345744
ENSMUSG00000087178,0.8313233407470046
ENSMUSG00000047037,0.6224664757555007
ENSMUSG00000085927,1.0
ENSMUSG00000108659,1.0
ENSMUSG00000030451,0.46347609203288903
ENSMUSG00000030450,1.0
ENSMUSG00000108773,
ENSMUSG00000055026,0.6118815937068643
ENSMUSG00000055048,1.0
ENSMUSG00000055078,0.8824244002126366
ENSMUSG00000033676,0.540338266080026
ENSMUSG00000025324,0.4569815397155807
ENSMUSG00000025326,0.4489101197312758
ENSMUSG00000100826,0.5225577142373489
ENSMUSG00000000948,0.7870128640577114
ENSMUSG00000102252,0.5564238422490673
ENSMUSG00000102627,
ENSMUSG00000109121,0.9762524140364579
ENSMUSG00000108867,0.9967281427925733
ENSMUSG00000068151,0.8057885190966956
ENSMUSG00000109006,0.8022945641099004
ENSMUSG00000109394,0.4921245245377606
ENSMUSG00000109321,0.6014566768160964
ENSMUSG00000045813,0.7812300873535157
ENSMUSG00000108986,1.0
ENSMUSG00000033585,0.7513957778824232
ENSMUSG00000056972,1.0
ENSMUSG00000070527,0.9901254103128959
ENSMUSG00000070526,1.0
ENSMUSG00000109344,1.0
ENSMUSG00000030525,0.9148097903425592
ENSMUSG00000097682,1.0
ENSMUSG00000033510,0.4573443351755431
ENSMUSG00000108421,1.0
ENSMUSG00000052040,0.4068040763004147
ENSMUSG00000098708,1.0
ENSMUSG00000095061,1.0
ENSMUSG00000108313,1.0
ENSMUSG00000108393,0.9531477578477706
ENSMUSG00000108469,1.0
ENSMUSG00000108620,1.0
ENSMUSG00000030523,1.0
ENSMUSG00000030522,0.6386098558691073
ENSMUSG00000092187,0.7827159733968263
ENSMUSG00000033458,0.7644367692452868
ENSMUSG00000030521,0.7337325713794296
ENSMUSG00000033429,0.6886526580271025
ENSMUSG00000030519,0.5489320662336521
ENSMUSG00000030518,0.7627893754047815
ENSMUSG00000070520,0.7657223063251621
ENSMUSG00000108587,1.0
ENSMUSG00000030516,0.333598119757794
ENSMUSG00000086662,1.0
ENSMUSG00000030515,0.8047103824202493
ENSMUSG00000078681,0.7400974854203617
ENSMUSG00000100094,1.0
ENSMUSG00000093405,1.0
ENSMUSG00000030513,0.6588436672664783
ENSMUSG00000030512,0.7358793178593158
ENSMUSG00000108777,1.0
ENSMUSG00000075701,0.554509715399672
ENSMUSG00000097634,0.8474512320044991
ENSMUSG00000032640,0.6364550459069067
ENSMUSG00000015133,0.5747306924965796
ENSMUSG00000109119,1.0
ENSMUSG00000078677,1.0
ENSMUSG00000015134,1.0
ENSMUSG00000109114,1.0
ENSMUSG00000109039,1.0
ENSMUSG00000030509,0.6872377202409177
ENSMUSG00000053091,0.8968049029659236
ENSMUSG00000030510,1.0
ENSMUSG00000058145,0.9358955280404634
ENSMUSG00000097527,1.0
ENSMUSG00000043831,0.6446628641494243
ENSMUSG00000030557,0.36016762139066827
ENSMUSG00000109329,1.0
ENSMUSG00000030556,0.6558124915541088
ENSMUSG00000030555,0.6465353679974023
ENSMUSG00000030554,0.6003089448886613
ENSMUSG00000097697,1.0
ENSMUSG00000109464,1.0
ENSMUSG00000109193,1.0
ENSMUSG00000005533,0.30144360275974813
ENSMUSG00000030553,1.0
ENSMUSG00000086628,1.0
ENSMUSG00000074071,1.0
ENSMUSG00000086410,1.0
ENSMUSG00000109458,1.0
ENSMUSG00000108924,1.0
ENSMUSG00000108828,1.0
ENSMUSG00000109298,1.0
ENSMUSG00000108876,1.0
ENSMUSG00000042659,0.9978891386121617
ENSMUSG00000109407,1.0
ENSMUSG00000109524,1.0
ENSMUSG00000110028,1.0
ENSMUSG00000109153,1.0
ENSMUSG00000108885,1.0
ENSMUSG00000109097,0.641583526960482
ENSMUSG00000109280,1.0
ENSMUSG00000099387,1.0
ENSMUSG00000109361,1.0
ENSMUSG00000109364,1.0
ENSMUSG00000030551,0.5323314130278014
ENSMUSG00000100005,0.8317532625986995
ENSMUSG00000101559,1.0
ENSMUSG00000108869,1.0
ENSMUSG00000109028,1.0
ENSMUSG00000108836,1.0
ENSMUSG00000109021,1.0
ENSMUSG00000109294,
ENSMUSG00000109532,0.981267886121234
ENSMUSG00000109003,1.0
ENSMUSG00000109161,1.0
ENSMUSG00000100664,1.0
ENSMUSG00000099853,1.0
ENSMUSG00000099558,1.0
ENSMUSG00000108978,1.0
ENSMUSG00000108669,1.0
ENSMUSG00000108480,1.0
ENSMUSG00000108800,1.0
ENSMUSG00000032776,1.0
ENSMUSG00000108427,1.0
ENSMUSG00000108493,1.0
ENSMUSG00000100138,
ENSMUSG00000100670,
ENSMUSG00000108329,1.0
ENSMUSG00000108383,1.0
ENSMUSG00000108345,1.0
ENSMUSG00000101843,1.0
ENSMUSG00000108778,0.9796920048614198
ENSMUSG00000108513,0.9758764137198099
ENSMUSG00000108530,1.0
ENSMUSG00000097756,0.8141940427100288
ENSMUSG00000070509,0.4758827668458347
ENSMUSG00000078671,0.49219352605206174
ENSMUSG00000108563,0.791140372304632
ENSMUSG00000101970,0.5437192285752993
ENSMUSG00000108724,1.0
ENSMUSG00000108497,1.0
ENSMUSG00000108311,1.0
ENSMUSG00000108550,1.0
ENSMUSG00000108473,1.0
ENSMUSG00000078670,0.9689087152672082
ENSMUSG00000074067,1.0
ENSMUSG00000108448,1.0
ENSMUSG00000025789,0.9947737324869833
ENSMUSG00000102384,1.0
ENSMUSG00000108725,1.0
ENSMUSG00000025790,0.4761829292275141
ENSMUSG00000085161,1.0
ENSMUSG00000108468,1.0
ENSMUSG00000108652,1.0
ENSMUSG00000108803,1.0
ENSMUSG00000053025,0.622457318183235
ENSMUSG00000097247,1.0
ENSMUSG00000066406,0.44590944814517286
ENSMUSG00000097415,0.6679020035121488
ENSMUSG00000055652,0.8393873203018308
ENSMUSG00000025754,0.9973861686980439
ENSMUSG00000059146,0.47380341383814495
ENSMUSG00000108788,1.0
ENSMUSG00000108390,1.0
ENSMUSG00000052629,0.9785950908913286
ENSMUSG00000030612,0.8340101363488315
ENSMUSG00000030611,0.7845968695339208
ENSMUSG00000108603,1.0
ENSMUSG00000030610,0.9020415668558625
ENSMUSG00000108791,1.0
ENSMUSG00000108385,1.0
ENSMUSG00000030609,0.8127585067658119
ENSMUSG00000039236,1.0
ENSMUSG00000097441,1.0
ENSMUSG00000030607,0.9884542404714001
ENSMUSG00000030606,1.0
ENSMUSG00000030605,0.3899877442189935
ENSMUSG00000108387,1.0
ENSMUSG00000039202,0.47449013099999954
ENSMUSG00000039194,0.8388775207171724
ENSMUSG00000039187,1.0
ENSMUSG00000039176,0.6779782241296677
ENSMUSG00000097023,0.5706856035778027
ENSMUSG00000108616,0.89020696840229
ENSMUSG00000108373,1.0
ENSMUSG00000108776,0.9937525254328111
ENSMUSG00000030549,1.0
ENSMUSG00000046591,1.0
ENSMUSG00000050382,0.9778547945157754
ENSMUSG00000039133,1.0
ENSMUSG00000030546,1.0
ENSMUSG00000030545,0.8592561569184051
ENSMUSG00000108425,1.0
ENSMUSG00000039099,1.0
ENSMUSG00000030544,1.0
ENSMUSG00000030543,1.0
ENSMUSG00000039062,1.0
ENSMUSG00000063801,0.687939346016443
ENSMUSG00000097685,1.0
ENSMUSG00000097699,0.9918037021635963
ENSMUSG00000039043,0.9157150138810534
ENSMUSG00000048897,0.505924573983573
ENSMUSG00000108714,1.0
ENSMUSG00000108655,1.0
ENSMUSG00000030541,0.6868417315176466
ENSMUSG00000108757,1.0
ENSMUSG00000030539,0.6776420670797909
ENSMUSG00000030538,0.7800313202360912
ENSMUSG00000050973,0.9571065355508576
ENSMUSG00000045467,1.0
ENSMUSG00000047084,0.760225680674382
ENSMUSG00000030534,0.8554251734586944
ENSMUSG00000038930,0.8114449903736545
ENSMUSG00000038943,1.0
ENSMUSG00000030533,0.755001945461035
ENSMUSG00000030532,0.8612689592424024
ENSMUSG00000038886,0.5981878059995179
ENSMUSG00000053158,0.8427142458198255
ENSMUSG00000030530,0.6715594319850733
ENSMUSG00000108436,1.0
ENSMUSG00000030528,0.8653863045760295
ENSMUSG00000030527,0.5161377551648804
ENSMUSG00000084821,1.0
ENSMUSG00000030536,0.5204084541232644
ENSMUSG00000108321,0.9835675666559671
ENSMUSG00000038797,0.9973068059219761
ENSMUSG00000025722,0.7800969050853556
ENSMUSG00000025723,0.9890836962820997
ENSMUSG00000025724,0.6517366484520564
ENSMUSG00000109008,0.8078625843332818
ENSMUSG00000005621,0.6431191288743803
ENSMUSG00000038763,1.0
ENSMUSG00000085194,1.0
ENSMUSG00000025726,1.0
ENSMUSG00000109323,1.0
ENSMUSG00000025584,0.4733443229931844
ENSMUSG00000061787,0.38926157532346783
ENSMUSG00000025586,0.692496592636023
ENSMUSG00000062444,0.7266211337839243
ENSMUSG00000061877,1.0
ENSMUSG00000097277,0.733689445632241
ENSMUSG00000038663,1.0
ENSMUSG00000045795,0.7176449267564498
ENSMUSG00000025813,0.7667977232110408
ENSMUSG00000109194,1.0
ENSMUSG00000038646,0.6958282746067539
ENSMUSG00000025102,0.892251530577094
ENSMUSG00000109485,1.0
ENSMUSG00000025103,0.5550342124104586
ENSMUSG00000066378,1.0
ENSMUSG00000038623,0.6164776296485591
ENSMUSG00000109110,1.0
ENSMUSG00000025104,0.5896229724055164
ENSMUSG00000025105,1.0
ENSMUSG00000109145,1.0
ENSMUSG00000108987,1.0
ENSMUSG00000108868,1.0
ENSMUSG00000108845,1.0
ENSMUSG00000030638,0.6355522177307794
ENSMUSG00000070469,0.9729793568647893
ENSMUSG00000038570,0.949636744056137
ENSMUSG00000038563,0.7245296075747677
ENSMUSG00000086690,1.0
ENSMUSG00000030636,1.0
ENSMUSG00000109383,1.0
ENSMUSG00000057706,0.8829355588267583
ENSMUSG00000109106,1.0
ENSMUSG00000053528,1.0
ENSMUSG00000108861,1.0
ENSMUSG00000109506,1.0
ENSMUSG00000109042,1.0
ENSMUSG00000094841,1.0
ENSMUSG00000038540,1.0
ENSMUSG00000087088,0.8422415933533848
ENSMUSG00000046027,0.7370665369054286
ENSMUSG00000001741,0.6291064007644587
ENSMUSG00000085080,1.0
ENSMUSG00000011154,1.0
ENSMUSG00000109248,1.0
ENSMUSG00000109450,1.0
ENSMUSG00000070462,0.7897902629151028
ENSMUSG00000038503,0.6681947856808256
ENSMUSG00000052353,0.763418190295731
ENSMUSG00000038459,0.7296587391375846
ENSMUSG00000097016,1.0
ENSMUSG00000109091,1.0
ENSMUSG00000015709,0.49713421402720553
ENSMUSG00000109341,1.0
ENSMUSG00000108864,1.0
ENSMUSG00000109347,1.0
ENSMUSG00000097789,0.7850296700554088
ENSMUSG00000030630,0.8068602022279479
ENSMUSG00000030629,0.49925041107589463
ENSMUSG00000085236,1.0
ENSMUSG00000070460,1.0
ENSMUSG00000070459,1.0
ENSMUSG00000116179,
ENSMUSG00000066372,1.0
ENSMUSG00000094950,1.0
ENSMUSG00000095664,1.0
ENSMUSG00000096861,1.0
ENSMUSG00000091006,1.0
ENSMUSG00000090806,1.0
ENSMUSG00000091205,1.0
ENSMUSG00000051877,1.0
ENSMUSG00000070458,1.0
ENSMUSG00000090774,1.0
ENSMUSG00000090436,1.0
ENSMUSG00000091239,1.0
ENSMUSG00000057540,1.0
ENSMUSG00000054054,
ENSMUSG00000054498,1.0
ENSMUSG00000055610,1.0
ENSMUSG00000055571,1.0
ENSMUSG00000062426,
ENSMUSG00000039608,1.0
ENSMUSG00000061549,1.0
ENSMUSG00000020168,1.0
ENSMUSG00000062878,1.0
ENSMUSG00000057067,1.0
ENSMUSG00000059319,1.0
ENSMUSG00000062042,
ENSMUSG00000063394,1.0
ENSMUSG00000060688,1.0
ENSMUSG00000001773,0.5974957531363332
ENSMUSG00000090949,1.0
ENSMUSG00000091962,1.0
ENSMUSG00000090362,1.0
ENSMUSG00000030562,1.0
ENSMUSG00000004651,1.0
ENSMUSG00000049583,0.49870619906993063
ENSMUSG00000030560,0.62838106711083
ENSMUSG00000109244,1.0
ENSMUSG00000030559,1.0
ENSMUSG00000109278,1.0
ENSMUSG00000039428,0.5206533024429382
ENSMUSG00000109327,1.0
ENSMUSG00000049791,0.671445457816086
ENSMUSG00000109311,1.0
ENSMUSG00000039405,0.7972330634774193
ENSMUSG00000030623,1.0
ENSMUSG00000108875,1.0
ENSMUSG00000092071,1.0
ENSMUSG00000030621,0.6735841195338749
ENSMUSG00000039391,1.0
ENSMUSG00000062797,0.6808351601747894
ENSMUSG00000030619,0.6605402788309529
ENSMUSG00000097585,0.5389357628282939
ENSMUSG00000097162,0.7984704928392049
ENSMUSG00000039361,0.39284473931682345
ENSMUSG00000030617,1.0
ENSMUSG00000030616,0.594283205226435
ENSMUSG00000044362,1.0
ENSMUSG00000051451,0.6152678679768665
ENSMUSG00000030615,0.5893337707966818
ENSMUSG00000030614,0.791876777306148
ENSMUSG00000052572,0.3542569355934358
ENSMUSG00000109125,0.9070526436610944
ENSMUSG00000109382,1.0
ENSMUSG00000030613,0.7146300601912761
ENSMUSG00000041343,0.9128919882177088
ENSMUSG00000098066,0.7948502477042902
ENSMUSG00000041328,0.5841389883525179
ENSMUSG00000098041,1.0
ENSMUSG00000074024,0.5607018992050472
ENSMUSG00000030643,0.6062931967547565
ENSMUSG00000030641,1.0
ENSMUSG00000061119,0.6454342036277118
ENSMUSG00000097644,0.8414913512006957
ENSMUSG00000054061,0.9953046054957253
ENSMUSG00000051515,0.6818990056928578
ENSMUSG00000109175,1.0
ENSMUSG00000109315,1.0
ENSMUSG00000108532,0.8443659607165626
ENSMUSG00000108315,1.0
ENSMUSG00000048078,0.5971329943249487
ENSMUSG00000085751,1.0
ENSMUSG00000085792,1.0
ENSMUSG00000053049,1.0
ENSMUSG00000085443,1.0
ENSMUSG00000108635,1.0
ENSMUSG00000085560,0.9991539174177537
ENSMUSG00000018995,0.7724100861425304
ENSMUSG00000004508,0.40470185220216603
ENSMUSG00000035713,0.840472907742605
ENSMUSG00000044952,0.8138018549884876
ENSMUSG00000035704,0.879628043570371
ENSMUSG00000030647,0.5310131517593141
ENSMUSG00000035686,0.6505947536321971
ENSMUSG00000051727,0.9713155069605722
ENSMUSG00000025133,0.7339405194706369
ENSMUSG00000035642,0.6200592445852485
ENSMUSG00000035623,0.5109281355050056
ENSMUSG00000086433,0.8662730840276337
ENSMUSG00000086993,0.936150065499534
ENSMUSG00000025439,0.6883259121391085
ENSMUSG00000042797,0.785605604025754
ENSMUSG00000030774,0.4695489368777816
ENSMUSG00000035582,1.0
ENSMUSG00000030761,0.9625250146658527
ENSMUSG00000035547,0.803536972023444
ENSMUSG00000074006,1.0
ENSMUSG00000097749,1.0
ENSMUSG00000074004,1.0
ENSMUSG00000030760,0.5614280060797954
ENSMUSG00000049580,1.0
ENSMUSG00000108449,1.0
ENSMUSG00000074003,1.0
ENSMUSG00000090958,0.9807410356088617
ENSMUSG00000055446,1.0
ENSMUSG00000035401,0.5595673569696124
ENSMUSG00000030753,0.6528655471825051
ENSMUSG00000109149,1.0
ENSMUSG00000108988,1.0
ENSMUSG00000015957,1.0
ENSMUSG00000035354,0.5138709843479459
ENSMUSG00000109282,1.0
ENSMUSG00000109130,1.0
ENSMUSG00000030747,0.864635363825738
ENSMUSG00000109052,1.0
ENSMUSG00000052396,1.0
ENSMUSG00000097015,1.0
ENSMUSG00000055407,0.7126758219790689
ENSMUSG00000109460,1.0
ENSMUSG00000070436,0.5517428918162801
ENSMUSG00000035314,0.7608699951698888
ENSMUSG00000035298,1.0
ENSMUSG00000030744,0.29437109526429306
ENSMUSG00000018909,0.5709242613381419
ENSMUSG00000096606,0.9538623596065324
ENSMUSG00000097974,1.0
ENSMUSG00000030737,0.4189147241040747
ENSMUSG00000085095,1.0
ENSMUSG00000109559,1.0
ENSMUSG00000073998,1.0
ENSMUSG00000073997,1.0
ENSMUSG00000053360,1.0
ENSMUSG00000035239,1.0
ENSMUSG00000035227,0.5265820005794226
ENSMUSG00000035211,1.0
ENSMUSG00000109002,1.0
ENSMUSG00000058761,0.5168249091389024
ENSMUSG00000030732,1.0
ENSMUSG00000030726,0.7729274107485966
ENSMUSG00000030725,0.9909977455036485
ENSMUSG00000109186,1.0
ENSMUSG00000035165,1.0
ENSMUSG00000030729,0.6151920341118178
ENSMUSG00000051048,0.9493564112021671
ENSMUSG00000030718,0.6240765409237115
ENSMUSG00000047248,0.6289186347593152
ENSMUSG00000099137,1.0
ENSMUSG00000032942,0.8606353199821023
ENSMUSG00000033685,0.5515420352045679
ENSMUSG00000030708,1.0
ENSMUSG00000044881,0.8997361688747391
ENSMUSG00000109123,1.0
ENSMUSG00000030706,0.6215883561345725
ENSMUSG00000030704,0.47028766620156687
ENSMUSG00000030701,0.47332291173642427
ENSMUSG00000108866,1.0
ENSMUSG00000029461,0.44598142998613644
ENSMUSG00000008318,0.9384015404841839
ENSMUSG00000032875,0.6185887579745317
ENSMUSG00000048779,0.6495987083855931
ENSMUSG00000032860,1.0
ENSMUSG00000030691,0.42612494954792113
ENSMUSG00000047767,0.7221418657129368
ENSMUSG00000030688,0.7368608935638797
ENSMUSG00000092364,1.0
ENSMUSG00000110239,1.0
ENSMUSG00000032812,0.683174914771226
ENSMUSG00000110195,0.568100223774355
ENSMUSG00000110301,1.0
ENSMUSG00000030651,1.0
ENSMUSG00000001829,0.6726700341858894
ENSMUSG00000007946,1.0
ENSMUSG00000032737,0.7072616234735396
ENSMUSG00000073985,1.0
ENSMUSG00000032725,1.0
ENSMUSG00000001827,1.0
ENSMUSG00000030649,0.7905284920848112
ENSMUSG00000078630,1.0
ENSMUSG00000030842,0.5476571142435868
ENSMUSG00000064307,0.8116959835988583
ENSMUSG00000066306,0.5430843087884715
ENSMUSG00000070427,0.9986620378193863
ENSMUSG00000070426,0.737014304435178
ENSMUSG00000099481,0.7114779909588846
ENSMUSG00000070424,1.0
ENSMUSG00000030996,1.0
ENSMUSG00000066279,1.0
ENSMUSG00000063550,0.5833983130878032
ENSMUSG00000030990,0.6177251977529933
ENSMUSG00000111339,
ENSMUSG00000073982,0.5837953189489377
ENSMUSG00000030987,0.5499330229021226
ENSMUSG00000030978,0.8737868690165064
ENSMUSG00000044814,1.0
ENSMUSG00000043925,1.0
ENSMUSG00000044824,1.0
ENSMUSG00000073979,1.0
ENSMUSG00000073978,1.0
ENSMUSG00000073977,1.0
ENSMUSG00000030966,1.0
ENSMUSG00000073975,1.0
ENSMUSG00000073974,1.0
ENSMUSG00000073973,1.0
ENSMUSG00000073972,1.0
ENSMUSG00000073971,1.0
ENSMUSG00000073970,1.0
ENSMUSG00000073969,1.0
ENSMUSG00000073968,0.9863486622274166
ENSMUSG00000073967,1.0
ENSMUSG00000070423,1.0
ENSMUSG00000066273,1.0
ENSMUSG00000066272,1.0
ENSMUSG00000043366,1.0
ENSMUSG00000110008,1.0
ENSMUSG00000073966,1.0
ENSMUSG00000048469,1.0
ENSMUSG00000060888,1.0
ENSMUSG00000073965,
ENSMUSG00000062142,1.0
ENSMUSG00000073964,1.0
ENSMUSG00000043310,1.0
ENSMUSG00000073963,1.0
ENSMUSG00000052785,
ENSMUSG00000045824,1.0
ENSMUSG00000066269,1.0
ENSMUSG00000073962,1.0
ENSMUSG00000043354,1.0
ENSMUSG00000045792,1.0
ENSMUSG00000073961,1.0
ENSMUSG00000073960,
ENSMUSG00000073959,1.0
ENSMUSG00000078080,
ENSMUSG00000066268,1.0
ENSMUSG00000084262,1.0
ENSMUSG00000051362,
ENSMUSG00000057461,1.0
ENSMUSG00000073956,1.0
ENSMUSG00000073955,1.0
ENSMUSG00000073954,1.0
ENSMUSG00000057321,
ENSMUSG00000073953,1.0
ENSMUSG00000073952,1.0
ENSMUSG00000073951,1.0
ENSMUSG00000073950,1.0
ENSMUSG00000045540,1.0
ENSMUSG00000109951,1.0
ENSMUSG00000059874,
ENSMUSG00000058976,1.0
ENSMUSG00000109659,
ENSMUSG00000073949,
ENSMUSG00000081945,1.0
ENSMUSG00000073948,
ENSMUSG00000046396,1.0
ENSMUSG00000045584,1.0
ENSMUSG00000096584,
ENSMUSG00000094119,1.0
ENSMUSG00000078624,1.0
ENSMUSG00000073947,1.0
ENSMUSG00000047544,1.0
ENSMUSG00000073946,1.0
ENSMUSG00000073945,1.0
ENSMUSG00000073944,1.0
ENSMUSG00000045132,1.0
ENSMUSG00000050085,1.0
ENSMUSG00000099687,1.0
ENSMUSG00000045780,1.0
ENSMUSG00000073943,
ENSMUSG00000094822,1.0
ENSMUSG00000096516,1.0
ENSMUSG00000047545,
ENSMUSG00000050281,
ENSMUSG00000058662,1.0
ENSMUSG00000061626,1.0
ENSMUSG00000047535,1.0
ENSMUSG00000073940,1.0
ENSMUSG00000052305,1.0
ENSMUSG00000078621,
ENSMUSG00000052217,1.0
ENSMUSG00000052187,1.0
ENSMUSG00000058200,1.0
ENSMUSG00000063615,1.0
ENSMUSG00000110259,1.0
ENSMUSG00000042219,1.0
ENSMUSG00000073938,1.0
ENSMUSG00000073937,1.0
ENSMUSG00000094520,1.0
ENSMUSG00000094063,1.0
ENSMUSG00000066263,1.0
ENSMUSG00000066262,1.0
ENSMUSG00000073932,
ENSMUSG00000049797,1.0
ENSMUSG00000090219,1.0
ENSMUSG00000110012,1.0
ENSMUSG00000051340,1.0
ENSMUSG00000073931,1.0
ENSMUSG00000055643,1.0
ENSMUSG00000051618,1.0
ENSMUSG00000051437,
ENSMUSG00000044265,1.0
ENSMUSG00000042909,1.0
ENSMUSG00000044899,1.0
ENSMUSG00000072244,1.0
ENSMUSG00000056144,0.8694716580395498
ENSMUSG00000111737,1.0
ENSMUSG00000060441,0.9238751800327336
ENSMUSG00000066258,0.6958265682277354
ENSMUSG00000087175,1.0
ENSMUSG00000090215,1.0
ENSMUSG00000057143,0.7443056192024606
ENSMUSG00000052749,1.0
ENSMUSG00000078616,1.0
ENSMUSG00000030921,0.6839497439680815
ENSMUSG00000057596,0.8179219679560158
ENSMUSG00000073928,1.0
ENSMUSG00000073927,1.0
ENSMUSG00000073926,1.0
ENSMUSG00000073925,1.0
ENSMUSG00000051182,1.0
ENSMUSG00000073924,1.0
ENSMUSG00000073923,1.0
ENSMUSG00000070421,1.0
ENSMUSG00000073922,1.0
ENSMUSG00000073920,1.0
ENSMUSG00000043073,1.0
ENSMUSG00000062369,
ENSMUSG00000054568,1.0
ENSMUSG00000109641,
ENSMUSG00000073917,
ENSMUSG00000063582,
ENSMUSG00000109734,
ENSMUSG00000056782,1.0
ENSMUSG00000057770,1.0
ENSMUSG00000073916,1.0
ENSMUSG00000044705,1.0
ENSMUSG00000094531,1.0
ENSMUSG00000051172,1.0
ENSMUSG00000096773,1.0
ENSMUSG00000073915,1.0
ENSMUSG00000073914,1.0
ENSMUSG00000073913,1.0
ENSMUSG00000110293,1.0
ENSMUSG00000096029,1.0
ENSMUSG00000041885,1.0
ENSMUSG00000109742,1.0
ENSMUSG00000095248,1.0
ENSMUSG00000044120,1.0
ENSMUSG00000047225,1.0
ENSMUSG00000047794,1.0
ENSMUSG00000048425,1.0
ENSMUSG00000073909,1.0
ENSMUSG00000073907,1.0
ENSMUSG00000050266,1.0
ENSMUSG00000043948,1.0
ENSMUSG00000073906,1.0
ENSMUSG00000044465,0.726119507294814
ENSMUSG00000078611,1.0
ENSMUSG00000110366,1.0
ENSMUSG00000030897,1.0
ENSMUSG00000030898,0.9819863431455766
ENSMUSG00000037060,0.6162572806901463
ENSMUSG00000037049,0.6447420787649984
ENSMUSG00000037032,0.6060528338093754
ENSMUSG00000030895,1.0
ENSMUSG00000036989,0.6338109584201478
ENSMUSG00000030881,0.7321071379410133
ENSMUSG00000089847,0.5906125511796398
ENSMUSG00000030882,0.8557367228603562
ENSMUSG00000030888,0.7804280417952228
ENSMUSG00000030890,0.6007989040215012
ENSMUSG00000043866,0.6121170518663844
ENSMUSG00000030894,0.5479143376586078
ENSMUSG00000036862,0.8199798923567634
ENSMUSG00000030879,0.6755960311889219
ENSMUSG00000078606,1.0
ENSMUSG00000093378,1.0
ENSMUSG00000045868,1.0
ENSMUSG00000051680,1.0
ENSMUSG00000064223,1.0
ENSMUSG00000108948,1.0
ENSMUSG00000051591,1.0
ENSMUSG00000059087,1.0
ENSMUSG00000096714,1.0
ENSMUSG00000094493,1.0
ENSMUSG00000109861,1.0
ENSMUSG00000036744,1.0
ENSMUSG00000056863,1.0
ENSMUSG00000073901,1.0
ENSMUSG00000073900,1.0
ENSMUSG00000109058,
ENSMUSG00000109354,1.0
ENSMUSG00000069390,1.0
ENSMUSG00000073899,1.0
ENSMUSG00000062553,1.0
ENSMUSG00000045581,1.0
ENSMUSG00000036647,1.0
ENSMUSG00000045013,1.0
ENSMUSG00000070417,1.0
ENSMUSG00000073898,1.0
ENSMUSG00000049674,1.0
ENSMUSG00000073897,1.0
ENSMUSG00000062987,1.0
ENSMUSG00000110209,1.0
ENSMUSG00000060503,1.0
ENSMUSG00000073896,1.0
ENSMUSG00000016626,1.0
ENSMUSG00000073894,1.0
ENSMUSG00000057215,1.0
ENSMUSG00000062542,0.7160649719556327
ENSMUSG00000051041,0.6703890762489487
ENSMUSG00000109374,1.0
ENSMUSG00000036528,0.5638308100621219
ENSMUSG00000048065,1.0
ENSMUSG00000109402,
ENSMUSG00000048236,1.0
ENSMUSG00000066242,1.0
ENSMUSG00000095910,1.0
ENSMUSG00000109542,
ENSMUSG00000073893,1.0
ENSMUSG00000095212,
ENSMUSG00000094197,
ENSMUSG00000095301,
ENSMUSG00000096151,1.0
ENSMUSG00000094426,1.0
ENSMUSG00000043855,1.0
ENSMUSG00000063120,
ENSMUSG00000054236,1.0
ENSMUSG00000059031,1.0
ENSMUSG00000078118,1.0
ENSMUSG00000110171,1.0
ENSMUSG00000108995,
ENSMUSG00000096068,
ENSMUSG00000095929,1.0
ENSMUSG00000096465,1.0
ENSMUSG00000109884,
ENSMUSG00000094612,1.0
ENSMUSG00000109497,
ENSMUSG00000093980,
ENSMUSG00000109631,1.0
ENSMUSG00000110253,
ENSMUSG00000095239,1.0
ENSMUSG00000096679,
ENSMUSG00000058014,1.0
ENSMUSG00000060759,
ENSMUSG00000060105,
ENSMUSG00000058244,1.0
ENSMUSG00000061000,
ENSMUSG00000063764,
ENSMUSG00000049280,1.0
ENSMUSG00000096209,1.0
ENSMUSG00000056946,1.0
ENSMUSG00000051200,1.0
ENSMUSG00000066241,
ENSMUSG00000062434,1.0
ENSMUSG00000066240,1.0
ENSMUSG00000046431,1.0
ENSMUSG00000066239,
ENSMUSG00000049709,1.0
ENSMUSG00000031029,0.5472515529075609
ENSMUSG00000031028,0.7687550142901071
ENSMUSG00000048330,0.6907003878599984
ENSMUSG00000036111,0.8367705633413789
ENSMUSG00000109107,1.0
ENSMUSG00000109001,1.0
ENSMUSG00000031027,0.9793746834434819
ENSMUSG00000085407,1.0
ENSMUSG00000031026,0.959394065025802
ENSMUSG00000046364,0.2691196990295523
ENSMUSG00000031024,0.5419142391455465
ENSMUSG00000109499,1.0
ENSMUSG00000031023,0.9591687637208819
ENSMUSG00000031022,1.0
ENSMUSG00000035951,1.0
ENSMUSG00000031021,0.5758708851184529
ENSMUSG00000034825,0.7442055209304095
ENSMUSG00000007279,1.0
ENSMUSG00000035901,0.4442294856523939
ENSMUSG00000047554,0.691686510966001
ENSMUSG00000101585,0.7518401417780097
ENSMUSG00000066232,0.6300796686004264
ENSMUSG00000061079,0.7454058785325517
ENSMUSG00000031016,0.8897657906620794
ENSMUSG00000031015,0.6586056241886207
ENSMUSG00000109799,1.0
ENSMUSG00000038371,0.4395081111716471
ENSMUSG00000099803,1.0
ENSMUSG00000030790,0.9840932842470831
ENSMUSG00000109700,1.0
ENSMUSG00000005686,0.6727747794497221
ENSMUSG00000030788,0.5890405146599106
ENSMUSG00000030787,1.0
ENSMUSG00000005611,0.721906204048486
ENSMUSG00000087160,1.0
ENSMUSG00000005609,0.663955831422242
ENSMUSG00000005610,0.3774884017270766
ENSMUSG00000110424,0.6979927587350006
ENSMUSG00000109808,1.0
ENSMUSG00000038296,0.5406134056330687
ENSMUSG00000059263,0.5496067790633703
ENSMUSG00000030772,0.700743032755269
ENSMUSG00000038244,0.5080496526333191
ENSMUSG00000030770,0.6502019875529849
ENSMUSG00000085049,1.0
ENSMUSG00000085945,0.9743054391565611
ENSMUSG00000055320,0.5398131923881958
ENSMUSG00000098132,1.0
ENSMUSG00000110207,1.0
ENSMUSG00000110009,1.0
ENSMUSG00000055116,0.6214020482725517
ENSMUSG00000109959,1.0
ENSMUSG00000038187,0.686682810962982
ENSMUSG00000059077,1.0
ENSMUSG00000030759,0.5787212875215004
ENSMUSG00000084984,0.8738181004030273
ENSMUSG00000073862,1.0
ENSMUSG00000101755,1.0
ENSMUSG00000038156,0.5076094231844183
ENSMUSG00000055723,0.7702547445627848
ENSMUSG00000110248,1.0
ENSMUSG00000030754,0.6255975388505682
ENSMUSG00000030751,0.6290815880157776
ENSMUSG00000087475,0.4837371984064972
ENSMUSG00000030671,0.4031000039849187
ENSMUSG00000030670,1.0
ENSMUSG00000030669,1.0
ENSMUSG00000030666,1.0
ENSMUSG00000048782,0.7031266274938259
ENSMUSG00000108683,1.0
ENSMUSG00000108419,1.0
ENSMUSG00000108379,1.0
ENSMUSG00000108722,1.0
ENSMUSG00000051910,0.4587392444676488
ENSMUSG00000108489,0.9174904418061215
ENSMUSG00000030664,1.0
ENSMUSG00000030663,0.5430996460276384
ENSMUSG00000087621,1.0
ENSMUSG00000045659,0.7708309178687313
ENSMUSG00000108650,1.0
ENSMUSG00000090862,0.32466894001422086
ENSMUSG00000108738,0.9821402074130485
ENSMUSG00000030660,0.5089916711049691
ENSMUSG00000108461,0.9174176863454727
ENSMUSG00000030659,0.8817351219877039
ENSMUSG00000108736,1.0
ENSMUSG00000108456,1.0
ENSMUSG00000108303,1.0
ENSMUSG00000030657,0.4937681283203849
ENSMUSG00000008683,0.3126705328739179
ENSMUSG00000030654,0.48127845442785205
ENSMUSG00000030655,0.49910287111384033
ENSMUSG00000055159,1.0
ENSMUSG00000108980,1.0
ENSMUSG00000108856,1.0
ENSMUSG00000058420,0.9230851948544968
ENSMUSG00000095115,0.7146620820521037
ENSMUSG00000030652,0.7605499557949171
ENSMUSG00000042246,0.538894627929867
ENSMUSG00000109284,0.9369617549767412
ENSMUSG00000030650,1.0
ENSMUSG00000033917,0.5183828839924692
ENSMUSG00000033904,0.5190665591087449
ENSMUSG00000030982,0.6023624484212419
ENSMUSG00000109303,1.0
ENSMUSG00000030980,0.6159913230566169
ENSMUSG00000073856,0.8725818771355763
ENSMUSG00000109517,0.9533814143994928
ENSMUSG00000008734,0.45516941494329344
ENSMUSG00000066197,1.0
ENSMUSG00000030954,1.0
ENSMUSG00000030963,1.0
ENSMUSG00000109254,1.0
ENSMUSG00000030968,1.0
ENSMUSG00000098014,1.0
ENSMUSG00000030972,1.0
ENSMUSG00000030945,1.0
ENSMUSG00000109478,1.0
ENSMUSG00000033533,1.0
ENSMUSG00000109093,1.0
ENSMUSG00000108884,1.0
ENSMUSG00000047026,1.0
ENSMUSG00000030942,0.7472503655946328
ENSMUSG00000109233,0.8695686390579698
ENSMUSG00000030935,1.0
ENSMUSG00000030929,0.824886749163982
ENSMUSG00000030924,0.991576708658153
ENSMUSG00000048787,0.7146252762089188
ENSMUSG00000030922,0.7807182772660073
ENSMUSG00000052273,1.0
ENSMUSG00000030917,0.7635250002518316
ENSMUSG00000030911,1.0
ENSMUSG00000109414,1.0
ENSMUSG00000030909,1.0
ENSMUSG00000030905,0.9612187616321642
ENSMUSG00000062017,1.0
ENSMUSG00000054746,1.0
ENSMUSG00000051900,1.0
ENSMUSG00000109113,1.0
ENSMUSG00000030884,0.6113374556493111
ENSMUSG00000030887,1.0
ENSMUSG00000108935,1.0
ENSMUSG00000097343,0.9966943169963702
ENSMUSG00000046096,0.6072761646607453
ENSMUSG00000030889,0.99374907377366
ENSMUSG00000109392,1.0
ENSMUSG00000035064,0.6072674731327456
ENSMUSG00000085118,1.0
ENSMUSG00000030880,0.6658251801531007
ENSMUSG00000030878,0.8696186806230392
ENSMUSG00000030877,1.0
ENSMUSG00000030876,0.6027971686059523
ENSMUSG00000035004,0.9956749315179086
ENSMUSG00000034990,1.0
ENSMUSG00000108627,1.0
ENSMUSG00000108351,1.0
ENSMUSG00000046321,0.87260813280717
ENSMUSG00000108811,0.9286720544077736
ENSMUSG00000108409,1.0
ENSMUSG00000063317,0.5481569752595636
ENSMUSG00000053081,1.0
ENSMUSG00000000216,1.0
ENSMUSG00000030873,1.0
ENSMUSG00000034951,0.699681210175214
ENSMUSG00000108511,1.0
ENSMUSG00000030872,0.8363543294872606
ENSMUSG00000030871,0.9269115751828058
ENSMUSG00000030870,0.7591922271595537
ENSMUSG00000030869,0.5645803500293342
ENSMUSG00000044702,0.9977616785833393
ENSMUSG00000030868,0.6742270303208154
ENSMUSG00000086942,0.9266350174149932
ENSMUSG00000030867,1.0
ENSMUSG00000030866,1.0
ENSMUSG00000030865,1.0
ENSMUSG00000052889,0.42612527984145954
ENSMUSG00000066189,0.8759992088915204
ENSMUSG00000030779,0.5052531951824936
ENSMUSG00000108551,0.9273865855651324
ENSMUSG00000109814,0.7933468073279236
ENSMUSG00000052707,0.44404500528874175
ENSMUSG00000030769,0.978866070998971
ENSMUSG00000030766,0.5429016195714722
ENSMUSG00000030763,0.7045665749813479
ENSMUSG00000030762,1.0
ENSMUSG00000030757,0.8583416523706915
ENSMUSG00000098160,1.0
ENSMUSG00000098129,1.0
ENSMUSG00000078591,0.7584143956561106
ENSMUSG00000085899,1.0
ENSMUSG00000085892,1.0
ENSMUSG00000086254,1.0
ENSMUSG00000108623,1.0
ENSMUSG00000045928,1.0
ENSMUSG00000090457,
ENSMUSG00000108814,1.0
ENSMUSG00000030752,0.897104290380401
ENSMUSG00000030750,0.8425578368045005
ENSMUSG00000030748,0.7780101690269682
ENSMUSG00000108524,1.0
ENSMUSG00000030745,0.7762944397846183
ENSMUSG00000032777,0.6371825214931529
ENSMUSG00000032743,0.6700771931044005
ENSMUSG00000046182,0.8462223460891933
ENSMUSG00000000131,0.6583523883677646
ENSMUSG00000108676,1.0
ENSMUSG00000042978,0.707354321551843
ENSMUSG00000108417,1.0
ENSMUSG00000030742,1.0
ENSMUSG00000030741,0.719307345502943
ENSMUSG00000030722,0.9161188693601924
ENSMUSG00000030724,1.0
ENSMUSG00000030727,0.8210044716210099
ENSMUSG00000030730,1.0
ENSMUSG00000030733,0.7249945179307828
ENSMUSG00000073838,0.8295763230527626
ENSMUSG00000032637,0.559631328822719
ENSMUSG00000030738,0.5628864387499348
ENSMUSG00000030720,0.7517251227239626
ENSMUSG00000042759,1.0
ENSMUSG00000044701,0.9266455233492266
ENSMUSG00000030717,0.7431882533036323
ENSMUSG00000066175,0.9606661746504774
ENSMUSG00000030714,0.8200683203412198
ENSMUSG00000030711,0.7528280261405834
ENSMUSG00000059772,0.7455361907892556
ENSMUSG00000047721,0.6139611700175412
ENSMUSG00000030707,0.7468352923147631
ENSMUSG00000108382,1.0
ENSMUSG00000063065,0.5714029523557209
ENSMUSG00000030703,0.8530881043856147
ENSMUSG00000055323,0.943311314793752
ENSMUSG00000042675,0.47240038627144143
ENSMUSG00000030699,1.0
ENSMUSG00000030697,0.7097352356176283
ENSMUSG00000030695,0.4435765177785663
ENSMUSG00000058966,0.7909260539364823
ENSMUSG00000114515,1.0
ENSMUSG00000045989,1.0
ENSMUSG00000108583,1.0
ENSMUSG00000052301,0.9999431881619045
ENSMUSG00000030689,0.7780113530084196
ENSMUSG00000042606,0.8372474348512999
ENSMUSG00000059981,0.6669848158652465
ENSMUSG00000060538,0.7015662224604358
ENSMUSG00000093768,1.0
ENSMUSG00000030685,0.4660359716765383
ENSMUSG00000046378,0.8493073921130291
ENSMUSG00000030683,0.4604780209281112
ENSMUSG00000097075,1.0
ENSMUSG00000030682,0.617546647860344
ENSMUSG00000030681,0.7486414292974424
ENSMUSG00000030680,1.0
ENSMUSG00000107068,1.0
ENSMUSG00000045114,1.0
ENSMUSG00000030678,0.6154108227211554
ENSMUSG00000030677,0.9354882507243415
ENSMUSG00000108617,1.0
ENSMUSG00000049350,1.0
ENSMUSG00000108327,1.0
ENSMUSG00000045165,0.9720168550541487
ENSMUSG00000030674,1.0
ENSMUSG00000051457,1.0
ENSMUSG00000042502,0.7745661811596619
ENSMUSG00000042492,0.6747239592733228
ENSMUSG00000030672,0.9644037092726886
ENSMUSG00000000486,0.7899884276974513
ENSMUSG00000045598,0.8067711665225877
ENSMUSG00000054716,0.6460678871347847
ENSMUSG00000042462,0.7864353634254498
ENSMUSG00000049091,0.8390263142780967
ENSMUSG00000108760,1.0
ENSMUSG00000030830,1.0
ENSMUSG00000047371,0.8677836687364349
ENSMUSG00000054381,0.9971575732257947
ENSMUSG00000030823,1.0
ENSMUSG00000078580,1.0
ENSMUSG00000045757,0.9999998643045649
ENSMUSG00000045251,0.8834503198339917
ENSMUSG00000108483,1.0
ENSMUSG00000048921,0.9439941170676545
ENSMUSG00000086502,0.7732589638046639
ENSMUSG00000030822,0.6312954312740378
ENSMUSG00000042423,0.6988644912077621
ENSMUSG00000101225,0.9805734369206505
ENSMUSG00000053877,0.6086193475161373
ENSMUSG00000101845,0.7527890871212051
ENSMUSG00000106715,0.8396890026335624
ENSMUSG00000030815,0.7196971757986771
ENSMUSG00000057176,0.9998892067712403
ENSMUSG00000030816,0.8025141991466481
ENSMUSG00000108677,1.0
ENSMUSG00000099579,1.0
ENSMUSG00000045639,0.8423896576260422
ENSMUSG00000030814,0.6191700222461977
ENSMUSG00000108801,0.8007625360407777
ENSMUSG00000042340,1.0
ENSMUSG00000060034,1.0
ENSMUSG00000030811,0.783788358416122
ENSMUSG00000043964,0.7809138890537042
ENSMUSG00000042308,0.7383914795522799
ENSMUSG00000042289,0.8280796446921449
ENSMUSG00000030806,0.6139595505673592
ENSMUSG00000030805,0.582296335614241
ENSMUSG00000049728,0.884190391481905
ENSMUSG00000049739,0.7367915570810434
ENSMUSG00000044139,1.0
ENSMUSG00000096145,0.7702174028799976
ENSMUSG00000030802,0.7773420819350636
ENSMUSG00000030801,0.8482408951162883
ENSMUSG00000030800,1.0
ENSMUSG00000070371,0.8799301190709032
ENSMUSG00000030795,0.4514588200886087
ENSMUSG00000030793,0.7418540056360232
ENSMUSG00000087530,1.0
ENSMUSG00000042828,1.0
ENSMUSG00000030786,0.5420165653329074
ENSMUSG00000030789,1.0
ENSMUSG00000070369,0.9072103316429307
ENSMUSG00000108531,1.0
ENSMUSG00000108354,1.0
ENSMUSG00000030785,1.0
ENSMUSG00000108604,1.0
ENSMUSG00000062944,0.9877751689765008
ENSMUSG00000042178,0.8338809450538245
ENSMUSG00000030782,0.8634709771343496
ENSMUSG00000030781,1.0
ENSMUSG00000030780,0.9006571314462695
ENSMUSG00000030844,0.47057558989567105
ENSMUSG00000084964,0.8826334846882617
ENSMUSG00000030846,0.5645717460103749
ENSMUSG00000108668,1.0
ENSMUSG00000108626,1.0
ENSMUSG00000030847,0.766642568685189
ENSMUSG00000108795,1.0
ENSMUSG00000042105,0.5359711932795779
ENSMUSG00000048170,0.5944926472379524
ENSMUSG00000108648,1.0
ENSMUSG00000108720,1.0
ENSMUSG00000055319,0.7342823890202428
ENSMUSG00000108600,1.0
ENSMUSG00000070366,0.775144244954334
ENSMUSG00000108713,1.0
ENSMUSG00000042055,0.7370692352405724
ENSMUSG00000108580,1.0
ENSMUSG00000108481,1.0
ENSMUSG00000108576,1.0
ENSMUSG00000108504,1.0
ENSMUSG00000030849,0.38467751144154094
ENSMUSG00000030850,0.6223166409279315
ENSMUSG00000109016,1.0
ENSMUSG00000040331,0.7229924103945383
ENSMUSG00000030852,0.7129467022396099
ENSMUSG00000050189,1.0
ENSMUSG00000040298,0.980738535178963
ENSMUSG00000086108,1.0
ENSMUSG00000040268,0.5109653399533491
ENSMUSG00000006205,0.41218590908846975
ENSMUSG00000047517,1.0
ENSMUSG00000013668,1.0
ENSMUSG00000100759,
ENSMUSG00000006204,1.0
ENSMUSG00000040205,1.0
ENSMUSG00000030858,1.0
ENSMUSG00000030859,1.0
ENSMUSG00000040177,0.8509937000744032
ENSMUSG00000063179,0.6802297039686678
ENSMUSG00000108883,0.9934535844010374
ENSMUSG00000040167,0.6778099812461595
ENSMUSG00000030861,0.6038373591912428
ENSMUSG00000109399,1.0
ENSMUSG00000040148,1.0
ENSMUSG00000050100,1.0
ENSMUSG00000066979,0.6661250073459214
ENSMUSG00000109014,1.0
ENSMUSG00000040125,0.9092007961641849
ENSMUSG00000030862,1.0
ENSMUSG00000086814,1.0
ENSMUSG00000030930,0.8639626302387111
ENSMUSG00000109270,1.0
ENSMUSG00000109550,1.0
ENSMUSG00000109137,1.0
ENSMUSG00000108870,1.0
ENSMUSG00000108849,1.0
ENSMUSG00000030934,0.6962711921036538
ENSMUSG00000048528,1.0
ENSMUSG00000087657,1.0
ENSMUSG00000030946,0.8480736139762945
ENSMUSG00000087348,1.0
ENSMUSG00000030956,0.6116708774818712
ENSMUSG00000030960,0.7765354956329504
ENSMUSG00000030965,0.7164543018353351
ENSMUSG00000097595,1.0
ENSMUSG00000109842,1.0
ENSMUSG00000030967,0.5321660011461447
ENSMUSG00000085663,1.0
ENSMUSG00000030970,0.6651209886965074
ENSMUSG00000109816,1.0
ENSMUSG00000109619,1.0
ENSMUSG00000030976,1.0
ENSMUSG00000110026,1.0
ENSMUSG00000109917,1.0
ENSMUSG00000101546,1.0
ENSMUSG00000039990,0.765251311445856
ENSMUSG00000030981,1.0
ENSMUSG00000030979,0.8492275944666946
ENSMUSG00000030983,0.7007298517106345
ENSMUSG00000030986,0.7229384915863261
ENSMUSG00000109635,1.0
ENSMUSG00000053111,1.0
ENSMUSG00000054555,0.7835069540724178
ENSMUSG00000050066,1.0
ENSMUSG00000030994,0.5159571309439118
ENSMUSG00000058325,0.4079397418313215
ENSMUSG00000073805,0.840830719004309
ENSMUSG00000100717,1.0
ENSMUSG00000073804,1.0
ENSMUSG00000109891,1.0
ENSMUSG00000048377,1.0
ENSMUSG00000109598,1.0
ENSMUSG00000050866,1.0
ENSMUSG00000041836,0.6105291197127878
ENSMUSG00000097471,1.0
ENSMUSG00000031004,1.0
ENSMUSG00000109831,1.0
ENSMUSG00000110078,1.0
ENSMUSG00000109898,1.0
ENSMUSG00000110396,1.0
ENSMUSG00000110027,0.5324292470779238
ENSMUSG00000109633,1.0
ENSMUSG00000109981,1.0
ENSMUSG00000110101,1.0
ENSMUSG00000054612,0.8831768532553188
ENSMUSG00000010476,0.9014146242436455
ENSMUSG00000109847,1.0
ENSMUSG00000109722,1.0
ENSMUSG00000040139,0.8431223188754152
ENSMUSG00000031068,0.6367781063445785
ENSMUSG00000109973,1.0
ENSMUSG00000110090,1.0
ENSMUSG00000091002,0.899392803648045
ENSMUSG00000110354,1.0
ENSMUSG00000110037,1.0
ENSMUSG00000109802,1.0
ENSMUSG00000041775,0.6926826389292056
ENSMUSG00000041769,0.6213453012378013
ENSMUSG00000078566,0.6979836782076295
ENSMUSG00000109881,1.0
ENSMUSG00000056856,0.7264462357099642
ENSMUSG00000109855,1.0
ENSMUSG00000025478,0.8237230716441282
ENSMUSG00000015981,0.8784002772913342
ENSMUSG00000015980,1.0
ENSMUSG00000060260,0.9467257990823739
ENSMUSG00000110115,1.0
ENSMUSG00000025477,0.5767051363170141
ENSMUSG00000041309,0.5923910948531906
ENSMUSG00000049571,0.9497999603327272
ENSMUSG00000025475,0.7379713142388127
ENSMUSG00000066129,0.5405737183057451
ENSMUSG00000047751,1.0
ENSMUSG00000086742,0.9336686447126377
ENSMUSG00000085354,1.0
ENSMUSG00000073795,1.0
ENSMUSG00000025473,1.0
ENSMUSG00000025474,0.8053768166901334
ENSMUSG00000025470,0.7849368791284422
ENSMUSG00000025469,1.0
ENSMUSG00000025468,0.7684585490009138
ENSMUSG00000025467,1.0
ENSMUSG00000025466,0.7644212833508435
ENSMUSG00000025465,0.6507875547484797
ENSMUSG00000025464,0.9392320060939495
ENSMUSG00000039018,0.9343908647703522
ENSMUSG00000045733,0.9049214606991861
ENSMUSG00000051180,1.0
ENSMUSG00000051051,1.0
ENSMUSG00000050366,1.0
ENSMUSG00000025461,1.0
ENSMUSG00000054672,1.0
ENSMUSG00000061489,1.0
ENSMUSG00000062782,1.0
ENSMUSG00000060112,1.0
ENSMUSG00000060974,1.0
ENSMUSG00000062712,1.0
ENSMUSG00000063823,1.0
ENSMUSG00000056883,1.0
ENSMUSG00000063230,1.0
ENSMUSG00000052508,1.0
ENSMUSG00000095901,1.0
ENSMUSG00000093942,1.0
ENSMUSG00000096069,1.0
ENSMUSG00000094819,1.0
ENSMUSG00000059136,1.0
ENSMUSG00000066122,1.0
ENSMUSG00000057997,1.0
ENSMUSG00000025479,1.0
ENSMUSG00000025480,1.0
ENSMUSG00000060314,0.9053099586293556
ENSMUSG00000025481,1.0
ENSMUSG00000099590,1.0
ENSMUSG00000038801,1.0
ENSMUSG00000025482,1.0
ENSMUSG00000025484,0.7038287900581571
ENSMUSG00000025485,0.7777115200599494
ENSMUSG00000025486,0.6924756312487865
ENSMUSG00000025487,0.6835674743899178
ENSMUSG00000025488,1.0
ENSMUSG00000109628,1.0
ENSMUSG00000038745,1.0
ENSMUSG00000062031,0.9189330122616605
ENSMUSG00000025489,1.0
ENSMUSG00000060591,0.703823236862574
ENSMUSG00000025491,0.8361328569248627
ENSMUSG00000025492,0.5444867070768697
ENSMUSG00000059108,1.0
ENSMUSG00000091441,1.0
ENSMUSG00000055629,0.9298317172500823
ENSMUSG00000054065,1.0
ENSMUSG00000025494,1.0
ENSMUSG00000054662,1.0
ENSMUSG00000025495,0.6887583121070414
ENSMUSG00000038650,0.7005365420807781
ENSMUSG00000025499,0.5627118009168344
ENSMUSG00000038637,0.9828421763717844
ENSMUSG00000025500,1.0
ENSMUSG00000038618,1.0
ENSMUSG00000038611,0.6567656879907547
ENSMUSG00000025498,1.0
ENSMUSG00000025497,1.0
ENSMUSG00000038580,1.0
ENSMUSG00000025496,1.0
ENSMUSG00000058886,0.7319015808893796
ENSMUSG00000025505,0.6748926280682365
ENSMUSG00000025504,0.9581115871780199
ENSMUSG00000086844,0.9285465609598209
ENSMUSG00000025503,0.5633718952126235
ENSMUSG00000051007,0.8021188765163464
ENSMUSG00000060240,0.6872743467193198
ENSMUSG00000019082,0.7248534124483754
ENSMUSG00000025507,1.0
ENSMUSG00000025508,0.3099788548394011
ENSMUSG00000025509,0.662423067133907
ENSMUSG00000048200,0.8210501790756284
ENSMUSG00000073787,1.0
ENSMUSG00000025510,0.6221289691168627
ENSMUSG00000038489,0.7509437047827413
ENSMUSG00000025511,0.7480623283991176
ENSMUSG00000025512,0.7709583601242844
ENSMUSG00000002957,0.5482267135865585
ENSMUSG00000097170,1.0
ENSMUSG00000048191,1.0
ENSMUSG00000025515,1.0
ENSMUSG00000037974,1.0
ENSMUSG00000066108,1.0
ENSMUSG00000025139,0.6595626261905044
ENSMUSG00000092536,0.9980513354891603
ENSMUSG00000053046,0.729974172037063
ENSMUSG00000025147,0.632647238935118
ENSMUSG00000037887,0.6889731509550088
ENSMUSG00000109958,1.0
ENSMUSG00000109859,1.0
ENSMUSG00000110091,1.0
ENSMUSG00000110061,1.0
ENSMUSG00000109655,1.0
ENSMUSG00000090471,1.0
ENSMUSG00000054759,1.0
ENSMUSG00000066101,1.0
ENSMUSG00000046248,1.0
ENSMUSG00000073786,
ENSMUSG00000073785,1.0
ENSMUSG00000110324,1.0
ENSMUSG00000056885,
ENSMUSG00000109936,1.0
ENSMUSG00000066100,1.0
ENSMUSG00000045236,1.0
ENSMUSG00000045777,0.5350908801824528
ENSMUSG00000007891,0.32502824623064913
ENSMUSG00000031098,1.0
ENSMUSG00000031097,1.0
ENSMUSG00000018819,1.0
ENSMUSG00000043795,1.0
ENSMUSG00000061723,1.0
ENSMUSG00000037772,0.6801090613808433
ENSMUSG00000087090,1.0
ENSMUSG00000000031,1.0
ENSMUSG00000110125,1.0
ENSMUSG00000048583,0.8918133253707543
ENSMUSG00000086266,1.0
ENSMUSG00000000215,1.0
ENSMUSG00000073781,1.0
ENSMUSG00000108952,1.0
ENSMUSG00000000214,1.0
ENSMUSG00000009248,1.0
ENSMUSG00000052281,0.9500227574636143
ENSMUSG00000000244,0.9651373317202526
ENSMUSG00000059277,0.7951856983440261
ENSMUSG00000037706,0.3250611635098176
ENSMUSG00000009246,1.0
ENSMUSG00000045752,0.6988058689226515
ENSMUSG00000009545,1.0
ENSMUSG00000101062,1.0
ENSMUSG00000101609,0.4561556934232829
ENSMUSG00000101360,1.0
ENSMUSG00000037664,0.841330469392266
ENSMUSG00000108934,1.0
ENSMUSG00000000154,1.0
ENSMUSG00000010760,1.0
ENSMUSG00000059119,0.5657093602432114
ENSMUSG00000010755,0.788533783321416
ENSMUSG00000086828,1.0
ENSMUSG00000045362,1.0
ENSMUSG00000109251,1.0
ENSMUSG00000010751,1.0
ENSMUSG00000037613,1.0
ENSMUSG00000037606,0.8923897731736683
ENSMUSG00000050276,1.0
ENSMUSG00000048965,0.9924481237843923
ENSMUSG00000031090,0.9499312812992696
ENSMUSG00000058454,0.7133260528408357
ENSMUSG00000031085,1.0
ENSMUSG00000037541,0.7405843399704132
ENSMUSG00000085745,1.0
ENSMUSG00000031078,0.7023711652278499
ENSMUSG00000085228,1.0
ENSMUSG00000037519,0.6238171213691923
ENSMUSG00000073778,1.0
ENSMUSG00000031077,0.987207686144584
ENSMUSG00000031075,0.6581783603652874
ENSMUSG00000108851,1.0
ENSMUSG00000109009,1.0
ENSMUSG00000109442,1.0
ENSMUSG00000031074,1.0
ENSMUSG00000050917,1.0
ENSMUSG00000096999,1.0
ENSMUSG00000031073,1.0
ENSMUSG00000108977,1.0
ENSMUSG00000115783,0.9085081042316052
ENSMUSG00000031072,0.8013447804912752
ENSMUSG00000070348,0.6547866441539573
ENSMUSG00000108967,1.0
ENSMUSG00000048677,0.838832087890531
ENSMUSG00000109305,1.0
ENSMUSG00000031070,1.0
ENSMUSG00000051207,1.0
ENSMUSG00000005534,0.46257914807021705
ENSMUSG00000086065,1.0
ENSMUSG00000004568,0.663466186654694
ENSMUSG00000069633,1.0
ENSMUSG00000040340,1.0
ENSMUSG00000047264,0.8528866117800051
ENSMUSG00000004567,0.8033256264952512
ENSMUSG00000004565,0.7166328485543982
ENSMUSG00000065952,1.0
ENSMUSG00000044433,0.990857977805492
ENSMUSG00000019470,0.8667900689580537
ENSMUSG00000087687,0.6574789957327731
ENSMUSG00000004630,1.0
ENSMUSG00000004626,0.916963025918888
ENSMUSG00000012705,1.0
ENSMUSG00000013974,1.0
ENSMUSG00000089665,0.8829964454457353
ENSMUSG00000109277,1.0
ENSMUSG00000108888,1.0
ENSMUSG00000040236,0.7615437048178885
ENSMUSG00000005540,1.0
ENSMUSG00000074491,1.0
ENSMUSG00000089956,1.0
ENSMUSG00000031494,1.0
ENSMUSG00000040197,1.0
ENSMUSG00000031495,1.0
ENSMUSG00000065987,1.0
ENSMUSG00000040165,1.0
ENSMUSG00000051906,1.0
ENSMUSG00000079168,1.0
ENSMUSG00000086805,0.8694296617552343
ENSMUSG00000011832,0.6155424329519161
ENSMUSG00000064125,0.957731161928786
ENSMUSG00000046589,1.0
ENSMUSG00000002948,0.7239538093297098
ENSMUSG00000089736,0.9548979437249109
ENSMUSG00000011837,0.8676471943585614
ENSMUSG00000048644,0.7151421223856398
ENSMUSG00000002949,0.688089232394183
ENSMUSG00000040028,0.5587774959074793
ENSMUSG00000023235,0.728856405163321
ENSMUSG00000008206,0.6409329291752646
ENSMUSG00000058748,0.8628651699346077
ENSMUSG00000097308,1.0
ENSMUSG00000022322,1.0
ENSMUSG00000023073,1.0
ENSMUSG00000109313,1.0
ENSMUSG00000092092,1.0
ENSMUSG00000109260,1.0
ENSMUSG00000099890,1.0
ENSMUSG00000109127,1.0
ENSMUSG00000109566,1.0
ENSMUSG00000109134,1.0
ENSMUSG00000109056,1.0
ENSMUSG00000109515,1.0
ENSMUSG00000108941,1.0
ENSMUSG00000108932,1.0
ENSMUSG00000109436,1.0
ENSMUSG00000001300,0.8082161488105573
ENSMUSG00000040467,1.0
ENSMUSG00000040459,0.42488585066421386
ENSMUSG00000109190,1.0
ENSMUSG00000109371,1.0
ENSMUSG00000109062,1.0
ENSMUSG00000109346,1.0
ENSMUSG00000108848,1.0
ENSMUSG00000109215,1.0
ENSMUSG00000109124,1.0
ENSMUSG00000109064,1.0
ENSMUSG00000079157,0.4240981601107669
ENSMUSG00000109183,1.0
ENSMUSG00000067627,1.0
ENSMUSG00000095279,1.0
ENSMUSG00000049717,0.916744566187671
ENSMUSG00000040396,0.7947954079516315
ENSMUSG00000031497,1.0
ENSMUSG00000109545,1.0
ENSMUSG00000039057,0.7058530431554778
ENSMUSG00000109258,1.0
ENSMUSG00000109503,1.0
ENSMUSG00000109432,1.0
ENSMUSG00000109067,1.0
ENSMUSG00000108997,1.0
ENSMUSG00000109271,1.0
ENSMUSG00000108961,1.0
ENSMUSG00000109473,1.0
ENSMUSG00000108969,1.0
ENSMUSG00000109291,1.0
ENSMUSG00000109089,0.929904576404215
ENSMUSG00000038917,1.0
ENSMUSG00000109084,1.0
ENSMUSG00000109508,1.0
ENSMUSG00000038894,0.5934073151378854
ENSMUSG00000096938,0.8809196373646083
ENSMUSG00000108847,1.0
ENSMUSG00000109151,1.0
ENSMUSG00000109029,1.0
ENSMUSG00000085573,1.0
ENSMUSG00000031502,0.4906706004116168
ENSMUSG00000031503,0.5189119080984459
ENSMUSG00000084783,1.0
ENSMUSG00000031504,1.0
ENSMUSG00000096957,1.0
ENSMUSG00000031505,0.6628487372309687
ENSMUSG00000056228,0.775042924891443
ENSMUSG00000045969,0.6516353005593425
ENSMUSG00000031508,0.616342163650942
ENSMUSG00000031509,1.0
ENSMUSG00000109986,1.0
ENSMUSG00000031510,1.0
ENSMUSG00000031511,0.5767961502786934
ENSMUSG00000086500,1.0
ENSMUSG00000031512,1.0
ENSMUSG00000109772,1.0
ENSMUSG00000110002,1.0
ENSMUSG00000109995,1.0
ENSMUSG00000074473,1.0
ENSMUSG00000101899,1.0
ENSMUSG00000110412,1.0
ENSMUSG00000047935,0.697846969785123
ENSMUSG00000096014,0.7191762777657846
ENSMUSG00000109921,1.0
ENSMUSG00000109582,1.0
ENSMUSG00000097421,1.0
ENSMUSG00000010435,1.0
ENSMUSG00000000759,0.7545085364202642
ENSMUSG00000054910,1.0
ENSMUSG00000074469,1.0
ENSMUSG00000031441,0.5873395133571816
ENSMUSG00000084780,1.0
ENSMUSG00000085465,1.0
ENSMUSG00000031442,0.533668737366722
ENSMUSG00000079146,1.0
ENSMUSG00000086770,1.0
ENSMUSG00000031443,1.0
ENSMUSG00000031444,1.0
ENSMUSG00000031445,1.0
ENSMUSG00000091443,1.0
ENSMUSG00000038542,0.7743675358432754
ENSMUSG00000031446,0.6392758762858453
ENSMUSG00000031447,0.37968768948671794
ENSMUSG00000038515,0.911216158315449
ENSMUSG00000099338,1.0
ENSMUSG00000031448,1.0
ENSMUSG00000038506,0.6967448137325842
ENSMUSG00000038497,0.671837336037843
ENSMUSG00000038482,0.7636847961080488
ENSMUSG00000031449,1.0
ENSMUSG00000031450,1.0
ENSMUSG00000038457,0.9866621629076747
ENSMUSG00000031451,0.6004384028308177
ENSMUSG00000110278,1.0
ENSMUSG00000031452,1.0
ENSMUSG00000031453,0.5574939109821772
ENSMUSG00000090336,0.8645189591240936
ENSMUSG00000038416,0.723510427161394
ENSMUSG00000038398,0.7250851250591716
ENSMUSG00000057116,1.0
ENSMUSG00000047710,0.7661903220523452
ENSMUSG00000031458,0.8094614908112374
ENSMUSG00000038365,0.721940355621608
ENSMUSG00000050052,0.7754693410993145
ENSMUSG00000110058,1.0
ENSMUSG00000051978,0.796787170735793
ENSMUSG00000047495,0.6548325511025379
ENSMUSG00000084945,1.0
ENSMUSG00000026317,0.6868773934761458
ENSMUSG00000071176,0.4967123218311859
ENSMUSG00000090024,1.0
ENSMUSG00000055675,0.6418834259850306
ENSMUSG00000098322,1.0
ENSMUSG00000049008,1.0
ENSMUSG00000109965,1.0
ENSMUSG00000031461,1.0
ENSMUSG00000110286,1.0
ENSMUSG00000109886,1.0
ENSMUSG00000109748,1.0
ENSMUSG00000110356,1.0
ENSMUSG00000110392,1.0
ENSMUSG00000110217,1.0
ENSMUSG00000060924,0.41984723320363887
ENSMUSG00000085150,1.0
ENSMUSG00000087363,1.0
ENSMUSG00000110056,1.0
ENSMUSG00000039842,0.7624029602821519
ENSMUSG00000087300,1.0
ENSMUSG00000031465,0.9623104682606948
ENSMUSG00000031467,0.5480043121101023
ENSMUSG00000110530,1.0
ENSMUSG00000039814,1.0
ENSMUSG00000053678,1.0
ENSMUSG00000053695,1.0
ENSMUSG00000053790,1.0
ENSMUSG00000061847,1.0
ENSMUSG00000043787,1.0
ENSMUSG00000052554,1.0
ENSMUSG00000059463,1.0
ENSMUSG00000079842,1.0
ENSMUSG00000110542,1.0
ENSMUSG00000046354,1.0
ENSMUSG00000059230,1.0
ENSMUSG00000050756,1.0
ENSMUSG00000071169,1.0
ENSMUSG00000039785,1.0
ENSMUSG00000039775,1.0
ENSMUSG00000031471,1.0
ENSMUSG00000037790,1.0
ENSMUSG00000110463,1.0
ENSMUSG00000096265,1.0
ENSMUSG00000110591,1.0
ENSMUSG00000074449,1.0
ENSMUSG00000095294,1.0
ENSMUSG00000074454,
ENSMUSG00000082976,1.0
ENSMUSG00000071165,1.0
ENSMUSG00000079120,1.0
ENSMUSG00000074447,1.0
ENSMUSG00000074446,1.0
ENSMUSG00000061845,
ENSMUSG00000094687,
ENSMUSG00000061958,1.0
ENSMUSG00000074444,1.0
ENSMUSG00000074443,
ENSMUSG00000074442,
ENSMUSG00000079116,
ENSMUSG00000074441,
ENSMUSG00000074440,
ENSMUSG00000074439,
ENSMUSG00000082211,
ENSMUSG00000074437,1.0
ENSMUSG00000096295,
ENSMUSG00000094362,
ENSMUSG00000094662,
ENSMUSG00000079114,
ENSMUSG00000095066,
ENSMUSG00000094818,
ENSMUSG00000065956,
ENSMUSG00000074434,
ENSMUSG00000079113,
ENSMUSG00000060070,
ENSMUSG00000060208,1.0
ENSMUSG00000063206,
ENSMUSG00000058618,1.0
ENSMUSG00000064213,1.0
ENSMUSG00000044748,1.0
ENSMUSG00000058568,1.0
ENSMUSG00000006570,1.0
ENSMUSG00000044743,1.0
ENSMUSG00000047390,1.0
ENSMUSG00000045337,1.0
ENSMUSG00000110616,1.0
ENSMUSG00000048500,1.0
ENSMUSG00000058052,1.0
ENSMUSG00000044222,1.0
ENSMUSG00000079112,1.0
ENSMUSG00000017049,1.0
ENSMUSG00000006567,0.9209408106281229
ENSMUSG00000063362,0.7764640096960492
ENSMUSG00000037738,1.0
ENSMUSG00000031478,0.9195495382132711
ENSMUSG00000037725,1.0
ENSMUSG00000031479,0.6515820075199017
ENSMUSG00000031480,0.723160810913797
ENSMUSG00000031481,1.0
ENSMUSG00000031482,0.902110198594578
ENSMUSG00000099825,1.0
ENSMUSG00000031533,0.8090697108140805
ENSMUSG00000031534,0.6704233948259504
ENSMUSG00000037656,0.5438738045445931
ENSMUSG00000097042,0.885252189465057
ENSMUSG00000008892,0.5858270169900014
ENSMUSG00000031535,1.0
ENSMUSG00000031536,0.5712791128821156
ENSMUSG00000031537,0.6020586157138105
ENSMUSG00000085199,1.0
ENSMUSG00000031538,0.5653723683472668
ENSMUSG00000031539,0.7211194301942456
ENSMUSG00000054822,0.9999994427015741
ENSMUSG00000031540,0.5165480661981788
ENSMUSG00000031543,0.649027678878206
ENSMUSG00000086741,1.0
ENSMUSG00000063672,1.0
ENSMUSG00000031545,0.6604233343278199
ENSMUSG00000031546,0.8475795149794333
ENSMUSG00000015341,0.5173830106107346
ENSMUSG00000031548,0.9767166612551206
ENSMUSG00000037492,0.7308644688582999
ENSMUSG00000053979,1.0
ENSMUSG00000109419,1.0
ENSMUSG00000109299,1.0
ENSMUSG00000109141,1.0
ENSMUSG00000097654,1.0
ENSMUSG00000056313,0.8484921352348759
ENSMUSG00000031549,1.0
ENSMUSG00000031551,1.0
ENSMUSG00000031552,0.9964073051697317
ENSMUSG00000031553,1.0
ENSMUSG00000031554,1.0
ENSMUSG00000037437,0.9408568735561144
ENSMUSG00000031555,0.6629289091429474
ENSMUSG00000031556,0.6284246657024587
ENSMUSG00000037406,1.0
ENSMUSG00000086289,1.0
ENSMUSG00000031557,0.6732802724871951
ENSMUSG00000110148,0.9996505686777287
ENSMUSG00000065954,0.4124968024335628
ENSMUSG00000110140,1.0
ENSMUSG00000110110,1.0
ENSMUSG00000110017,1.0
ENSMUSG00000110399,1.0
ENSMUSG00000110063,1.0
ENSMUSG00000031565,0.5586763991399365
ENSMUSG00000086134,1.0
ENSMUSG00000037363,0.6518134226861275
ENSMUSG00000110038,1.0
ENSMUSG00000043794,0.9157359158525984
ENSMUSG00000054823,0.48199791422372656
ENSMUSG00000031570,0.8666378755232177
ENSMUSG00000061313,0.5983382011401399
ENSMUSG00000091514,0.9286892505321659
ENSMUSG00000037316,0.7180252020942957
ENSMUSG00000037296,0.6811838733237165
ENSMUSG00000031574,0.9389990688215283
ENSMUSG00000031575,0.7455248786857704
ENSMUSG00000031576,0.9717884322336718
ENSMUSG00000037260,0.7180555325198476
ENSMUSG00000037251,0.8813791155110962
ENSMUSG00000015994,0.6360453584485518
ENSMUSG00000037234,0.47572541584325406
ENSMUSG00000110183,1.0
ENSMUSG00000085437,1.0
ENSMUSG00000013878,0.7191255689132161
ENSMUSG00000110317,0.9757936663587325
ENSMUSG00000037214,0.8181281604271221
ENSMUSG00000110075,1.0
ENSMUSG00000110417,1.0
ENSMUSG00000110229,1.0
ENSMUSG00000109682,1.0
ENSMUSG00000109996,1.0
ENSMUSG00000110383,1.0
ENSMUSG00000109961,1.0
ENSMUSG00000110222,1.0
ENSMUSG00000110351,1.0
ENSMUSG00000110338,1.0
ENSMUSG00000109680,1.0
ENSMUSG00000109689,1.0
ENSMUSG00000100335,1.0
ENSMUSG00000110345,1.0
ENSMUSG00000085795,0.7034669482989492
ENSMUSG00000109954,1.0
ENSMUSG00000109621,1.0
ENSMUSG00000109603,1.0
ENSMUSG00000031483,0.6940587922377311
ENSMUSG00000091154,1.0
ENSMUSG00000031485,0.6524208240919057
ENSMUSG00000031486,0.695272670784626
ENSMUSG00000031487,0.8920783712262643
ENSMUSG00000031488,0.835257693339706
ENSMUSG00000097262,1.0
ENSMUSG00000109589,1.0
ENSMUSG00000039720,1.0
ENSMUSG00000031489,1.0
ENSMUSG00000109674,1.0
ENSMUSG00000031490,0.9299126950287726
ENSMUSG00000071138,1.0
ENSMUSG00000031492,1.0
ENSMUSG00000031491,1.0
ENSMUSG00000063932,1.0
ENSMUSG00000074404,1.0
ENSMUSG00000109657,1.0
ENSMUSG00000110322,1.0
ENSMUSG00000109794,1.0
ENSMUSG00000097776,1.0
ENSMUSG00000063626,0.7064254327649695
ENSMUSG00000110180,1.0
ENSMUSG00000109666,1.0
ENSMUSG00000110006,1.0
ENSMUSG00000110223,1.0
ENSMUSG00000097044,1.0
ENSMUSG00000039661,0.6226657926413435
ENSMUSG00000039328,0.7820083356827735
ENSMUSG00000031577,0.8618129063658584
ENSMUSG00000031578,0.7916898204055564
ENSMUSG00000046152,0.7741668957352108
ENSMUSG00000109915,1.0
ENSMUSG00000109605,1.0
ENSMUSG00000110329,1.0
ENSMUSG00000062991,0.5327417971126909
ENSMUSG00000118541,
ENSMUSG00000079070,1.0
ENSMUSG00000110214,1.0
ENSMUSG00000031583,0.6778851434108055
ENSMUSG00000049184,0.5756752899869856
ENSMUSG00000009628,1.0
ENSMUSG00000009630,0.7013152359134736
ENSMUSG00000052906,0.8397471314209237
ENSMUSG00000031584,0.7212491353579806
ENSMUSG00000049476,1.0
ENSMUSG00000031585,0.7453088621971459
ENSMUSG00000094500,0.9792118493853027
ENSMUSG00000031586,0.4657720154944147
ENSMUSG00000097442,0.8344138426930051
ENSMUSG00000098166,1.0
ENSMUSG00000110663,1.0
ENSMUSG00000054618,1.0
ENSMUSG00000031516,0.6694806503705646
ENSMUSG00000063412,1.0
ENSMUSG00000071113,1.0
ENSMUSG00000109869,1.0
ENSMUSG00000031513,0.6640473360467121
ENSMUSG00000031532,0.5039121853800415
ENSMUSG00000100605,1.0
ENSMUSG00000109964,1.0
ENSMUSG00000110178,1.0
ENSMUSG00000110369,1.0
ENSMUSG00000110015,1.0
ENSMUSG00000109819,1.0
ENSMUSG00000109880,1.0
ENSMUSG00000109846,1.0
ENSMUSG00000031530,1.0
ENSMUSG00000031529,0.5607864230823697
ENSMUSG00000054247,1.0
ENSMUSG00000109717,1.0
ENSMUSG00000110130,1.0
ENSMUSG00000110314,1.0
ENSMUSG00000109773,1.0
ENSMUSG00000109607,1.0
ENSMUSG00000109688,1.0
ENSMUSG00000109698,1.0
ENSMUSG00000046794,0.9041464000677392
ENSMUSG00000110384,1.0
ENSMUSG00000110367,1.0
ENSMUSG00000031527,0.8138520039210589
ENSMUSG00000097357,1.0
ENSMUSG00000070056,0.5146800426987724
ENSMUSG00000110335,1.0
ENSMUSG00000109714,1.0
ENSMUSG00000109372,1.0
ENSMUSG00000055976,1.0
ENSMUSG00000109761,1.0
ENSMUSG00000050271,0.6354096475934582
ENSMUSG00000109704,1.0
ENSMUSG00000110321,1.0
ENSMUSG00000110116,1.0
ENSMUSG00000110176,1.0
ENSMUSG00000039633,0.7739245197593206
ENSMUSG00000039620,0.6409601982235864
ENSMUSG00000031523,0.33693597472577336
ENSMUSG00000110242,1.0
ENSMUSG00000074384,1.0
ENSMUSG00000110285,1.0
ENSMUSG00000110312,1.0
ENSMUSG00000039539,0.5515341293160811
ENSMUSG00000110236,1.0
ENSMUSG00000039530,0.6342477707041927
ENSMUSG00000109827,1.0
ENSMUSG00000025044,1.0
ENSMUSG00000031603,1.0
ENSMUSG00000039478,0.5436814261878934
ENSMUSG00000039470,0.6904284599862004
ENSMUSG00000031601,0.6491912448938351
ENSMUSG00000031600,0.6193067093810958
ENSMUSG00000039431,0.7983837911776754
ENSMUSG00000046723,1.0
ENSMUSG00000071937,1.0
ENSMUSG00000046282,1.0
ENSMUSG00000054033,1.0
ENSMUSG00000031596,0.6263971121258077
ENSMUSG00000031595,0.8145134691031897
ENSMUSG00000045636,0.45376575174312317
ENSMUSG00000084960,0.5865835890529972
ENSMUSG00000086773,0.9568174623910773
ENSMUSG00000085672,1.0
ENSMUSG00000031594,1.0
ENSMUSG00000085445,1.0
ENSMUSG00000031592,0.46329870042690513
ENSMUSG00000031591,0.5904050263321081
ENSMUSG00000031590,0.6886540338398621
ENSMUSG00000102046,1.0
ENSMUSG00000031651,1.0
ENSMUSG00000091490,1.0
ENSMUSG00000051176,1.0
ENSMUSG00000063900,1.0
ENSMUSG00000048516,1.0
ENSMUSG00000050190,1.0
ENSMUSG00000079058,1.0
ENSMUSG00000110168,1.0
ENSMUSG00000109993,1.0
ENSMUSG00000110409,1.0
ENSMUSG00000070047,0.6298926712358193
ENSMUSG00000097491,1.0
ENSMUSG00000066158,1.0
ENSMUSG00000054764,1.0
ENSMUSG00000110260,1.0
ENSMUSG00000110231,1.0
ENSMUSG00000031645,1.0
ENSMUSG00000109764,1.0
ENSMUSG00000079057,0.8360417672896779
ENSMUSG00000070044,0.9160826518026266
ENSMUSG00000031639,0.6735361816967719
ENSMUSG00000109785,1.0
ENSMUSG00000031626,0.4291573271980006
ENSMUSG00000084954,0.9996272826881599
ENSMUSG00000085440,0.8727423166814084
ENSMUSG00000031636,1.0
ENSMUSG00000071104,1.0
ENSMUSG00000071103,0.8216821924043828
ENSMUSG00000031634,0.6621956848849656
ENSMUSG00000050914,0.8557953340425805
ENSMUSG00000031637,0.9959002441048345
ENSMUSG00000038291,0.6146118161434926
ENSMUSG00000031631,0.695211281599056
ENSMUSG00000086279,1.0
ENSMUSG00000031633,0.4376220105041355
ENSMUSG00000047171,1.0
ENSMUSG00000110179,1.0
ENSMUSG00000110035,1.0
ENSMUSG00000109612,1.0
ENSMUSG00000018796,0.5942012416425484
ENSMUSG00000031629,1.0
ENSMUSG00000038225,0.8566369013257115
ENSMUSG00000110270,1.0
ENSMUSG00000031628,0.8441292345996675
ENSMUSG00000097534,1.0
ENSMUSG00000031627,0.48149205191692956
ENSMUSG00000109751,1.0
ENSMUSG00000110374,1.0
ENSMUSG00000109759,1.0
ENSMUSG00000038173,0.7531608130661949
ENSMUSG00000109888,1.0
ENSMUSG00000086190,1.0
ENSMUSG00000110264,1.0
ENSMUSG00000038143,0.40674729695970746
ENSMUSG00000038102,0.6990635646498887
ENSMUSG00000031568,0.7739768617222301
ENSMUSG00000110363,1.0
ENSMUSG00000063049,0.7488380041331955
ENSMUSG00000074357,0.9585677110418929
ENSMUSG00000038069,0.7855978385435886
ENSMUSG00000097706,1.0
ENSMUSG00000110665,1.0
ENSMUSG00000110604,1.0
ENSMUSG00000110539,1.0
ENSMUSG00000110464,1.0
ENSMUSG00000061974,1.0
ENSMUSG00000031563,0.5181047742725944
ENSMUSG00000038064,1.0
ENSMUSG00000110624,1.0
ENSMUSG00000031562,0.9224651393717713
ENSMUSG00000031561,0.5159498940480424
ENSMUSG00000100706,1.0
ENSMUSG00000110503,1.0
ENSMUSG00000110606,1.0
ENSMUSG00000031559,0.922974686141261
ENSMUSG00000109907,0.9954578727849139
ENSMUSG00000110051,1.0
ENSMUSG00000110375,0.8980848402261835
ENSMUSG00000109838,0.9584839183191106
ENSMUSG00000109741,1.0
ENSMUSG00000110281,0.9885457674825363
ENSMUSG00000110246,0.7211006218020442
ENSMUSG00000109944,1.0
ENSMUSG00000110163,1.0
ENSMUSG00000109823,1.0
ENSMUSG00000110013,1.0
ENSMUSG00000110362,1.0
ENSMUSG00000031521,0.8160386467139172
ENSMUSG00000039396,1.0
ENSMUSG00000031520,0.90445190251112
ENSMUSG00000054408,0.6958913216025692
ENSMUSG00000031519,0.970190136755348
ENSMUSG00000089708,1.0
ENSMUSG00000031518,1.0
ENSMUSG00000039375,0.46894623619049614
ENSMUSG00000089719,1.0
ENSMUSG00000031517,0.3896786320284265
ENSMUSG00000046258,1.0
ENSMUSG00000038257,0.9607484521365167
ENSMUSG00000031613,0.5975742992889453
ENSMUSG00000110310,1.0
ENSMUSG00000038215,0.7647835487912801
ENSMUSG00000038206,0.6446712781696486
ENSMUSG00000110000,1.0
ENSMUSG00000100510,1.0
ENSMUSG00000038193,1.0
ENSMUSG00000109697,1.0
ENSMUSG00000097910,1.0
ENSMUSG00000109629,1.0
ENSMUSG00000031610,0.6296891348928996
ENSMUSG00000031609,0.8667732236883249
ENSMUSG00000096917,1.0
ENSMUSG00000054717,0.6804041378968708
ENSMUSG00000031608,0.579306382348018
ENSMUSG00000110419,0.925317880296468
ENSMUSG00000109728,1.0
ENSMUSG00000110162,0.9570759193075323
ENSMUSG00000096914,0.5096394718422403
ENSMUSG00000090003,1.0
ENSMUSG00000049946,1.0
ENSMUSG00000110381,1.0
ENSMUSG00000110406,1.0
ENSMUSG00000109966,1.0
ENSMUSG00000070023,1.0
ENSMUSG00000057228,1.0
ENSMUSG00000109930,1.0
ENSMUSG00000031647,0.7062623439725376
ENSMUSG00000109992,1.0
ENSMUSG00000038005,0.6202347388553354
ENSMUSG00000004319,0.48374988885674103
ENSMUSG00000045746,1.0
ENSMUSG00000031644,0.6353996233258227
ENSMUSG00000086681,1.0
ENSMUSG00000031642,0.5702588132007202
ENSMUSG00000099419,1.0
ENSMUSG00000031641,0.9000346529012201
ENSMUSG00000058056,0.6149801542161848
ENSMUSG00000086866,1.0
ENSMUSG00000109729,1.0
ENSMUSG00000037921,0.8563761176437285
ENSMUSG00000031635,0.9327678051289102
ENSMUSG00000109767,1.0
ENSMUSG00000109994,1.0
ENSMUSG00000110364,1.0
ENSMUSG00000054162,0.4844296691397158
ENSMUSG00000109999,1.0
ENSMUSG00000109825,1.0
ENSMUSG00000094443,1.0
ENSMUSG00000053626,0.6847063340103863
ENSMUSG00000109579,1.0
ENSMUSG00000037852,0.3271918808796979
ENSMUSG00000110368,1.0
ENSMUSG00000031604,0.5352673829824118
ENSMUSG00000031605,0.4333065034364123
ENSMUSG00000109854,0.9027761684778225
ENSMUSG00000110157,1.0
ENSMUSG00000025521,0.759353209189293
ENSMUSG00000071089,1.0
ENSMUSG00000053490,1.0
ENSMUSG00000109718,1.0
ENSMUSG00000079042,1.0
ENSMUSG00000074302,1.0
ENSMUSG00000074300,1.0
ENSMUSG00000036469,0.4213936951508236
ENSMUSG00000086156,1.0
ENSMUSG00000085109,1.0
ENSMUSG00000025591,0.7517077679031255
ENSMUSG00000110500,1.0
ENSMUSG00000025519,1.0
ENSMUSG00000044014,1.0
ENSMUSG00000036437,0.8509688323719244
ENSMUSG00000110454,1.0
ENSMUSG00000014907,0.7652156641799941
ENSMUSG00000110468,1.0
ENSMUSG00000110512,1.0
ENSMUSG00000074292,1.0
ENSMUSG00000025588,1.0
ENSMUSG00000051147,1.0
ENSMUSG00000056426,1.0
ENSMUSG00000030465,0.4347537908529971
ENSMUSG00000087266,1.0
ENSMUSG00000053886,1.0
ENSMUSG00000036356,0.5121527762340711
ENSMUSG00000085197,1.0
ENSMUSG00000087489,1.0
ENSMUSG00000031864,0.6994119832706521
ENSMUSG00000015568,0.9671595467931626
ENSMUSG00000110594,1.0
ENSMUSG00000036330,1.0
ENSMUSG00000089995,1.0
ENSMUSG00000006273,0.5488195433410389
ENSMUSG00000036306,0.8173364052285031
ENSMUSG00000059897,0.8915812430491767
ENSMUSG00000079038,0.6323377055804833
ENSMUSG00000110474,1.0
ENSMUSG00000107280,1.0
ENSMUSG00000106683,1.0
ENSMUSG00000106824,1.0
ENSMUSG00000060427,0.8455770754110236
ENSMUSG00000091764,0.9811989442098951
ENSMUSG00000054648,0.6905254344069898
ENSMUSG00000092260,0.8906588807736493
ENSMUSG00000043090,0.7274021807499248
ENSMUSG00000031862,0.759470544799929
ENSMUSG00000036246,0.6810421418875847
ENSMUSG00000031861,1.0
ENSMUSG00000031860,0.9252047130659917
ENSMUSG00000044006,1.0
ENSMUSG00000048967,0.9380564390312456
ENSMUSG00000036199,0.44536300915809723
ENSMUSG00000047654,1.0
ENSMUSG00000036180,0.6279814554402648
ENSMUSG00000031858,0.6002668781819641
ENSMUSG00000011306,0.7329663711918692
ENSMUSG00000036151,1.0
ENSMUSG00000007594,0.9387858610878536
ENSMUSG00000002341,0.5665095653571719
ENSMUSG00000036120,0.8371535883285884
ENSMUSG00000071078,0.7733895995100325
ENSMUSG00000002345,0.8339903193547658
ENSMUSG00000079033,0.8330458515695333
ENSMUSG00000002342,0.7495642019296488
ENSMUSG00000002346,0.7712620217153848
ENSMUSG00000002343,0.867289480362775
ENSMUSG00000036054,0.6946548047709776
ENSMUSG00000003573,0.7707229876077073
ENSMUSG00000057788,0.8207072144864033
ENSMUSG00000055681,0.6649645370170318
ENSMUSG00000087408,0.9189091615867684
ENSMUSG00000109523,
ENSMUSG00000058301,0.6753922002734113
ENSMUSG00000031849,1.0
ENSMUSG00000003575,0.6976084744455369
ENSMUSG00000055707,0.7646243052565931
ENSMUSG00000035964,0.7466765795248349
ENSMUSG00000007888,1.0
ENSMUSG00000058833,0.5785261460548285
ENSMUSG00000090137,0.5682427499259822
ENSMUSG00000055553,0.6601443988230381
ENSMUSG00000019428,0.5945958708548646
ENSMUSG00000070002,0.7242807669306275
ENSMUSG00000019139,0.7614232457862796
ENSMUSG00000070003,0.623618285291009
ENSMUSG00000049988,1.0
ENSMUSG00000038508,1.0
ENSMUSG00000056204,0.7823446572617294
ENSMUSG00000031848,0.6712762444029721
ENSMUSG00000071076,0.3321589105828183
ENSMUSG00000080058,1.0
ENSMUSG00000110622,1.0
ENSMUSG00000095026,1.0
ENSMUSG00000031842,1.0
ENSMUSG00000031840,0.5826631045618377
ENSMUSG00000035559,0.7854025961289465
ENSMUSG00000031838,0.8717071553013251
ENSMUSG00000031834,0.7658967287685894
ENSMUSG00000100691,0.8369073794703934
ENSMUSG00000031833,0.48524176369637134
ENSMUSG00000000791,1.0
ENSMUSG00000002910,0.7682403139814092
ENSMUSG00000002908,0.9723809078193163
ENSMUSG00000007721,0.6737904662026546
ENSMUSG00000000792,0.983273339885066
ENSMUSG00000045128,0.3000394206824015
ENSMUSG00000019261,0.7548480467982157
ENSMUSG00000101854,1.0
ENSMUSG00000110554,1.0
ENSMUSG00000035439,0.8688825068020204
ENSMUSG00000004677,0.632480616270987
ENSMUSG00000002395,0.6201759528143133
ENSMUSG00000002396,0.8310562204578528
ENSMUSG00000002393,0.7219398349050256
ENSMUSG00000034911,0.7174228549541846
ENSMUSG00000031820,0.673022928023731
ENSMUSG00000046295,1.0
ENSMUSG00000007950,0.6692648764778981
ENSMUSG00000034880,0.653830443419466
ENSMUSG00000074247,0.6418260260838048
ENSMUSG00000034863,0.8192209762157264
ENSMUSG00000007610,0.8422885049246541
ENSMUSG00000034845,0.9601515073771693
ENSMUSG00000108900,1.0
ENSMUSG00000046718,0.7131634999696189
ENSMUSG00000031813,0.7686876793762585
ENSMUSG00000043664,1.0
ENSMUSG00000034829,1.0
ENSMUSG00000031808,0.4915168911749667
ENSMUSG00000031807,0.6771865669859429
ENSMUSG00000043243,1.0
ENSMUSG00000034807,0.6682879889621628
ENSMUSG00000034799,0.7157767891279893
ENSMUSG00000031805,1.0
ENSMUSG00000079019,1.0
ENSMUSG00000031803,1.0
ENSMUSG00000070000,0.94718841404192
ENSMUSG00000110462,1.0
ENSMUSG00000056019,0.9439659511036008
ENSMUSG00000089857,0.8751579548974673
ENSMUSG00000066880,0.74964931151883
ENSMUSG00000052446,0.7565897057301881
ENSMUSG00000003484,1.0
ENSMUSG00000069998,1.0
ENSMUSG00000061561,1.0
ENSMUSG00000046881,1.0
ENSMUSG00000031799,0.5283677001499708
ENSMUSG00000097472,1.0
ENSMUSG00000087502,0.9093439696172398
ENSMUSG00000003037,0.707416954104597
ENSMUSG00000062007,1.0
ENSMUSG00000074240,1.0
ENSMUSG00000079016,1.0
ENSMUSG00000003039,0.6406258357035172
ENSMUSG00000003033,0.7333915372110917
ENSMUSG00000070713,1.0
ENSMUSG00000055148,0.40877300711804015
ENSMUSG00000006276,0.5972828912297051
ENSMUSG00000019732,1.0
ENSMUSG00000052794,0.7555563339269087
ENSMUSG00000052488,0.676419001991736
ENSMUSG00000019731,0.7835664670647703
ENSMUSG00000097000,0.9809167110689374
ENSMUSG00000045248,0.7791300828639596
ENSMUSG00000044600,0.6033620268537465
ENSMUSG00000031791,0.7180277381937379
ENSMUSG00000048148,0.5068170510469242
ENSMUSG00000031622,0.6399325674313884
ENSMUSG00000050147,1.0
ENSMUSG00000004383,0.44756624838564746
ENSMUSG00000110703,
ENSMUSG00000079011,1.0
ENSMUSG00000031621,1.0
ENSMUSG00000034518,0.6710326807405926
ENSMUSG00000110593,1.0
ENSMUSG00000042870,0.6097829276236812
ENSMUSG00000110433,1.0
ENSMUSG00000005413,0.9374572475724282
ENSMUSG00000005410,1.0
ENSMUSG00000110693,1.0
ENSMUSG00000110640,1.0
ENSMUSG00000034472,0.8821519377870966
ENSMUSG00000110469,1.0
ENSMUSG00000031620,1.0
ENSMUSG00000110485,1.0
ENSMUSG00000110603,1.0
ENSMUSG00000110655,1.0
ENSMUSG00000074235,0.9192315307049528
ENSMUSG00000031618,0.4867512753547425
ENSMUSG00000037148,0.6333025612782329
ENSMUSG00000110258,1.0
ENSMUSG00000110410,1.0
ENSMUSG00000109732,1.0
ENSMUSG00000097882,1.0
ENSMUSG00000037134,0.7513929965399483
ENSMUSG00000031617,0.6895746209202536
ENSMUSG00000086451,1.0
ENSMUSG00000086781,1.0
ENSMUSG00000031616,0.66611605256313
ENSMUSG00000110382,1.0
ENSMUSG00000037101,1.0
ENSMUSG00000031688,1.0
ENSMUSG00000037070,0.7417846120334802
ENSMUSG00000031684,0.596180724289337
ENSMUSG00000031683,0.5493753596504921
ENSMUSG00000110094,1.0
ENSMUSG00000109583,1.0
ENSMUSG00000071064,0.6808780185701654
ENSMUSG00000031682,1.0
ENSMUSG00000110388,1.0
ENSMUSG00000037022,0.7397722350427945
ENSMUSG00000097174,0.9699521054982311
ENSMUSG00000031681,0.5921664792869277
ENSMUSG00000109945,1.0
ENSMUSG00000109774,1.0
ENSMUSG00000036990,0.647619990462357
ENSMUSG00000058355,0.6708996026811975
ENSMUSG00000036977,0.6679706763745462
ENSMUSG00000110202,0.8503025138345794
ENSMUSG00000064325,0.6290857704499296
ENSMUSG00000109593,1.0
ENSMUSG00000110294,1.0
ENSMUSG00000051839,1.0
ENSMUSG00000086912,1.0
ENSMUSG00000042353,1.0
ENSMUSG00000031715,0.5310870989460378
ENSMUSG00000031714,0.42090515863280703
ENSMUSG00000109587,0.9989233222655809
ENSMUSG00000098001,1.0
ENSMUSG00000038250,0.7475496461022613
ENSMUSG00000037982,0.9772875468921397
ENSMUSG00000109980,1.0
ENSMUSG00000037940,0.40945268721610156
ENSMUSG00000090732,1.0
ENSMUSG00000110045,1.0
ENSMUSG00000031712,0.7739190234523783
ENSMUSG00000031711,0.773859118399439
ENSMUSG00000109643,1.0
ENSMUSG00000047747,0.6289141928725559
ENSMUSG00000109876,1.0
ENSMUSG00000031709,0.630550652813347
ENSMUSG00000031710,1.0
ENSMUSG00000035151,0.77284428361396
ENSMUSG00000035057,1.0
ENSMUSG00000002190,0.8968932325837602
ENSMUSG00000063253,0.4682685354798937
ENSMUSG00000047286,1.0
ENSMUSG00000033938,0.5736350487851885
ENSMUSG00000031708,0.5331219312584785
ENSMUSG00000110580,0.8397873857405384
ENSMUSG00000110471,1.0
ENSMUSG00000005483,0.6558460502436189
ENSMUSG00000019433,0.7241582994981256
ENSMUSG00000057672,0.5943969328599701
ENSMUSG00000019464,1.0
ENSMUSG00000005481,0.8766970046735091
ENSMUSG00000002885,0.6141525894983447
ENSMUSG00000013033,0.556759232616716
ENSMUSG00000074219,0.9117422179979908
ENSMUSG00000005470,1.0
ENSMUSG00000005469,0.6269862097770464
ENSMUSG00000079003,0.7945815294327307
ENSMUSG00000046408,1.0
ENSMUSG00000074217,1.0
ENSMUSG00000047986,1.0
ENSMUSG00000005465,1.0
ENSMUSG00000045232,1.0
ENSMUSG00000074215,1.0
ENSMUSG00000056753,1.0
ENSMUSG00000031706,0.834855406009065
ENSMUSG00000037103,0.9086354209946066
ENSMUSG00000012889,1.0
ENSMUSG00000036686,0.8220053450261886
ENSMUSG00000008129,0.9844416314480473
ENSMUSG00000056155,0.9994027001708515
ENSMUSG00000097120,0.9979042983580315
ENSMUSG00000097296,0.7074606320986593
ENSMUSG00000035671,0.8090563460880491
ENSMUSG00000019362,0.4735670940558983
ENSMUSG00000004996,0.7875379332158234
ENSMUSG00000004994,0.8660414768041947
ENSMUSG00000034656,0.44867093024570565
ENSMUSG00000086067,0.7855698140375275
ENSMUSG00000053560,0.46446762345268705
ENSMUSG00000001910,0.6605222430227534
ENSMUSG00000001909,0.7241359829612203
ENSMUSG00000001911,0.4149220577424917
ENSMUSG00000034041,0.8563760533269322
ENSMUSG00000074203,1.0
ENSMUSG00000053226,0.7882620882172318
ENSMUSG00000033751,0.7678621582174028
ENSMUSG00000003813,0.6371754598684515
ENSMUSG00000003814,0.44591778901423995
ENSMUSG00000087685,1.0
ENSMUSG00000003808,0.766356571759921
ENSMUSG00000003824,0.9932543235230162
ENSMUSG00000003809,0.8511645101843528
ENSMUSG00000054191,1.0
ENSMUSG00000003812,0.7735885136668313
ENSMUSG00000053693,0.8411383375675505
ENSMUSG00000048617,1.0
ENSMUSG00000052926,0.8814986537566397
ENSMUSG00000111184,
ENSMUSG00000005161,0.591203207500618
ENSMUSG00000052837,0.32978530227602404
ENSMUSG00000052566,0.8400423605154936
ENSMUSG00000052819,1.0
ENSMUSG00000052456,0.7957489411598722
ENSMUSG00000041203,0.5503309001001272
ENSMUSG00000031691,0.7278614977250577
ENSMUSG00000087026,1.0
ENSMUSG00000008167,0.8846832381088555
ENSMUSG00000095845,1.0
ENSMUSG00000060038,0.7277164216574913
ENSMUSG00000005150,0.8068618669220469
ENSMUSG00000059355,0.6815998484116852
ENSMUSG00000005142,0.6265395875000929
ENSMUSG00000074194,0.992598309759296
ENSMUSG00000110386,1.0
ENSMUSG00000062687,1.0
ENSMUSG00000051952,1.0
ENSMUSG00000031696,0.5452138026253508
ENSMUSG00000031697,0.7141498577935108
ENSMUSG00000031698,1.0
ENSMUSG00000084895,1.0
ENSMUSG00000036934,0.7106278811466497
ENSMUSG00000031700,0.6169404917710904
ENSMUSG00000031701,0.5518343304312028
ENSMUSG00000109731,1.0
ENSMUSG00000036902,0.6802128071007284
ENSMUSG00000031703,0.5169345271048355
ENSMUSG00000109754,0.9548832445498454
ENSMUSG00000036879,0.5102938299989065
ENSMUSG00000098439,1.0
ENSMUSG00000036872,1.0
ENSMUSG00000047866,0.5704070310609682
ENSMUSG00000036840,0.6525273984358629
ENSMUSG00000074178,0.9949501642906279
ENSMUSG00000031652,0.6139289139032641
ENSMUSG00000098434,1.0
ENSMUSG00000098534,1.0
ENSMUSG00000099162,1.0
ENSMUSG00000098854,1.0
ENSMUSG00000098684,1.0
ENSMUSG00000099207,1.0
ENSMUSG00000098257,1.0
ENSMUSG00000098768,1.0
ENSMUSG00000098391,1.0
ENSMUSG00000098360,
ENSMUSG00000098295,
ENSMUSG00000097248,0.6210382679628212
ENSMUSG00000031654,0.6290084175284057
ENSMUSG00000097992,0.9992368005650314
ENSMUSG00000098086,1.0
ENSMUSG00000069971,1.0
ENSMUSG00000045333,0.6415885345608773
ENSMUSG00000036810,0.6485399275479311
ENSMUSG00000031657,0.6898751237338452
ENSMUSG00000062704,1.0
ENSMUSG00000036779,0.6015894315902984
ENSMUSG00000031659,0.8130354745529517
ENSMUSG00000031660,0.6095582951564671
ENSMUSG00000031661,0.6277782610538598
ENSMUSG00000031662,0.8309973084413531
ENSMUSG00000055994,1.0
ENSMUSG00000036712,0.5503113867915698
ENSMUSG00000031665,0.5839354865053642
ENSMUSG00000043668,0.8103026159624124
ENSMUSG00000109672,1.0
ENSMUSG00000109870,1.0
ENSMUSG00000110212,1.0
ENSMUSG00000110332,0.932642604533401
ENSMUSG00000056608,0.3673589936189804
ENSMUSG00000110166,1.0
ENSMUSG00000031666,0.6207657226579837
ENSMUSG00000031667,0.6382572336330816
ENSMUSG00000109727,0.9699383511378786
ENSMUSG00000110106,1.0
ENSMUSG00000110089,1.0
ENSMUSG00000033282,0.7652518286093816
ENSMUSG00000055932,0.4674212981720153
ENSMUSG00000110138,0.9856884181976173
ENSMUSG00000090778,0.9391673790933288
ENSMUSG00000110216,1.0
ENSMUSG00000110304,1.0
ENSMUSG00000031734,0.9363668568998472
ENSMUSG00000046413,1.0
ENSMUSG00000099664,1.0
ENSMUSG00000099812,1.0
ENSMUSG00000109696,1.0
ENSMUSG00000110274,1.0
ENSMUSG00000101613,1.0
ENSMUSG00000110380,1.0
ENSMUSG00000110198,1.0
ENSMUSG00000110134,1.0
ENSMUSG00000031736,0.9199282991761301
ENSMUSG00000095651,1.0
ENSMUSG00000031737,0.9090239963362106
ENSMUSG00000110290,1.0
ENSMUSG00000031738,1.0
ENSMUSG00000110023,1.0
ENSMUSG00000031740,0.9881990948624206
ENSMUSG00000109669,1.0
ENSMUSG00000033192,0.5084366052345151
ENSMUSG00000078144,1.0
ENSMUSG00000055368,1.0
ENSMUSG00000109651,1.0
ENSMUSG00000071047,1.0
ENSMUSG00000078964,1.0
ENSMUSG00000057400,1.0
ENSMUSG00000056973,1.0
ENSMUSG00000061959,1.0
ENSMUSG00000031725,1.0
ENSMUSG00000057074,1.0
ENSMUSG00000074156,1.0
ENSMUSG00000110718,1.0
ENSMUSG00000110687,
ENSMUSG00000110670,1.0
ENSMUSG00000110695,1.0
ENSMUSG00000058019,1.0
ENSMUSG00000110534,0.9798668009577571
ENSMUSG00000110559,0.8830547118327401
ENSMUSG00000110713,1.0
ENSMUSG00000097520,0.6505149371133946
ENSMUSG00000031748,0.3673581522064804
ENSMUSG00000031751,0.5313263567744074
ENSMUSG00000031754,0.6735784259157117
ENSMUSG00000033009,0.7076288671931799
ENSMUSG00000031755,0.768076638389016
ENSMUSG00000031757,1.0
ENSMUSG00000031760,0.31606265742354156
ENSMUSG00000110588,1.0
ENSMUSG00000031762,0.3773135460593877
ENSMUSG00000031765,0.25274999885214733
ENSMUSG00000110524,1.0
ENSMUSG00000032939,0.7753249317034143
ENSMUSG00000110710,0.8994497648948929
ENSMUSG00000031766,1.0
ENSMUSG00000089712,1.0
ENSMUSG00000090105,1.0
ENSMUSG00000031770,0.5600259211970181
ENSMUSG00000097194,1.0
ENSMUSG00000074151,1.0
ENSMUSG00000034361,0.7154780468237089
ENSMUSG00000031774,0.7014141661871007
ENSMUSG00000050079,0.5890222304783591
ENSMUSG00000031776,0.5083122049088874
ENSMUSG00000031775,0.45624633615785576
ENSMUSG00000110702,0.9508693179457228
ENSMUSG00000031779,1.0
ENSMUSG00000031778,0.6698266920707371
ENSMUSG00000031780,1.0
ENSMUSG00000031781,0.7005245252751252
ENSMUSG00000031782,0.7222070539947084
ENSMUSG00000031783,0.6884430161583344
ENSMUSG00000040631,0.9386092680481743
ENSMUSG00000063605,1.0
ENSMUSG00000061577,1.0
ENSMUSG00000031785,0.4464891699402351
ENSMUSG00000060470,1.0
ENSMUSG00000031786,1.0
ENSMUSG00000031787,0.8836798297511327
ENSMUSG00000031788,0.6372705422329863
ENSMUSG00000110517,1.0
ENSMUSG00000110428,1.0
ENSMUSG00000110475,1.0
ENSMUSG00000031789,1.0
ENSMUSG00000090206,1.0
ENSMUSG00000046556,0.813978080673342
ENSMUSG00000031792,0.9624016291021125
ENSMUSG00000031790,0.7235843626214007
ENSMUSG00000031796,0.663558026293209
ENSMUSG00000046707,0.6162942622871829
ENSMUSG00000110427,1.0
ENSMUSG00000036598,1.0
ENSMUSG00000048400,1.0
ENSMUSG00000110447,1.0
ENSMUSG00000110483,1.0
ENSMUSG00000031669,0.9836752025190958
ENSMUSG00000036564,0.5292674068140207
ENSMUSG00000031671,0.9456434254629439
ENSMUSG00000036550,0.5846772349514474
ENSMUSG00000074136,1.0
ENSMUSG00000110489,1.0
ENSMUSG00000061104,1.0
ENSMUSG00000110661,1.0
ENSMUSG00000036534,0.8161604734297562
ENSMUSG00000031672,0.644176320161912
ENSMUSG00000110634,1.0
ENSMUSG00000110623,1.0
ENSMUSG00000110633,1.0
ENSMUSG00000110717,1.0
ENSMUSG00000110567,1.0
ENSMUSG00000110552,1.0
ENSMUSG00000109615,1.0
ENSMUSG00000089819,1.0
ENSMUSG00000036510,0.6205836212487768
ENSMUSG00000090116,0.9953383032156878
ENSMUSG00000052479,0.8331536860255251
ENSMUSG00000109769,1.0
ENSMUSG00000031673,0.6038915913154509
ENSMUSG00000109848,1.0
ENSMUSG00000109701,1.0
ENSMUSG00000110340,1.0
ENSMUSG00000109699,1.0
ENSMUSG00000110336,1.0
ENSMUSG00000110053,1.0
ENSMUSG00000031871,0.558984874706883
ENSMUSG00000031872,0.9828212361518581
ENSMUSG00000074128,1.0
ENSMUSG00000110674,1.0
ENSMUSG00000035824,0.7332400895563217
ENSMUSG00000054400,0.7632960324061646
ENSMUSG00000074127,1.0
ENSMUSG00000110430,1.0
ENSMUSG00000078953,1.0
ENSMUSG00000035785,1.0
ENSMUSG00000031875,0.7476063195237697
ENSMUSG00000096188,0.6888341569462254
ENSMUSG00000110486,1.0
ENSMUSG00000035770,0.552342532207867
ENSMUSG00000110630,1.0
ENSMUSG00000052616,1.0
ENSMUSG00000031878,0.6876792556761301
ENSMUSG00000031883,0.9652537879367774
ENSMUSG00000110607,1.0
ENSMUSG00000048371,0.7940639862083788
ENSMUSG00000031881,1.0
ENSMUSG00000031880,1.0
ENSMUSG00000110652,1.0
ENSMUSG00000031879,0.6722664317184547
ENSMUSG00000023737,1.0
ENSMUSG00000110497,1.0
ENSMUSG00000055730,1.0
ENSMUSG00000069925,1.0
ENSMUSG00000050097,1.0
ENSMUSG00000061825,1.0
ENSMUSG00000031886,1.0
ENSMUSG00000062826,1.0
ENSMUSG00000031877,1.0
ENSMUSG00000091813,1.0
ENSMUSG00000069922,1.0
ENSMUSG00000062181,1.0
ENSMUSG00000060560,1.0
ENSMUSG00000099465,1.0
ENSMUSG00000031885,0.6307418317787631
ENSMUSG00000031889,0.7495551883751814
ENSMUSG00000069920,0.9265570645055027
ENSMUSG00000031887,0.9208446667492719
ENSMUSG00000033313,1.0
ENSMUSG00000033249,1.0
ENSMUSG00000014776,0.9489692191386896
ENSMUSG00000014837,0.9106827261929972
ENSMUSG00000110611,1.0
ENSMUSG00000043251,1.0
ENSMUSG00000014859,0.7450764047190271
ENSMUSG00000014791,1.0
ENSMUSG00000041679,0.8086343506685082
ENSMUSG00000014856,0.6241083515909368
ENSMUSG00000014778,0.8697907523272468
ENSMUSG00000014786,0.9073378856561714
ENSMUSG00000014782,1.0
ENSMUSG00000051648,1.0
ENSMUSG00000054320,1.0
ENSMUSG00000014846,0.6971124442828832
ENSMUSG00000039199,0.6720527240360638
ENSMUSG00000031891,1.0
ENSMUSG00000013160,0.5297102415246803
ENSMUSG00000104168,0.9235959537927328
ENSMUSG00000005705,0.8999326685187027
ENSMUSG00000038604,0.6978690141210087
ENSMUSG00000098120,0.8919185502497442
ENSMUSG00000005698,0.546523830845308
ENSMUSG00000050357,0.8859625216430997
ENSMUSG00000038000,0.8134573583335932
ENSMUSG00000005699,0.7539561688026565
ENSMUSG00000013155,0.9683424289046996
ENSMUSG00000013158,1.0
ENSMUSG00000013150,0.6948164426560165
ENSMUSG00000037415,0.6319534836068229
ENSMUSG00000031893,1.0
ENSMUSG00000036672,0.8825891304456807
ENSMUSG00000036442,0.7956362382682209
ENSMUSG00000110586,1.0
ENSMUSG00000008450,0.9309881049051117
ENSMUSG00000036270,0.7762682010239055
ENSMUSG00000044287,1.0
ENSMUSG00000048310,0.7723865364422067
ENSMUSG00000031896,1.0
ENSMUSG00000087436,1.0
ENSMUSG00000031897,0.7626639992095443
ENSMUSG00000035237,0.7406905057625762
ENSMUSG00000017765,0.730243312860787
ENSMUSG00000110457,1.0
ENSMUSG00000031898,1.0
ENSMUSG00000053687,1.0
ENSMUSG00000115067,1.0
ENSMUSG00000031901,0.7896310988727148
ENSMUSG00000115768,1.0
ENSMUSG00000045538,0.9856388966469566
ENSMUSG00000031902,0.5870498552245549
ENSMUSG00000084128,1.0
ENSMUSG00000086390,1.0
ENSMUSG00000031903,0.6747536170404468
ENSMUSG00000031904,0.7859615206303427
ENSMUSG00000033106,0.7409279962076436
ENSMUSG00000060098,0.7835364076086686
ENSMUSG00000031906,0.7333023052380054
ENSMUSG00000074113,1.0
ENSMUSG00000031907,0.7552118148938413
ENSMUSG00000054069,1.0
ENSMUSG00000061048,1.0
ENSMUSG00000099139,1.0
ENSMUSG00000000303,1.0
ENSMUSG00000041949,0.733847947281466
ENSMUSG00000031910,1.0
ENSMUSG00000046691,1.0
ENSMUSG00000117748,1.0
ENSMUSG00000041438,0.8375996902976856
ENSMUSG00000041308,0.6951575059267012
ENSMUSG00000085464,1.0
ENSMUSG00000031913,0.6674864867875192
ENSMUSG00000078931,1.0
ENSMUSG00000031916,0.7526363614483831
ENSMUSG00000031917,0.7958693935639349
ENSMUSG00000031919,1.0
ENSMUSG00000031921,0.654470298099566
ENSMUSG00000031924,0.5859222384935754
ENSMUSG00000003847,0.4458297112906123
ENSMUSG00000003849,0.9976530450433447
ENSMUSG00000003848,0.7696223775760399
ENSMUSG00000031930,0.6335936128457571
ENSMUSG00000039067,0.5611297425381351
ENSMUSG00000110625,1.0
ENSMUSG00000038872,0.3492579208501192
ENSMUSG00000109868,1.0
ENSMUSG00000110613,1.0
ENSMUSG00000093697,1.0
ENSMUSG00000097393,0.8867621261264875
ENSMUSG00000031727,1.0
ENSMUSG00000037993,0.816441612263177
ENSMUSG00000031723,0.937823714523224
ENSMUSG00000031722,1.0
ENSMUSG00000031730,0.8743532478140837
ENSMUSG00000048827,1.0
ENSMUSG00000031729,0.6700693285923335
ENSMUSG00000031728,0.742012592373695
ENSMUSG00000069895,0.7388232416385232
ENSMUSG00000031731,0.5906905461299566
ENSMUSG00000078143,1.0
ENSMUSG00000031732,0.6966312731372969
ENSMUSG00000085678,1.0
ENSMUSG00000001672,1.0
ENSMUSG00000001670,1.0
ENSMUSG00000035930,1.0
ENSMUSG00000110507,1.0
ENSMUSG00000044676,0.757550621401059
ENSMUSG00000091041,1.0
ENSMUSG00000095941,1.0
ENSMUSG00000003657,0.635945890494148
ENSMUSG00000046441,0.999788226553851
ENSMUSG00000097409,1.0
ENSMUSG00000059854,1.0
ENSMUSG00000010936,0.7678023711986939
ENSMUSG00000033763,0.523983271703468
ENSMUSG00000031750,0.63427256959354
ENSMUSG00000090039,1.0
ENSMUSG00000085068,1.0
ENSMUSG00000033732,0.6290619011381088
ENSMUSG00000031753,0.6555518149128682
ENSMUSG00000033703,0.8625270019266338
ENSMUSG00000031749,0.6458627786901155
ENSMUSG00000015023,0.7702007234725673
ENSMUSG00000033658,0.807809926767463
ENSMUSG00000031960,0.7053190167559615
ENSMUSG00000109941,
ENSMUSG00000033633,1.0
ENSMUSG00000033624,0.7168576370482027
ENSMUSG00000084808,0.8679315903371516
ENSMUSG00000003316,0.4879173782211032
ENSMUSG00000033596,0.6689811068527795
ENSMUSG00000012519,1.0
ENSMUSG00000033579,0.4338792181742564
ENSMUSG00000031959,0.773354412146638
ENSMUSG00000033545,0.5439808589391849
ENSMUSG00000031958,0.9458236947201762
ENSMUSG00000055835,0.7229875508992872
ENSMUSG00000031957,1.0
ENSMUSG00000031955,0.663640886674256
ENSMUSG00000031954,0.5488922999625652
ENSMUSG00000031953,0.8731401071922437
ENSMUSG00000031952,0.9896338865721888
ENSMUSG00000031951,0.8912749658817578
ENSMUSG00000031950,0.47398306809640245
ENSMUSG00000031949,0.8049717823948536
ENSMUSG00000031948,0.8166756104838452
ENSMUSG00000033430,0.7319831103157621
ENSMUSG00000098075,1.0
ENSMUSG00000031772,0.6615651970685397
ENSMUSG00000110455,0.9754715128127163
ENSMUSG00000110541,1.0
ENSMUSG00000078908,0.8578004377545625
ENSMUSG00000033409,1.0
ENSMUSG00000110582,1.0
ENSMUSG00000053399,0.7707560252866309
ENSMUSG00000031767,0.8736352908609647
ENSMUSG00000046844,0.6752437745795443
ENSMUSG00000084848,1.0
ENSMUSG00000008874,1.0
ENSMUSG00000004637,0.4242639562519909
ENSMUSG00000090217,1.0
ENSMUSG00000089723,1.0
ENSMUSG00000089797,1.0
ENSMUSG00000110592,1.0
ENSMUSG00000055435,0.47376364732874693
ENSMUSG00000086717,1.0
ENSMUSG00000110620,1.0
ENSMUSG00000110476,1.0
ENSMUSG00000110709,1.0
ENSMUSG00000034467,1.0
ENSMUSG00000031758,0.650731894941901
ENSMUSG00000014633,0.7739541547134267
ENSMUSG00000031756,1.0
ENSMUSG00000047388,0.7831516855872067
ENSMUSG00000031847,1.0
ENSMUSG00000034424,0.6916751688313549
ENSMUSG00000034416,1.0
ENSMUSG00000085688,1.0
ENSMUSG00000031845,1.0
ENSMUSG00000052557,0.7460807626259254
ENSMUSG00000034390,0.5211004036244218
ENSMUSG00000034330,0.679857954142077
ENSMUSG00000034308,0.9390480184960125
ENSMUSG00000110459,1.0
ENSMUSG00000110151,1.0
ENSMUSG00000031844,1.0
ENSMUSG00000110494,1.0
ENSMUSG00000031843,0.7671792479259024
ENSMUSG00000031841,0.6586085101530302
ENSMUSG00000110548,1.0
ENSMUSG00000110667,1.0
ENSMUSG00000031839,0.503812753036725
ENSMUSG00000110470,1.0
ENSMUSG00000074064,0.7833024837764394
ENSMUSG00000074063,1.0
ENSMUSG00000031837,0.9159648011623094
ENSMUSG00000034224,1.0
ENSMUSG00000031835,0.6355965738450311
ENSMUSG00000034189,0.790664774421831
ENSMUSG00000031831,1.0
ENSMUSG00000031832,0.9228021679010675
ENSMUSG00000024266,1.0
ENSMUSG00000045246,0.9627573094168761
ENSMUSG00000110453,1.0
ENSMUSG00000023336,0.7625147224480108
ENSMUSG00000034112,1.0
ENSMUSG00000034105,0.9579917738930265
ENSMUSG00000031827,0.5328883864349908
ENSMUSG00000031828,0.915018905701573
ENSMUSG00000031826,0.718062983000723
ENSMUSG00000031825,0.9582975173404733
ENSMUSG00000089776,1.0
ENSMUSG00000031823,0.786852647137239
ENSMUSG00000089742,1.0
ENSMUSG00000097944,0.8312237661263674
ENSMUSG00000031824,0.679064217638334
ENSMUSG00000042269,1.0
ENSMUSG00000097960,0.9967932335211298
ENSMUSG00000031822,0.5572141577069292
ENSMUSG00000097983,1.0
ENSMUSG00000031821,1.0
ENSMUSG00000097773,1.0
ENSMUSG00000097702,1.0
ENSMUSG00000043687,0.6658965049277474
ENSMUSG00000097500,1.0
ENSMUSG00000031819,0.6448744931971199
ENSMUSG00000031818,0.38714653287986545
ENSMUSG00000041515,0.6108320312593578
ENSMUSG00000097087,
ENSMUSG00000101886,
ENSMUSG00000097336,1.0
ENSMUSG00000042812,1.0
ENSMUSG00000031816,0.8159117149210552
ENSMUSG00000046714,1.0
ENSMUSG00000097084,1.0
ENSMUSG00000097097,1.0
ENSMUSG00000097384,1.0
ENSMUSG00000097783,1.0
ENSMUSG00000097438,1.0
ENSMUSG00000031809,1.0
ENSMUSG00000098211,1.0
ENSMUSG00000097424,1.0
ENSMUSG00000052934,0.7514405139114989
ENSMUSG00000031812,0.4919346191232179
ENSMUSG00000061410,0.5845656467472947
ENSMUSG00000098221,1.0
ENSMUSG00000110673,1.0
ENSMUSG00000025318,0.7361716898783519
ENSMUSG00000040263,0.872009086748158
ENSMUSG00000092418,1.0
ENSMUSG00000110631,0.9781102191076866
ENSMUSG00000097812,1.0
ENSMUSG00000040010,0.45388085358847946
ENSMUSG00000074052,1.0
ENSMUSG00000025317,0.9193801087196539
ENSMUSG00000098184,1.0
ENSMUSG00000025316,0.6424816744741941
ENSMUSG00000043903,0.9732161874009898
ENSMUSG00000049577,0.7354474896078158
ENSMUSG00000109957,1.0
ENSMUSG00000039079,1.0
ENSMUSG00000093682,1.0
ENSMUSG00000017478,0.6600668865451917
ENSMUSG00000046108,1.0
ENSMUSG00000006519,0.5956416327654448
ENSMUSG00000006517,0.844368679867642
ENSMUSG00000110656,1.0
ENSMUSG00000006587,1.0
ENSMUSG00000014470,0.6981712246325323
ENSMUSG00000049482,0.9236359859205329
ENSMUSG00000014444,0.7295946088248177
ENSMUSG00000006585,1.0
ENSMUSG00000006589,0.8058984153922454
ENSMUSG00000015027,0.9313736249299248
ENSMUSG00000015013,0.6663209730624751
ENSMUSG00000069867,1.0
ENSMUSG00000006362,0.5634759082692772
ENSMUSG00000090174,1.0
ENSMUSG00000110523,0.8739247797424764
ENSMUSG00000110682,1.0
ENSMUSG00000110716,1.0
ENSMUSG00000015016,0.9502978337949279
ENSMUSG00000031962,0.9881513116031735
ENSMUSG00000110440,1.0
ENSMUSG00000035569,0.4114403581543998
ENSMUSG00000099881,0.6567819815604934
ENSMUSG00000000738,0.6790615081881904
ENSMUSG00000000740,0.24627144811117202
ENSMUSG00000034796,0.9299677572731783
ENSMUSG00000000739,1.0
ENSMUSG00000110537,1.0
ENSMUSG00000019278,1.0
ENSMUSG00000000743,0.6805333933704418
ENSMUSG00000048478,0.999538191190221
ENSMUSG00000033862,0.7631511626774146
ENSMUSG00000033594,0.9235352872408713
ENSMUSG00000097637,1.0
ENSMUSG00000001062,0.733602638466966
ENSMUSG00000001065,0.760352633706551
ENSMUSG00000032815,1.0
ENSMUSG00000010154,0.9597045465777566
ENSMUSG00000001472,0.4402002228568142
ENSMUSG00000074037,0.9760767774873929
ENSMUSG00000062380,0.6897086084966724
ENSMUSG00000001482,0.7927841999176594
ENSMUSG00000031967,0.660262367688754
ENSMUSG00000031970,0.9931302388705938
ENSMUSG00000040220,0.8753317835930109
ENSMUSG00000039960,0.4957973746644
ENSMUSG00000110467,1.0
ENSMUSG00000110599,1.0
ENSMUSG00000097203,1.0
ENSMUSG00000110684,1.0
ENSMUSG00000019478,0.7242797489003251
ENSMUSG00000085030,0.9649552868083827
ENSMUSG00000031971,0.8624540536172645
ENSMUSG00000031972,0.9925204794518055
ENSMUSG00000110547,1.0
ENSMUSG00000039509,0.826618730367988
ENSMUSG00000110615,0.9974466556832331
ENSMUSG00000031974,0.7337483206882155
ENSMUSG00000038697,0.8201366975653176
ENSMUSG00000031976,0.9128688529469259
ENSMUSG00000110704,1.0
ENSMUSG00000089704,0.6246653593332248
ENSMUSG00000089745,1.0
ENSMUSG00000089820,1.0
ENSMUSG00000050751,0.6456648370076902
ENSMUSG00000031979,0.7566937737636993
ENSMUSG00000031980,0.5030957572989236
ENSMUSG00000031981,1.0
ENSMUSG00000031983,0.5192939157954031
ENSMUSG00000037300,0.7315286755326713
ENSMUSG00000031982,0.841167971261734
ENSMUSG00000043068,0.967508181764278
ENSMUSG00000036913,0.8914463481630469
ENSMUSG00000031984,0.6788083168157888
ENSMUSG00000031985,0.6791400285866822
ENSMUSG00000074030,0.8660790144374413
ENSMUSG00000031986,0.8605703051558325
ENSMUSG00000110706,1.0
ENSMUSG00000031987,0.5832483037080164
ENSMUSG00000056820,0.6397112612430372
ENSMUSG00000043051,0.6704398373457464
ENSMUSG00000086694,1.0
ENSMUSG00000001995,0.5522462651389697
ENSMUSG00000110629,1.0
ENSMUSG00000050930,0.9795207662857262
ENSMUSG00000031851,0.6793873548184426
ENSMUSG00000060212,0.7962503933515696
ENSMUSG00000100812,1.0
ENSMUSG00000031853,1.0
ENSMUSG00000033998,0.5841684222335493
ENSMUSG00000110698,1.0
ENSMUSG00000057060,0.6105955630898316
ENSMUSG00000051671,0.7178882498923166
ENSMUSG00000090290,0.847370758342294
ENSMUSG00000097060,0.84538174499468
ENSMUSG00000051495,0.4935685878310102
ENSMUSG00000110626,1.0
ENSMUSG00000110697,1.0
ENSMUSG00000110498,1.0
ENSMUSG00000093904,0.4876247310196469
ENSMUSG00000033931,0.7672563710754156
ENSMUSG00000025812,0.4375295684987437
ENSMUSG00000025810,0.5138371474914506
ENSMUSG00000025809,0.44763342115946003
ENSMUSG00000025808,1.0
ENSMUSG00000102141,
ENSMUSG00000056018,1.0
ENSMUSG00000078840,1.0
ENSMUSG00000071302,0.804937798197956
ENSMUSG00000110605,0.9292782719751875
ENSMUSG00000091028,1.0
ENSMUSG00000096385,1.0
ENSMUSG00000096519,1.0
ENSMUSG00000074564,1.0
ENSMUSG00000095547,1.0
ENSMUSG00000095186,1.0
ENSMUSG00000095891,1.0
ENSMUSG00000096736,1.0
ENSMUSG00000096201,1.0
ENSMUSG00000042360,1.0
ENSMUSG00000110491,1.0
ENSMUSG00000025899,0.6622518979983684
ENSMUSG00000025898,0.5634748419362245
ENSMUSG00000041624,0.5364907230858794
ENSMUSG00000025894,0.7929230796938719
ENSMUSG00000025893,0.7926369181250897
ENSMUSG00000041124,0.7199295017181113
ENSMUSG00000025892,0.4156938890229916
ENSMUSG00000025888,1.0
ENSMUSG00000033538,0.9118174225267591
ENSMUSG00000025887,1.0
ENSMUSG00000032006,0.46874126774705277
ENSMUSG00000047619,1.0
ENSMUSG00000047193,0.6053899915534479
ENSMUSG00000032002,0.5985568579979013
ENSMUSG00000050578,1.0
ENSMUSG00000049723,1.0
ENSMUSG00000041620,1.0
ENSMUSG00000043613,1.0
ENSMUSG00000047562,1.0
ENSMUSG00000005800,1.0
ENSMUSG00000070323,1.0
ENSMUSG00000018620,1.0
ENSMUSG00000086381,1.0
ENSMUSG00000018623,1.0
ENSMUSG00000050912,0.6618271495439503
ENSMUSG00000057367,0.6551110786737353
ENSMUSG00000032000,0.6839156869994512
ENSMUSG00000053110,0.7058187615566458
ENSMUSG00000092185,1.0
ENSMUSG00000110161,1.0
ENSMUSG00000053070,0.9173080385797231
ENSMUSG00000040729,0.775928792681773
ENSMUSG00000031997,0.9581041841635486
ENSMUSG00000111602,1.0
ENSMUSG00000031870,0.9510818315841749
ENSMUSG00000050730,0.5520601445552188
ENSMUSG00000085253,0.9701483765688887
ENSMUSG00000111061,1.0
ENSMUSG00000111284,1.0
ENSMUSG00000039488,0.6377743353854248
ENSMUSG00000109590,1.0
ENSMUSG00000110951,1.0
ENSMUSG00000111691,1.0
ENSMUSG00000111503,1.0
ENSMUSG00000111830,1.0
ENSMUSG00000111285,1.0
ENSMUSG00000079083,0.7950142608862694
ENSMUSG00000079084,0.6526924362049793
ENSMUSG00000031925,0.36155884734233606
ENSMUSG00000090592,1.0
ENSMUSG00000031918,0.6041382550524347
ENSMUSG00000031922,0.7510665413596839
ENSMUSG00000037808,0.6571135463526908
ENSMUSG00000111100,1.0
ENSMUSG00000111871,1.0
ENSMUSG00000111489,1.0
ENSMUSG00000111479,1.0
ENSMUSG00000111803,1.0
ENSMUSG00000111695,1.0
ENSMUSG00000111097,1.0
ENSMUSG00000032009,0.5294505805729841
ENSMUSG00000111555,1.0
ENSMUSG00000037419,0.518453601181563
ENSMUSG00000111786,1.0
ENSMUSG00000053914,0.9680420985538666
ENSMUSG00000004096,0.5258675084364491
ENSMUSG00000013076,0.6127837601518837
ENSMUSG00000111198,1.0
ENSMUSG00000111085,1.0
ENSMUSG00000036912,1.0
ENSMUSG00000074508,1.0
ENSMUSG00000049307,1.0
ENSMUSG00000031927,1.0
ENSMUSG00000031931,0.7584106759053363
ENSMUSG00000031928,0.7678111372103945
ENSMUSG00000090023,1.0
ENSMUSG00000031932,0.9917373477682908
ENSMUSG00000031933,1.0
ENSMUSG00000110766,1.0
ENSMUSG00000031934,0.9675075428461508
ENSMUSG00000031936,1.0
ENSMUSG00000031937,0.9714653472685892
ENSMUSG00000031935,0.7403020231323459
ENSMUSG00000031938,0.7013570579413133
ENSMUSG00000031939,0.6118790334809198
ENSMUSG00000046111,0.7018844841975016
ENSMUSG00000089702,1.0
ENSMUSG00000111763,1.0
ENSMUSG00000058173,0.7142471104988465
ENSMUSG00000039977,1.0
ENSMUSG00000111299,1.0
ENSMUSG00000043885,0.7773198105392475
ENSMUSG00000050901,1.0
ENSMUSG00000074505,0.4466381345742725
ENSMUSG00000001774,0.5912566808984329
ENSMUSG00000043943,0.9075168819872491
ENSMUSG00000074502,1.0
ENSMUSG00000047508,1.0
ENSMUSG00000074500,1.0
ENSMUSG00000038691,1.0
ENSMUSG00000109564,1.0
ENSMUSG00000054141,1.0
ENSMUSG00000078116,
ENSMUSG00000051414,1.0
ENSMUSG00000062868,
ENSMUSG00000095957,1.0
ENSMUSG00000095525,
ENSMUSG00000045204,1.0
ENSMUSG00000059303,
ENSMUSG00000110621,1.0
ENSMUSG00000110519,1.0
ENSMUSG00000048391,1.0
ENSMUSG00000049229,
ENSMUSG00000061614,1.0
ENSMUSG00000058692,
ENSMUSG00000059821,1.0
ENSMUSG00000052182,
ENSMUSG00000094535,
ENSMUSG00000052625,1.0
ENSMUSG00000051160,1.0
ENSMUSG00000095667,
ENSMUSG00000043087,
ENSMUSG00000057551,0.7777909734390052
ENSMUSG00000094678,1.0
ENSMUSG00000058659,1.0
ENSMUSG00000095448,1.0
ENSMUSG00000110511,1.0
ENSMUSG00000066905,1.0
ENSMUSG00000063842,
ENSMUSG00000051118,1.0
ENSMUSG00000050803,
ENSMUSG00000044454,1.0
ENSMUSG00000044106,1.0
ENSMUSG00000058491,1.0
ENSMUSG00000066899,1.0
ENSMUSG00000061457,
ENSMUSG00000066897,1.0
ENSMUSG00000059623,1.0
ENSMUSG00000049028,1.0
ENSMUSG00000066896,1.0
ENSMUSG00000045519,0.6845199308867129
ENSMUSG00000063108,0.7508528564012333
ENSMUSG00000059475,0.7189492963000281
ENSMUSG00000060510,0.5980293108998228
ENSMUSG00000058192,0.6989888646265524
ENSMUSG00000062470,0.9346218210507765
ENSMUSG00000066892,0.7322423140008553
ENSMUSG00000084786,0.4858901125102895
ENSMUSG00000032171,0.6700113973632743
ENSMUSG00000032172,0.7633405996546454
ENSMUSG00000004098,0.9136758062633752
ENSMUSG00000053773,1.0
ENSMUSG00000038884,0.7939311066278265
ENSMUSG00000038742,0.9015567609509525
ENSMUSG00000004100,0.8897225314449875
ENSMUSG00000070319,0.7172550815099048
ENSMUSG00000004099,0.76636182169104
ENSMUSG00000043895,0.957654008994008
ENSMUSG00000003299,0.710157950959543
ENSMUSG00000037405,0.7318989272941432
ENSMUSG00000110790,1.0
ENSMUSG00000001014,1.0
ENSMUSG00000032174,0.9379969436241393
ENSMUSG00000097535,1.0
ENSMUSG00000079681,1.0
ENSMUSG00000079677,0.6911979282328927
ENSMUSG00000086016,0.7311379474884098
ENSMUSG00000032175,0.754576978019818
ENSMUSG00000019471,0.6240438862563804
ENSMUSG00000032177,0.6943484025130175
ENSMUSG00000097439,1.0
ENSMUSG00000003308,0.6992447427303475
ENSMUSG00000045087,0.7021559615340235
ENSMUSG00000002820,0.7295293929709137
ENSMUSG00000035047,0.7826326191154375
ENSMUSG00000096472,0.7223552065483777
ENSMUSG00000003309,1.0
ENSMUSG00000111172,1.0
ENSMUSG00000057193,0.6740059144112235
ENSMUSG00000110915,0.8958168747589675
ENSMUSG00000032178,0.6655477428182635
ENSMUSG00000097665,1.0
ENSMUSG00000002825,0.7778925686493853
ENSMUSG00000033335,0.4849287507954218
ENSMUSG00000032180,0.778578148114778
ENSMUSG00000057191,1.0
ENSMUSG00000032185,0.7035792936553696
ENSMUSG00000032182,0.8575974065611476
ENSMUSG00000048429,0.7520385950275364
ENSMUSG00000032187,0.5874493356464797
ENSMUSG00000097155,1.0
ENSMUSG00000032193,0.6696642873702886
ENSMUSG00000074476,1.0
ENSMUSG00000032194,0.651135558261216
ENSMUSG00000032198,0.5152372977124101
ENSMUSG00000047822,1.0
ENSMUSG00000019066,0.9993209872658416
ENSMUSG00000040883,0.7464297729285121
ENSMUSG00000006241,0.9614749622361893
ENSMUSG00000040563,0.7464706473776443
ENSMUSG00000051238,0.970251284798326
ENSMUSG00000006235,1.0
ENSMUSG00000040146,0.820068231518159
ENSMUSG00000039632,1.0
ENSMUSG00000003402,0.6619495608966177
ENSMUSG00000003410,0.4148145606046731
ENSMUSG00000038895,0.7892077392948439
ENSMUSG00000096981,0.9558182812132009
ENSMUSG00000066839,0.7534507117022718
ENSMUSG00000001349,1.0
ENSMUSG00000013822,0.6513330591112677
ENSMUSG00000111856,1.0
ENSMUSG00000001348,1.0
ENSMUSG00000010607,0.6148988948004147
ENSMUSG00000074472,1.0
ENSMUSG00000090925,1.0
ENSMUSG00000057982,0.7133592812764554
ENSMUSG00000062794,1.0
ENSMUSG00000111205,1.0
ENSMUSG00000066829,0.8019736353293229
ENSMUSG00000036777,0.5754176713068163
ENSMUSG00000111069,1.0
ENSMUSG00000032239,0.5496586160019321
ENSMUSG00000036411,0.8459936236976129
ENSMUSG00000091159,0.9835855286052209
ENSMUSG00000035919,0.5139505063433274
ENSMUSG00000031963,0.8737772333219974
ENSMUSG00000110848,1.0
ENSMUSG00000043659,0.9913105522458364
ENSMUSG00000085969,1.0
ENSMUSG00000074465,0.8650584038220229
ENSMUSG00000043067,0.5062779392004694
ENSMUSG00000111365,1.0
ENSMUSG00000085576,1.0
ENSMUSG00000047995,1.0
ENSMUSG00000031965,1.0
ENSMUSG00000111275,1.0
ENSMUSG00000111866,1.0
ENSMUSG00000111751,1.0
ENSMUSG00000066810,
ENSMUSG00000008429,0.6557812968400824
ENSMUSG00000100002,0.9343613460818151
ENSMUSG00000001833,0.33342774613976056
ENSMUSG00000036611,0.7875019079213541
ENSMUSG00000110866,1.0
ENSMUSG00000111240,1.0
ENSMUSG00000111066,1.0
ENSMUSG00000110901,1.0
ENSMUSG00000045994,0.7568775441050458
ENSMUSG00000036395,1.0
ENSMUSG00000031966,1.0
ENSMUSG00000079644,1.0
ENSMUSG00000031969,0.781663641777338
ENSMUSG00000035443,0.768077065451987
ENSMUSG00000031988,0.743146224011478
ENSMUSG00000035024,0.6851625323688177
ENSMUSG00000031990,0.5462822161200586
ENSMUSG00000111390,1.0
ENSMUSG00000110836,1.0
ENSMUSG00000111387,1.0
ENSMUSG00000034275,0.7036574220703586
ENSMUSG00000031991,1.0
ENSMUSG00000111694,1.0
ENSMUSG00000110851,1.0
ENSMUSG00000062257,0.425500906770458
ENSMUSG00000087531,1.0
ENSMUSG00000110741,0.8947165126974241
ENSMUSG00000059974,0.285747731834094
ENSMUSG00000085449,0.9539943816445181
ENSMUSG00000085638,1.0
ENSMUSG00000111304,1.0
ENSMUSG00000111109,1.0
ENSMUSG00000031993,0.7125135800416912
ENSMUSG00000111413,1.0
ENSMUSG00000111867,1.0
ENSMUSG00000033453,1.0
ENSMUSG00000031994,1.0
ENSMUSG00000111673,1.0
ENSMUSG00000047412,0.6613887634964133
ENSMUSG00000097701,1.0
ENSMUSG00000031995,1.0
ENSMUSG00000031996,0.3986300424315984
ENSMUSG00000111246,1.0
ENSMUSG00000042496,0.6493641086918623
ENSMUSG00000042185,0.733949251149426
ENSMUSG00000041737,1.0
ENSMUSG00000111655,1.0
ENSMUSG00000111853,1.0
ENSMUSG00000110853,1.0
ENSMUSG00000032033,1.0
ENSMUSG00000110813,1.0
ENSMUSG00000111771,1.0
ENSMUSG00000041444,0.556461725078842
ENSMUSG00000032034,1.0
ENSMUSG00000111056,1.0
ENSMUSG00000041248,1.0
ENSMUSG00000016087,0.40538315436601646
ENSMUSG00000098645,1.0
ENSMUSG00000110844,1.0
ENSMUSG00000032035,0.5015924632515765
ENSMUSG00000098843,1.0
ENSMUSG00000099148,1.0
ENSMUSG00000099025,1.0
ENSMUSG00000098519,1.0
ENSMUSG00000111645,1.0
ENSMUSG00000111467,1.0
ENSMUSG00000111878,1.0
ENSMUSG00000111276,1.0
ENSMUSG00000111265,1.0
ENSMUSG00000110771,1.0
ENSMUSG00000098358,1.0
ENSMUSG00000098758,0.9262380104354926
ENSMUSG00000110925,1.0
ENSMUSG00000032036,0.35988705737379273
ENSMUSG00000053889,1.0
ENSMUSG00000032038,0.4995764458123427
ENSMUSG00000070315,0.7194440880457998
ENSMUSG00000032040,0.7463195795436633
ENSMUSG00000032041,0.8239709317273286
ENSMUSG00000110774,1.0
ENSMUSG00000032042,0.5857635379076089
ENSMUSG00000039048,0.848598183513432
ENSMUSG00000050471,0.7074490960172973
ENSMUSG00000032044,0.9596051260396523
ENSMUSG00000111746,1.0
ENSMUSG00000111059,1.0
ENSMUSG00000038119,0.8066265740029157
ENSMUSG00000098590,1.0
ENSMUSG00000032101,0.9305792772510418
ENSMUSG00000032103,0.8602066967344801
ENSMUSG00000050555,1.0
ENSMUSG00000074452,0.9995662244997217
ENSMUSG00000032099,1.0
ENSMUSG00000094995,1.0
ENSMUSG00000091215,1.0
ENSMUSG00000091174,1.0
ENSMUSG00000090738,1.0
ENSMUSG00000032108,1.0
ENSMUSG00000047980,1.0
ENSMUSG00000098705,1.0
ENSMUSG00000078934,1.0
ENSMUSG00000099201,1.0
ENSMUSG00000091411,1.0
ENSMUSG00000098390,1.0
ENSMUSG00000023093,
ENSMUSG00000090710,1.0
ENSMUSG00000074448,1.0
ENSMUSG00000091248,
ENSMUSG00000070313,1.0
ENSMUSG00000098304,1.0
ENSMUSG00000032110,1.0
ENSMUSG00000032113,1.0
ENSMUSG00000032116,0.6468897979192884
ENSMUSG00000096993,0.9308904658417547
ENSMUSG00000062762,0.5712708394899563
ENSMUSG00000032118,0.4823532511459108
ENSMUSG00000035934,0.6928006811175231
ENSMUSG00000093721,1.0
ENSMUSG00000110722,1.0
ENSMUSG00000032121,0.7973515519782512
ENSMUSG00000032122,0.8258778390173332
ENSMUSG00000111797,1.0
ENSMUSG00000111439,1.0
ENSMUSG00000034303,0.845374837531253
ENSMUSG00000111748,1.0
ENSMUSG00000046240,0.38312947816419934
ENSMUSG00000032125,0.751474251850763
ENSMUSG00000032128,1.0
ENSMUSG00000042138,0.6561002750952423
ENSMUSG00000001946,0.5270438504696967
ENSMUSG00000001943,1.0
ENSMUSG00000053310,0.5158018533405188
ENSMUSG00000001942,0.7969252654748057
ENSMUSG00000001948,0.9701203576701054
ENSMUSG00000011114,0.7572972169049759
ENSMUSG00000011118,1.0
ENSMUSG00000061165,1.0
ENSMUSG00000063350,1.0
ENSMUSG00000058628,1.0
ENSMUSG00000066750,1.0
ENSMUSG00000066749,1.0
ENSMUSG00000066748,1.0
ENSMUSG00000066747,1.0
ENSMUSG00000060583,1.0
ENSMUSG00000094461,1.0
ENSMUSG00000095893,1.0
ENSMUSG00000096424,
ENSMUSG00000096167,1.0
ENSMUSG00000095527,1.0
ENSMUSG00000096356,1.0
ENSMUSG00000096409,1.0
ENSMUSG00000045528,
ENSMUSG00000093901,1.0
ENSMUSG00000070311,
ENSMUSG00000094778,1.0
ENSMUSG00000096427,1.0
ENSMUSG00000111814,1.0
ENSMUSG00000058270,1.0
ENSMUSG00000094588,1.0
ENSMUSG00000049864,1.0
ENSMUSG00000096757,1.0
ENSMUSG00000049098,1.0
ENSMUSG00000052058,1.0
ENSMUSG00000049334,1.0
ENSMUSG00000094380,1.0
ENSMUSG00000096794,1.0
ENSMUSG00000039962,1.0
ENSMUSG00000094810,1.0
ENSMUSG00000062621,1.0
ENSMUSG00000060114,
ENSMUSG00000111448,1.0
ENSMUSG00000059189,1.0
ENSMUSG00000047050,1.0
ENSMUSG00000094701,1.0
ENSMUSG00000063225,
ENSMUSG00000046150,1.0
ENSMUSG00000056961,1.0
ENSMUSG00000023186,0.7249969508531947
ENSMUSG00000061039,1.0
ENSMUSG00000049926,1.0
ENSMUSG00000043911,1.0
ENSMUSG00000044798,1.0
ENSMUSG00000062103,1.0
ENSMUSG00000047667,
ENSMUSG00000064333,
ENSMUSG00000063221,
ENSMUSG00000058515,
ENSMUSG00000057424,1.0
ENSMUSG00000059595,1.0
ENSMUSG00000058820,
ENSMUSG00000094182,
ENSMUSG00000048501,
ENSMUSG00000049708,1.0
ENSMUSG00000094970,1.0
ENSMUSG00000096555,1.0
ENSMUSG00000096109,1.0
ENSMUSG00000063380,1.0
ENSMUSG00000057349,1.0
ENSMUSG00000094269,1.0
ENSMUSG00000058856,1.0
ENSMUSG00000094745,1.0
ENSMUSG00000063176,
ENSMUSG00000062649,1.0
ENSMUSG00000095322,1.0
ENSMUSG00000050853,1.0
ENSMUSG00000059366,1.0
ENSMUSG00000038112,0.9920529537869393
ENSMUSG00000048299,1.0
ENSMUSG00000059867,
ENSMUSG00000059106,1.0
ENSMUSG00000064110,1.0
ENSMUSG00000062121,1.0
ENSMUSG00000095839,1.0
ENSMUSG00000094353,1.0
ENSMUSG00000055820,1.0
ENSMUSG00000095903,1.0
ENSMUSG00000094254,1.0
ENSMUSG00000095774,1.0
ENSMUSG00000093934,1.0
ENSMUSG00000094449,1.0
ENSMUSG00000095390,1.0
ENSMUSG00000051493,1.0
ENSMUSG00000043331,1.0
ENSMUSG00000047352,1.0
ENSMUSG00000044292,1.0
ENSMUSG00000059473,1.0
ENSMUSG00000060254,1.0
ENSMUSG00000046678,1.0
ENSMUSG00000049010,1.0
ENSMUSG00000044205,1.0
ENSMUSG00000045812,1.0
ENSMUSG00000049073,1.0
ENSMUSG00000040541,1.0
ENSMUSG00000051095,1.0
ENSMUSG00000025602,0.9803978069913319
ENSMUSG00000049281,0.8503757507727547
ENSMUSG00000040111,0.5372912707753665
ENSMUSG00000087047,0.9999585764312342
ENSMUSG00000111323,1.0
ENSMUSG00000111271,1.0
ENSMUSG00000097205,1.0
ENSMUSG00000110922,1.0
ENSMUSG00000111858,1.0
ENSMUSG00000111504,1.0
ENSMUSG00000110992,1.0
ENSMUSG00000094204,1.0
ENSMUSG00000032024,0.7661815773430409
ENSMUSG00000111794,1.0
ENSMUSG00000086014,1.0
ENSMUSG00000111189,1.0
ENSMUSG00000087135,1.0
ENSMUSG00000015656,0.35426528842366084
ENSMUSG00000054360,1.0
ENSMUSG00000032023,1.0
ENSMUSG00000032021,0.7932572489622812
ENSMUSG00000032020,0.45661345445330775
ENSMUSG00000110747,1.0
ENSMUSG00000100837,0.874642651858614
ENSMUSG00000074415,0.42610743663548145
ENSMUSG00000111593,0.7113726278828916
ENSMUSG00000111854,1.0
ENSMUSG00000100158,1.0
ENSMUSG00000110727,1.0
ENSMUSG00000110862,0.9852722804312454
ENSMUSG00000111511,1.0
ENSMUSG00000110981,1.0
ENSMUSG00000111156,1.0
ENSMUSG00000111726,1.0
ENSMUSG00000049313,0.5249746628304773
ENSMUSG00000086360,1.0
ENSMUSG00000111167,1.0
ENSMUSG00000111767,1.0
ENSMUSG00000032018,0.6522756666076206
ENSMUSG00000111074,1.0
ENSMUSG00000037705,1.0
ENSMUSG00000110937,1.0
ENSMUSG00000037287,0.6135321981384538
ENSMUSG00000087456,1.0
ENSMUSG00000032017,0.7173276019572224
ENSMUSG00000110749,1.0
ENSMUSG00000059495,0.38794718818431195
ENSMUSG00000048503,0.868422676894962
ENSMUSG00000032015,1.0
ENSMUSG00000032014,0.716555738069921
ENSMUSG00000095385,0.999995049171241
ENSMUSG00000032013,1.0
ENSMUSG00000110823,1.0
ENSMUSG00000111829,1.0
ENSMUSG00000100836,1.0
ENSMUSG00000111110,0.8589814411825968
ENSMUSG00000110988,1.0
ENSMUSG00000111400,1.0
ENSMUSG00000111334,1.0
ENSMUSG00000032012,0.652213879791347
ENSMUSG00000096322,1.0
ENSMUSG00000111758,1.0
ENSMUSG00000111637,1.0
ENSMUSG00000111283,1.0
ENSMUSG00000111229,1.0
ENSMUSG00000032011,0.6913043342943815
ENSMUSG00000111409,0.9316290913155841
ENSMUSG00000111415,1.0
ENSMUSG00000032010,0.5462062392036572
ENSMUSG00000053128,0.8566353089545081
ENSMUSG00000034739,1.0
ENSMUSG00000079592,1.0
ENSMUSG00000092258,1.0
ENSMUSG00000097467,1.0
ENSMUSG00000097617,0.9329913391773892
ENSMUSG00000032135,0.6388885966387368
ENSMUSG00000034342,0.5173116876742233
ENSMUSG00000070306,1.0
ENSMUSG00000032105,1.0
ENSMUSG00000032109,0.941955911084484
ENSMUSG00000032131,0.8459035374831174
ENSMUSG00000111291,1.0
ENSMUSG00000032119,0.8277279245267715
ENSMUSG00000032120,0.758273670031682
ENSMUSG00000032123,0.8199220908148638
ENSMUSG00000110740,1.0
ENSMUSG00000049932,0.8290169830204592
ENSMUSG00000032126,0.8471388532326941
ENSMUSG00000032127,0.7344181080509125
ENSMUSG00000032115,0.7562773039802234
ENSMUSG00000032114,0.844574593351266
ENSMUSG00000032112,0.6529530113905851
ENSMUSG00000009927,0.34338910818647383
ENSMUSG00000043923,0.8436901078204063
ENSMUSG00000111849,1.0
ENSMUSG00000074397,1.0
ENSMUSG00000041523,1.0
ENSMUSG00000060380,0.9729609917510085
ENSMUSG00000110980,1.0
ENSMUSG00000063382,0.6384099231601498
ENSMUSG00000047880,1.0
ENSMUSG00000111378,1.0
ENSMUSG00000110721,1.0
ENSMUSG00000111656,1.0
ENSMUSG00000032097,0.46849085310646565
ENSMUSG00000110755,1.0
ENSMUSG00000032098,1.0
ENSMUSG00000048537,0.44846011472203284
ENSMUSG00000032096,0.5894841771561016
ENSMUSG00000002031,0.765423545962926
ENSMUSG00000002032,0.8641441950944557
ENSMUSG00000110750,1.0
ENSMUSG00000039438,1.0
ENSMUSG00000002028,0.4698999153245266
ENSMUSG00000110773,0.9030320951223727
ENSMUSG00000038717,0.4399018862384899
ENSMUSG00000111082,1.0
ENSMUSG00000059890,0.5911824509584578
ENSMUSG00000002033,1.0
ENSMUSG00000032094,1.0
ENSMUSG00000032093,1.0
ENSMUSG00000111203,1.0
ENSMUSG00000032092,1.0
ENSMUSG00000070305,0.9572500532767038
ENSMUSG00000048534,1.0
ENSMUSG00000074385,1.0
ENSMUSG00000070304,0.638409729425407
ENSMUSG00000046480,0.9394261276731908
ENSMUSG00000111811,1.0
ENSMUSG00000032091,1.0
ENSMUSG00000091659,1.0
ENSMUSG00000091996,1.0
ENSMUSG00000032089,0.5704741615050213
ENSMUSG00000085831,1.0
ENSMUSG00000037129,1.0
ENSMUSG00000066705,0.6874877427154747
ENSMUSG00000059412,1.0
ENSMUSG00000097074,1.0
ENSMUSG00000032087,0.46980753219061955
ENSMUSG00000043987,0.6773344587690443
ENSMUSG00000032086,0.5699326550821439
ENSMUSG00000089810,0.8252568899006104
ENSMUSG00000042790,0.6379703320407404
ENSMUSG00000035382,0.6712328268767558
ENSMUSG00000032085,1.0
ENSMUSG00000111521,1.0
ENSMUSG00000034908,0.6569706495880305
ENSMUSG00000111329,1.0
ENSMUSG00000003131,0.5715377734117048
ENSMUSG00000034135,0.38565600298355385
ENSMUSG00000032083,1.0
ENSMUSG00000032081,1.0
ENSMUSG00000032080,1.0
ENSMUSG00000074373,
ENSMUSG00000032079,1.0
ENSMUSG00000111403,1.0
ENSMUSG00000032078,0.840004234644832
ENSMUSG00000032077,0.879610499658032
ENSMUSG00000056617,1.0
ENSMUSG00000111126,1.0
ENSMUSG00000097463,1.0
ENSMUSG00000110864,1.0
ENSMUSG00000110802,1.0
ENSMUSG00000111115,1.0
ENSMUSG00000110767,1.0
ENSMUSG00000111649,1.0
ENSMUSG00000111800,1.0
ENSMUSG00000111236,1.0
ENSMUSG00000099696,0.66248370931197
ENSMUSG00000111482,1.0
ENSMUSG00000094893,1.0
ENSMUSG00000111669,1.0
ENSMUSG00000109844,1.0
ENSMUSG00000032076,0.38627791765625
ENSMUSG00000111117,1.0
ENSMUSG00000110924,1.0
ENSMUSG00000044229,0.5271352375198078
ENSMUSG00000032028,0.8002689868339874
ENSMUSG00000032026,0.6091632313239138
ENSMUSG00000042396,0.6684978234721201
ENSMUSG00000042293,0.8207547632669717
ENSMUSG00000032271,1.0
ENSMUSG00000066687,0.48678756674681795
ENSMUSG00000111570,1.0
ENSMUSG00000032269,1.0
ENSMUSG00000008590,1.0
ENSMUSG00000032267,0.7512666614439218
ENSMUSG00000105991,1.0
ENSMUSG00000032264,0.8105307372810475
ENSMUSG00000032268,0.9561157665000045
ENSMUSG00000054156,1.0
ENSMUSG00000032259,0.9768431442065887
ENSMUSG00000032257,1.0
ENSMUSG00000040219,0.8775859992651689
ENSMUSG00000039542,0.3354845272959016
ENSMUSG00000079564,0.7372504848405772
ENSMUSG00000111682,1.0
ENSMUSG00000110916,1.0
ENSMUSG00000111359,1.0
ENSMUSG00000058443,0.975453363148623
ENSMUSG00000101304,1.0
ENSMUSG00000032068,1.0
ENSMUSG00000032067,0.6560019125931952
ENSMUSG00000111654,1.0
ENSMUSG00000032066,0.9317774123778373
ENSMUSG00000039217,0.5344715906142244
ENSMUSG00000032065,1.0
ENSMUSG00000000171,0.6652915191826825
ENSMUSG00000039016,0.5499038821591891
ENSMUSG00000059820,0.7637916687565719
ENSMUSG00000000167,1.0
ENSMUSG00000000168,0.638205857625119
ENSMUSG00000032064,0.5090130284599659
ENSMUSG00000032062,1.0
ENSMUSG00000038086,1.0
ENSMUSG00000032060,0.35018894765630126
ENSMUSG00000037971,0.6765120933227088
ENSMUSG00000037845,0.9374930706294367
ENSMUSG00000032059,0.7485157122686598
ENSMUSG00000032058,0.809010408990718
ENSMUSG00000037112,0.5368025003189183
ENSMUSG00000060594,0.7936603447967171
ENSMUSG00000032056,1.0
ENSMUSG00000032057,1.0
ENSMUSG00000110266,1.0
ENSMUSG00000032053,1.0
ENSMUSG00000111862,1.0
ENSMUSG00000079559,1.0
ENSMUSG00000044694,1.0
ENSMUSG00000036027,1.0
ENSMUSG00000078308,1.0
ENSMUSG00000053199,0.7666393217534313
ENSMUSG00000074354,1.0
ENSMUSG00000111357,1.0
ENSMUSG00000111836,1.0
ENSMUSG00000032051,0.7348777415999419
ENSMUSG00000032050,0.45018674377882223
ENSMUSG00000035164,0.7034669900762608
ENSMUSG00000111561,1.0
ENSMUSG00000111780,1.0
ENSMUSG00000111520,1.0
ENSMUSG00000078307,0.8101287623494587
ENSMUSG00000111020,1.0
ENSMUSG00000053289,0.7009811668882018
ENSMUSG00000032048,1.0
ENSMUSG00000034584,0.7287806757682191
ENSMUSG00000034487,0.8228383548077579
ENSMUSG00000005131,1.0
ENSMUSG00000034218,0.7126005341418163
ENSMUSG00000033054,0.6695441922193555
ENSMUSG00000032047,0.6224137598375907
ENSMUSG00000032030,0.5780282081115704
ENSMUSG00000086914,0.7737679314759295
ENSMUSG00000055069,0.8429961132706723
ENSMUSG00000042195,0.9099866842954689
ENSMUSG00000042045,1.0
ENSMUSG00000041986,0.6652369119447217
ENSMUSG00000074345,1.0
ENSMUSG00000111379,1.0
ENSMUSG00000032274,1.0
ENSMUSG00000074343,1.0
ENSMUSG00000046167,1.0
ENSMUSG00000041268,0.6252554873528436
ENSMUSG00000046460,1.0
ENSMUSG00000037493,0.8477479782281677
ENSMUSG00000032279,0.6916564373431231
ENSMUSG00000032281,0.4786128006070717
ENSMUSG00000032285,0.7833029120217331
ENSMUSG00000061559,0.7220493185159993
ENSMUSG00000032291,1.0
ENSMUSG00000032293,0.621268256472969
ENSMUSG00000035878,0.8877081659322613
ENSMUSG00000044820,1.0
ENSMUSG00000032301,0.6540342809859854
ENSMUSG00000035594,1.0
ENSMUSG00000032303,1.0
ENSMUSG00000035200,1.0
ENSMUSG00000111050,1.0
ENSMUSG00000111157,1.0
ENSMUSG00000032307,0.6364110530728712
ENSMUSG00000032309,0.7441492301209092
ENSMUSG00000032311,0.9957188498496695
ENSMUSG00000032313,0.7001280774297561
ENSMUSG00000032314,0.6516260219129709
ENSMUSG00000032318,1.0
ENSMUSG00000090270,1.0
ENSMUSG00000034007,0.5029881314688538
ENSMUSG00000050702,1.0
ENSMUSG00000032320,0.5228345712236827
ENSMUSG00000032322,1.0
ENSMUSG00000032324,0.4747547269822836
ENSMUSG00000074305,0.5443960657583209
ENSMUSG00000099543,1.0
ENSMUSG00000097111,1.0
ENSMUSG00000032329,0.5386497564940838
ENSMUSG00000110821,
ENSMUSG00000097870,1.0
ENSMUSG00000049556,0.7627764161173232
ENSMUSG00000111037,1.0
ENSMUSG00000045620,1.0
ENSMUSG00000032911,0.6243912043181046
ENSMUSG00000110888,1.0
ENSMUSG00000032733,0.7840060601816174
ENSMUSG00000111629,1.0
ENSMUSG00000032288,0.6417104029858934
ENSMUSG00000055334,0.7711838125225695
ENSMUSG00000032290,0.5313270982007245
ENSMUSG00000074284,0.8817413240799565
ENSMUSG00000042557,0.689728465018119
ENSMUSG00000086728,0.7336145169770294
ENSMUSG00000032295,0.7940768209186153
ENSMUSG00000032298,0.9201806382650574
ENSMUSG00000032299,0.731340574719546
ENSMUSG00000100282,1.0
ENSMUSG00000070298,1.0
ENSMUSG00000032300,0.65477129023738
ENSMUSG00000063849,0.6318205632918341
ENSMUSG00000040722,0.5341846788134638
ENSMUSG00000062309,0.9865119942864572
ENSMUSG00000000088,0.5246619010642148
ENSMUSG00000097445,0.9490393167637454
ENSMUSG00000032305,0.7593552438722908
ENSMUSG00000032306,0.8830130129097349
ENSMUSG00000040188,0.5516258991919512
ENSMUSG00000032308,0.9042798004059455
ENSMUSG00000039714,1.0
ENSMUSG00000056271,1.0
ENSMUSG00000032312,0.6349484941818162
ENSMUSG00000032310,1.0
ENSMUSG00000032315,1.0
ENSMUSG00000038957,0.7626562551370281
ENSMUSG00000032316,0.739833365379201
ENSMUSG00000091908,0.7751506115445818
ENSMUSG00000004661,0.7524230463503386
ENSMUSG00000055720,0.7633349685771047
ENSMUSG00000038264,0.5501905941739735
ENSMUSG00000097604,1.0
ENSMUSG00000032323,1.0
ENSMUSG00000037716,1.0
ENSMUSG00000086624,1.0
ENSMUSG00000032327,1.0
ENSMUSG00000085753,1.0
ENSMUSG00000037206,0.950639557998774
ENSMUSG00000051243,0.963832785606842
ENSMUSG00000036986,0.8033625328708202
ENSMUSG00000032333,0.8176418977612264
ENSMUSG00000032334,0.9955584786701115
ENSMUSG00000036244,1.0
ENSMUSG00000100487,1.0
ENSMUSG00000097651,1.0
ENSMUSG00000066607,0.7995465743579834
ENSMUSG00000035914,0.9179884385551349
ENSMUSG00000032336,0.491909191767513
ENSMUSG00000074269,0.9777614163927185
ENSMUSG00000032338,1.0
ENSMUSG00000032340,0.48215900878237755
ENSMUSG00000111846,0.8001651821794982
ENSMUSG00000110789,1.0
ENSMUSG00000025236,0.8312260138810088
ENSMUSG00000025235,0.8175577908387524
ENSMUSG00000025234,0.4719093088922572
ENSMUSG00000111852,1.0
ENSMUSG00000049526,1.0
ENSMUSG00000025232,0.6048852611200219
ENSMUSG00000032297,0.953854869197953
ENSMUSG00000025237,0.7064906116330718
ENSMUSG00000032294,0.4859036254799452
ENSMUSG00000074259,1.0
ENSMUSG00000051705,0.7594343555830961
ENSMUSG00000039585,0.47336442086024816
ENSMUSG00000110803,0.6981735035099808
ENSMUSG00000032292,1.0
ENSMUSG00000084913,1.0
ENSMUSG00000084847,1.0
ENSMUSG00000032289,0.7462789186860906
ENSMUSG00000111296,1.0
ENSMUSG00000111761,1.0
ENSMUSG00000111809,1.0
ENSMUSG00000047766,0.6318204448871004
ENSMUSG00000034839,0.7642137553788957
ENSMUSG00000095956,1.0
ENSMUSG00000034485,0.670254136525628
ENSMUSG00000052143,1.0
ENSMUSG00000111444,1.0
ENSMUSG00000111290,1.0
ENSMUSG00000111147,1.0
ENSMUSG00000111180,1.0
ENSMUSG00000111169,1.0
ENSMUSG00000111354,1.0
ENSMUSG00000111807,1.0
ENSMUSG00000110998,1.0
ENSMUSG00000111449,1.0
ENSMUSG00000111658,1.0
ENSMUSG00000074256,1.0
ENSMUSG00000032280,0.6621133368901828
ENSMUSG00000111033,1.0
ENSMUSG00000007892,0.23297996412565794
ENSMUSG00000032254,1.0
ENSMUSG00000032278,0.6138230378972546
ENSMUSG00000032252,0.7489970337272033
ENSMUSG00000110826,1.0
ENSMUSG00000111232,1.0
ENSMUSG00000046846,1.0
ENSMUSG00000111193,1.0
ENSMUSG00000032249,0.5176245997740639
ENSMUSG00000041729,0.5603215489783065
ENSMUSG00000032243,1.0
ENSMUSG00000032244,0.6873330581086919
ENSMUSG00000032245,0.923722877622158
ENSMUSG00000032246,1.0
ENSMUSG00000032405,0.4711621805776563
ENSMUSG00000111144,1.0
ENSMUSG00000022245,1.0
ENSMUSG00000058444,0.5611385309023996
ENSMUSG00000032403,0.6662157501420526
ENSMUSG00000086539,0.6546820850727253
ENSMUSG00000037801,0.9510235769689912
ENSMUSG00000037257,0.7395805551711708
ENSMUSG00000032402,0.6067604417044622
ENSMUSG00000111058,1.0
ENSMUSG00000036867,0.8625426251314084
ENSMUSG00000093616,1.0
ENSMUSG00000093759,1.0
ENSMUSG00000032401,1.0
ENSMUSG00000032400,1.0
ENSMUSG00000032399,0.39314245439151424
ENSMUSG00000032398,0.6389265448504969
ENSMUSG00000004936,0.5767320058031495
ENSMUSG00000111160,0.8862871813285922
ENSMUSG00000035337,1.0
ENSMUSG00000032397,0.7639168533969718
ENSMUSG00000032396,0.7859317369360851
ENSMUSG00000036466,0.587482786804272
ENSMUSG00000004771,0.5907292004591144
ENSMUSG00000053641,0.40388495279635284
ENSMUSG00000034452,1.0
ENSMUSG00000034263,0.7513661941171353
ENSMUSG00000033629,0.5870703361258885
ENSMUSG00000032393,0.5863970147002727
ENSMUSG00000111471,0.9714572262122639
ENSMUSG00000032816,0.6582031803047038
ENSMUSG00000032394,0.8433804233072115
ENSMUSG00000032392,0.8764812684331277
ENSMUSG00000042254,1.0
ENSMUSG00000015357,0.6480637570009592
ENSMUSG00000111712,1.0
ENSMUSG00000041837,0.7470026130026982
ENSMUSG00000086228,0.9804194186500943
ENSMUSG00000054978,1.0
ENSMUSG00000041696,0.7416488258428218
ENSMUSG00000053862,1.0
ENSMUSG00000059183,0.8985940239354684
ENSMUSG00000111722,0.9996852444300959
ENSMUSG00000032388,0.7735575028740667
ENSMUSG00000066510,1.0
ENSMUSG00000111818,1.0
ENSMUSG00000050721,0.6986258368160195
ENSMUSG00000041064,1.0
ENSMUSG00000032387,0.7979729899264337
ENSMUSG00000040652,0.55333731001474
ENSMUSG00000040524,0.5472988484717166
ENSMUSG00000032386,0.5988568055144264
ENSMUSG00000040204,1.0
ENSMUSG00000032384,0.5579183698656118
ENSMUSG00000032383,0.5156432053842311
ENSMUSG00000039452,0.9390892150663599
ENSMUSG00000032382,0.5828688124143075
ENSMUSG00000032381,0.6730529046478549
ENSMUSG00000032380,0.8389087556658722
ENSMUSG00000038664,0.47511743417826874
ENSMUSG00000100130,0.9258309358865445
ENSMUSG00000050503,1.0
ENSMUSG00000032376,0.5839669149654272
ENSMUSG00000086387,0.8325032087807366
ENSMUSG00000032373,0.9952890910589992
ENSMUSG00000032375,0.7809822276700873
ENSMUSG00000092131,1.0
ENSMUSG00000053040,0.9127330780602412
ENSMUSG00000091745,1.0
ENSMUSG00000036943,0.5605355328328975
ENSMUSG00000036781,0.5554435983042009
ENSMUSG00000032370,0.7323850447648594
ENSMUSG00000032366,0.4842131631475671
ENSMUSG00000111825,1.0
ENSMUSG00000111556,1.0
ENSMUSG00000052698,0.6077211029179796
ENSMUSG00000111412,1.0
ENSMUSG00000055125,1.0
ENSMUSG00000091956,1.0
ENSMUSG00000047990,1.0
ENSMUSG00000035284,0.6107536374402809
ENSMUSG00000111841,1.0
ENSMUSG00000101345,
ENSMUSG00000111303,1.0
ENSMUSG00000032238,0.27780463752130913
ENSMUSG00000086648,1.0
ENSMUSG00000032235,0.7670675236469098
ENSMUSG00000032231,0.7963896505889848
ENSMUSG00000086399,1.0
ENSMUSG00000059246,0.9717427255182245
ENSMUSG00000097623,0.6703242544397015
ENSMUSG00000101555,1.0
ENSMUSG00000011958,0.6110382552848652
ENSMUSG00000033543,0.5820547932250159
ENSMUSG00000032226,1.0
ENSMUSG00000111043,1.0
ENSMUSG00000032224,0.789429013761102
ENSMUSG00000032220,0.5433978838800892
ENSMUSG00000032218,1.0
ENSMUSG00000032217,0.6101040197657709
ENSMUSG00000032212,0.484956175441272
ENSMUSG00000042444,0.487349263882354
ENSMUSG00000074213,1.0
ENSMUSG00000054693,0.4497596508512445
ENSMUSG00000032207,1.0
ENSMUSG00000111631,1.0
ENSMUSG00000032204,0.8372007192769696
ENSMUSG00000111429,1.0
ENSMUSG00000013584,1.0
ENSMUSG00000032199,0.5612606241665984
ENSMUSG00000041361,1.0
ENSMUSG00000032232,0.561373041232784
ENSMUSG00000032228,0.37949817913450956
ENSMUSG00000099020,1.0
ENSMUSG00000099190,1.0
ENSMUSG00000098340,0.9869313242065865
ENSMUSG00000038535,0.5395418663006716
ENSMUSG00000097211,1.0
ENSMUSG00000098959,1.0
ENSMUSG00000098801,1.0
ENSMUSG00000032221,0.9388522866350856
ENSMUSG00000098778,1.0
ENSMUSG00000090626,0.756665113842327
ENSMUSG00000096986,1.0
ENSMUSG00000037674,0.561391910591854
ENSMUSG00000099051,0.855164100095873
ENSMUSG00000098573,1.0
ENSMUSG00000032216,0.4085286892158845
ENSMUSG00000098294,1.0
ENSMUSG00000036030,0.8164343312161285
ENSMUSG00000034910,0.769876045442499
ENSMUSG00000092192,0.9974357910068234
ENSMUSG00000086158,0.9416946182983105
ENSMUSG00000034563,0.624163923985881
ENSMUSG00000079469,0.7473782861747534
ENSMUSG00000098332,0.7514558947525103
ENSMUSG00000032202,0.7684999020044515
ENSMUSG00000092622,1.0
ENSMUSG00000032215,0.7077569614072148
ENSMUSG00000098875,1.0
ENSMUSG00000062151,0.47235882334038237
ENSMUSG00000044976,0.9833486414166842
ENSMUSG00000101526,1.0
ENSMUSG00000066477,1.0
ENSMUSG00000101596,1.0
ENSMUSG00000043013,1.0
ENSMUSG00000034858,0.552734806927888
ENSMUSG00000007656,0.49451736415753256
ENSMUSG00000034593,0.5675842151225763
ENSMUSG00000033590,1.0
ENSMUSG00000032192,0.6916520878632986
ENSMUSG00000111348,0.9919052134113081
ENSMUSG00000110824,0.9855522319188409
ENSMUSG00000032191,1.0
ENSMUSG00000042688,0.6104628643778265
ENSMUSG00000097021,0.9927887650222851
ENSMUSG00000042487,0.7978387175928378
ENSMUSG00000058587,0.5325233054268628
ENSMUSG00000032186,0.42521537673080373
ENSMUSG00000032184,0.6472738683171962
ENSMUSG00000032181,0.5344342466071804
ENSMUSG00000032179,0.8634322297006117
ENSMUSG00000097836,1.0
ENSMUSG00000007908,0.7022501884335274
ENSMUSG00000059383,1.0
ENSMUSG00000032360,0.9779188975646317
ENSMUSG00000098894,1.0
ENSMUSG00000032358,1.0
ENSMUSG00000111222,1.0
ENSMUSG00000110839,1.0
ENSMUSG00000032357,1.0
ENSMUSG00000098370,1.0
ENSMUSG00000032355,0.9299132556192365
ENSMUSG00000099170,1.0
ENSMUSG00000032352,0.6833779932332529
ENSMUSG00000099094,1.0
ENSMUSG00000044938,1.0
ENSMUSG00000111225,1.0
ENSMUSG00000110838,1.0
ENSMUSG00000111014,1.0
ENSMUSG00000032350,0.6314002549530874
ENSMUSG00000111253,1.0
ENSMUSG00000111250,1.0
ENSMUSG00000032349,0.532912989482697
ENSMUSG00000111610,1.0
ENSMUSG00000111335,1.0
ENSMUSG00000023333,1.0
ENSMUSG00000001366,0.5949137067273766
ENSMUSG00000009828,0.5592687429391004
ENSMUSG00000032348,0.7512101389210996
ENSMUSG00000074183,1.0
ENSMUSG00000111709,1.0
ENSMUSG00000074179,1.0
ENSMUSG00000066463,
ENSMUSG00000038750,
ENSMUSG00000057933,1.0
ENSMUSG00000060461,1.0
ENSMUSG00000032346,1.0
ENSMUSG00000090724,1.0
ENSMUSG00000070291,1.0
ENSMUSG00000032344,1.0
ENSMUSG00000090317,1.0
ENSMUSG00000032342,0.7699041584774022
ENSMUSG00000037742,0.23935746289294507
ENSMUSG00000111417,1.0
ENSMUSG00000049624,0.6868414404544476
ENSMUSG00000046186,1.0
ENSMUSG00000091147,1.0
ENSMUSG00000111363,1.0
ENSMUSG00000110923,1.0
ENSMUSG00000111638,1.0
ENSMUSG00000102020,
ENSMUSG00000111633,1.0
ENSMUSG00000111765,1.0
ENSMUSG00000032332,0.9896385345323131
ENSMUSG00000086608,1.0
ENSMUSG00000032330,0.43581715149573774
ENSMUSG00000032328,0.44677677080347195
ENSMUSG00000086918,1.0
ENSMUSG00000034898,0.6932980332779438
ENSMUSG00000092581,1.0
ENSMUSG00000034252,0.4818060963264747
ENSMUSG00000084917,0.9897050638368867
ENSMUSG00000033577,0.41005788372767465
ENSMUSG00000099016,1.0
ENSMUSG00000032343,1.0
ENSMUSG00000111510,1.0
ENSMUSG00000111717,1.0
ENSMUSG00000098685,1.0
ENSMUSG00000097655,1.0
ENSMUSG00000098429,1.0
ENSMUSG00000049511,0.9944368852845091
ENSMUSG00000097466,1.0
ENSMUSG00000097241,1.0
ENSMUSG00000043289,0.976317484115304
ENSMUSG00000111697,1.0
ENSMUSG00000099266,1.0
ENSMUSG00000032251,0.7801436447143243
ENSMUSG00000032253,0.4753149947075552
ENSMUSG00000111839,1.0
ENSMUSG00000111774,1.0
ENSMUSG00000066456,0.5711767124675209
ENSMUSG00000101144,1.0
ENSMUSG00000098747,1.0
ENSMUSG00000111443,0.9493459978260631
ENSMUSG00000032258,0.7923025491844371
ENSMUSG00000099718,0.9420136557369889
ENSMUSG00000032261,0.8494486819644728
ENSMUSG00000110950,1.0
ENSMUSG00000111820,1.0
ENSMUSG00000100155,1.0
ENSMUSG00000032262,0.7694881440549591
ENSMUSG00000038379,1.0
ENSMUSG00000111769,1.0
ENSMUSG00000032263,0.6193808956436615
ENSMUSG00000111757,1.0
ENSMUSG00000111245,1.0
ENSMUSG00000099724,1.0
ENSMUSG00000111500,1.0
ENSMUSG00000102064,1.0
ENSMUSG00000110783,1.0
ENSMUSG00000111281,1.0
ENSMUSG00000111822,1.0
ENSMUSG00000079433,
ENSMUSG00000032265,0.6377176970119198
ENSMUSG00000111840,1.0
ENSMUSG00000111663,
ENSMUSG00000110956,1.0
ENSMUSG00000111386,1.0
ENSMUSG00000035941,0.7245811593352677
ENSMUSG00000056031,0.9997426363720061
ENSMUSG00000035274,0.9327896252192696
ENSMUSG00000110946,1.0
ENSMUSG00000032415,0.8916868652806368
ENSMUSG00000034973,0.5769600378812783
ENSMUSG00000056131,0.8497006233241301
ENSMUSG00000032417,0.9940609184880798
ENSMUSG00000032418,0.6945548197046103
ENSMUSG00000087466,0.9885849807609247
ENSMUSG00000033491,0.9824448039204875
ENSMUSG00000033419,0.5882514630937142
ENSMUSG00000111874,1.0
ENSMUSG00000047897,0.9809227155994474
ENSMUSG00000032872,0.6609583517167119
ENSMUSG00000042761,0.9999847203657202
ENSMUSG00000056919,0.7083567347596473
ENSMUSG00000032419,0.854813607501474
ENSMUSG00000100782,1.0
ENSMUSG00000032420,0.8629679138984103
ENSMUSG00000032422,0.649028252683983
ENSMUSG00000101335,1.0
ENSMUSG00000032423,0.5884977793530133
ENSMUSG00000097195,0.8360893672173926
ENSMUSG00000032425,0.7499326685176726
ENSMUSG00000090693,1.0
ENSMUSG00000097073,1.0
ENSMUSG00000079427,0.7596612808984832
ENSMUSG00000074149,1.0
ENSMUSG00000099974,1.0
ENSMUSG00000101698,1.0
ENSMUSG00000067399,1.0
ENSMUSG00000097177,0.9231863006074266
ENSMUSG00000097677,1.0
ENSMUSG00000099930,1.0
ENSMUSG00000102037,1.0
ENSMUSG00000079162,1.0
ENSMUSG00000074146,1.0
ENSMUSG00000089929,0.6657101529631201
ENSMUSG00000066442,0.6640858160242105
ENSMUSG00000111806,1.0
ENSMUSG00000039313,0.9901485626974883
ENSMUSG00000111274,1.0
ENSMUSG00000032353,0.6846580383038913
ENSMUSG00000047606,1.0
ENSMUSG00000098727,1.0
ENSMUSG00000098627,1.0
ENSMUSG00000032356,0.5956793522303218
ENSMUSG00000032359,0.5601500311788796
ENSMUSG00000062270,0.395648738089932
ENSMUSG00000032363,1.0
ENSMUSG00000037410,0.7471621130802489
ENSMUSG00000111666,1.0
ENSMUSG00000099512,1.0
ENSMUSG00000099406,
ENSMUSG00000101608,1.0
ENSMUSG00000032368,0.4749606839801438
ENSMUSG00000036972,0.6794340007303664
ENSMUSG00000100341,0.9442002179398427
ENSMUSG00000109896,0.9336584399050408
ENSMUSG00000095654,1.0
ENSMUSG00000032369,0.9808589008823373
ENSMUSG00000032372,0.9212244499779991
ENSMUSG00000101370,1.0
ENSMUSG00000074139,1.0
ENSMUSG00000032377,0.6101115821653859
ENSMUSG00000032374,0.7198505231600225
ENSMUSG00000101734,1.0
ENSMUSG00000099823,1.0
ENSMUSG00000100294,1.0
ENSMUSG00000045414,0.7305554017016285
ENSMUSG00000101595,1.0
ENSMUSG00000031129,0.43188778276753587
ENSMUSG00000089709,1.0
ENSMUSG00000033350,0.5515488740054364
ENSMUSG00000032407,0.5302729090453208
ENSMUSG00000101037,1.0
ENSMUSG00000110827,1.0
ENSMUSG00000064225,0.8571251178342923
ENSMUSG00000086585,1.0
ENSMUSG00000086248,1.0
ENSMUSG00000015354,0.6406670433350379
ENSMUSG00000032839,0.6620744428220269
ENSMUSG00000049493,0.5929995911137163
ENSMUSG00000096655,1.0
ENSMUSG00000032409,0.6604391252787422
ENSMUSG00000097777,0.9254224884594243
ENSMUSG00000032410,0.522974528174593
ENSMUSG00000101867,1.0
ENSMUSG00000100931,1.0
ENSMUSG00000041440,0.8120806586034871
ENSMUSG00000032411,0.5945293153180531
ENSMUSG00000032412,0.42762379174625476
ENSMUSG00000056418,1.0
ENSMUSG00000051234,0.3838984480617513
ENSMUSG00000099564,1.0
ENSMUSG00000032413,0.535597881835877
ENSMUSG00000040433,0.5075584763170566
ENSMUSG00000102097,1.0
ENSMUSG00000101581,1.0
ENSMUSG00000043587,0.821855087551529
ENSMUSG00000046997,0.8530233982264351
ENSMUSG00000085541,1.0
ENSMUSG00000101365,1.0
ENSMUSG00000032449,0.6216464713697356
ENSMUSG00000084911,1.0
ENSMUSG00000032451,1.0
ENSMUSG00000087167,1.0
ENSMUSG00000032452,0.6340056806427042
ENSMUSG00000090255,0.9784860760347805
ENSMUSG00000046995,1.0
ENSMUSG00000032456,0.890195310499341
ENSMUSG00000046402,0.8023323820755051
ENSMUSG00000032454,1.0
ENSMUSG00000051074,1.0
ENSMUSG00000032458,0.7139957383583626
ENSMUSG00000032459,0.8906124009761058
ENSMUSG00000102861,1.0
ENSMUSG00000102013,1.0
ENSMUSG00000091080,1.0
ENSMUSG00000063058,1.0
ENSMUSG00000090470,1.0
ENSMUSG00000074123,1.0
ENSMUSG00000097072,1.0
ENSMUSG00000050397,0.998285142022075
ENSMUSG00000032463,0.7044445602135005
ENSMUSG00000044860,1.0
ENSMUSG00000032462,0.6443122501625543
ENSMUSG00000096316,1.0
ENSMUSG00000056267,0.7938402244174058
ENSMUSG00000100281,1.0
ENSMUSG00000037681,1.0
ENSMUSG00000100123,1.0
ENSMUSG00000032470,0.6089970458665797
ENSMUSG00000046242,1.0
ENSMUSG00000032468,0.6100357474843577
ENSMUSG00000032469,0.9618808732468574
ENSMUSG00000037953,1.0
ENSMUSG00000037784,0.7123458031897375
ENSMUSG00000032473,1.0
ENSMUSG00000089655,1.0
ENSMUSG00000110929,1.0
ENSMUSG00000053747,1.0
ENSMUSG00000101584,1.0
ENSMUSG00000101042,1.0
ENSMUSG00000111258,1.0
ENSMUSG00000101287,1.0
ENSMUSG00000044244,0.8682115502768146
ENSMUSG00000032475,0.6057906215340797
ENSMUSG00000100176,1.0
ENSMUSG00000070287,0.8870110670354772
ENSMUSG00000037286,0.42360312048894616
ENSMUSG00000032527,0.7364564272309906
ENSMUSG00000066415,0.6280644062301756
ENSMUSG00000043154,0.45550068185602643
ENSMUSG00000101941,1.0
ENSMUSG00000100807,0.9518890510076746
ENSMUSG00000057710,1.0
ENSMUSG00000032537,0.5170662651232978
ENSMUSG00000101648,1.0
ENSMUSG00000035606,0.8551243901995046
ENSMUSG00000100279,1.0
ENSMUSG00000032534,0.7177432666140401
ENSMUSG00000035048,0.6046401126669192
ENSMUSG00000099491,1.0
ENSMUSG00000032531,0.6468900198209272
ENSMUSG00000093812,1.0
ENSMUSG00000110884,1.0
ENSMUSG00000032547,0.535633115087795
ENSMUSG00000032548,0.9823235331736134
ENSMUSG00000110765,1.0
ENSMUSG00000032549,0.5251825447582419
ENSMUSG00000032553,0.7054237290017882
ENSMUSG00000032554,0.32243742116150564
ENSMUSG00000033688,0.9570051688425751
ENSMUSG00000032555,0.7967190570461051
ENSMUSG00000032803,0.5575054915230699
ENSMUSG00000111399,1.0
ENSMUSG00000086236,0.9992253326219119
ENSMUSG00000032556,0.7895929519954964
ENSMUSG00000085168,1.0
ENSMUSG00000042757,0.5495435340602467
ENSMUSG00000111278,1.0
ENSMUSG00000099616,1.0
ENSMUSG00000099722,1.0
ENSMUSG00000111035,1.0
ENSMUSG00000032558,0.7488295391721328
ENSMUSG00000032557,0.64058204293772
ENSMUSG00000090150,0.7953920214666507
ENSMUSG00000079355,0.9913012520378168
ENSMUSG00000032560,0.5779679917587074
ENSMUSG00000032561,1.0
ENSMUSG00000099599,1.0
ENSMUSG00000032564,0.7457249610431812
ENSMUSG00000032563,0.7213661546977125
ENSMUSG00000111044,1.0
ENSMUSG00000032565,0.8609742766740597
ENSMUSG00000032566,1.0
ENSMUSG00000035032,0.996430507209546
ENSMUSG00000093590,1.0
ENSMUSG00000085430,1.0
ENSMUSG00000032567,0.8051831814631788
ENSMUSG00000032570,0.4680395138203309
ENSMUSG00000099373,1.0
ENSMUSG00000032571,0.7753942072207325
ENSMUSG00000043719,1.0
ENSMUSG00000091345,1.0
ENSMUSG00000032572,1.0
ENSMUSG00000111796,1.0
ENSMUSG00000100795,1.0
ENSMUSG00000086296,1.0
ENSMUSG00000020258,1.0
ENSMUSG00000020257,0.6416574257588956
ENSMUSG00000020253,0.7966288153845452
ENSMUSG00000023277,0.6931749194823593
ENSMUSG00000045322,1.0
ENSMUSG00000032786,0.6830166939710107
ENSMUSG00000097592,1.0
ENSMUSG00000023345,0.8593726805973709
ENSMUSG00000099879,1.0
ENSMUSG00000053716,0.5458711593477673
ENSMUSG00000048758,0.39956866913751415
ENSMUSG00000023262,0.9243507819893197
ENSMUSG00000042210,0.766399307354007
ENSMUSG00000042073,0.7202450323317965
ENSMUSG00000100039,1.0
ENSMUSG00000023495,0.5834389005203604
ENSMUSG00000091735,0.7708220273505032
ENSMUSG00000023249,0.8624452482724977
ENSMUSG00000041506,0.8769529746791069
ENSMUSG00000066383,1.0
ENSMUSG00000118396,1.0
ENSMUSG00000066382,1.0
ENSMUSG00000041009,1.0
ENSMUSG00000091129,1.0
ENSMUSG00000101411,1.0
ENSMUSG00000023192,0.9902834020694826
ENSMUSG00000040813,0.7311690102387842
ENSMUSG00000040661,0.686964408007641
ENSMUSG00000040325,0.6624389818678937
ENSMUSG00000032575,0.5284751903058664
ENSMUSG00000103835,1.0
ENSMUSG00000074102,0.7860712442925739
ENSMUSG00000090207,1.0
ENSMUSG00000039716,0.5158230522651611
ENSMUSG00000104086,1.0
ENSMUSG00000032577,0.8909514480976806
ENSMUSG00000032578,1.0
ENSMUSG00000090570,1.0
ENSMUSG00000032579,0.8946987374920196
ENSMUSG00000037977,0.9315186609610081
ENSMUSG00000102144,1.0
ENSMUSG00000010066,0.7172950004491184
ENSMUSG00000091816,1.0
ENSMUSG00000091425,1.0
ENSMUSG00000010045,0.741989051381616
ENSMUSG00000037190,0.9336592272479888
ENSMUSG00000010057,0.910797714207792
ENSMUSG00000010044,1.0
ENSMUSG00000102300,1.0
ENSMUSG00000010067,0.6678645636383549
ENSMUSG00000097099,0.9994498981299892
ENSMUSG00000010054,0.7101215892779215
ENSMUSG00000010047,0.9074114401250097
ENSMUSG00000089935,1.0
ENSMUSG00000010051,0.8272046713164205
ENSMUSG00000079334,0.8241624771708601
ENSMUSG00000036091,1.0
ENSMUSG00000010048,0.9405198373489844
ENSMUSG00000103409,1.0
ENSMUSG00000103164,1.0
ENSMUSG00000057969,1.0
ENSMUSG00000032562,0.37118966236223017
ENSMUSG00000010064,0.5129784586750017
ENSMUSG00000034837,1.0
ENSMUSG00000034684,1.0
ENSMUSG00000032580,0.49559143128421523
ENSMUSG00000102899,1.0
ENSMUSG00000032582,0.4956398150547047
ENSMUSG00000032583,0.733839246005708
ENSMUSG00000032584,1.0
ENSMUSG00000066368,1.0
ENSMUSG00000102377,1.0
ENSMUSG00000032936,0.7606848546016781
ENSMUSG00000032586,0.9773165882991307
ENSMUSG00000032596,0.9979886755900429
ENSMUSG00000042106,0.892405315306347
ENSMUSG00000093749,1.0
ENSMUSG00000032595,1.0
ENSMUSG00000093619,1.0
ENSMUSG00000032594,0.5332933160530834
ENSMUSG00000102540,0.9066841473206322
ENSMUSG00000070284,0.9752156866091526
ENSMUSG00000041528,0.7285873207146414
ENSMUSG00000092218,1.0
ENSMUSG00000032593,1.0
ENSMUSG00000032591,1.0
ENSMUSG00000032590,0.8905016807909805
ENSMUSG00000032589,0.6108973351331342
ENSMUSG00000102224,1.0
ENSMUSG00000039952,0.5132105524040208
ENSMUSG00000032606,0.7305997262008598
ENSMUSG00000032607,0.7887601978769582
ENSMUSG00000039461,0.7589523982626223
ENSMUSG00000007815,0.4177601620171026
ENSMUSG00000104208,1.0
ENSMUSG00000063856,0.5290413613166753
ENSMUSG00000032612,0.6416139638007832
ENSMUSG00000104399,1.0
ENSMUSG00000032611,0.9974569206822194
ENSMUSG00000047220,1.0
ENSMUSG00000050641,1.0
ENSMUSG00000032609,0.7593978021130775
ENSMUSG00000049305,0.870954286213839
ENSMUSG00000052911,0.680381148043337
ENSMUSG00000006676,0.6035808374847071
ENSMUSG00000032604,0.814508694569682
ENSMUSG00000006673,0.5819302313188494
ENSMUSG00000062867,0.8234101218701455
ENSMUSG00000070283,0.7618510701327023
ENSMUSG00000103103,1.0
ENSMUSG00000019039,0.698736643930452
ENSMUSG00000066357,0.758747202264119
ENSMUSG00000006675,0.7235022369347254
ENSMUSG00000102770,1.0
ENSMUSG00000064145,0.6015882680233802
ENSMUSG00000032602,0.7834144855611181
ENSMUSG00000032601,0.5918914284887343
ENSMUSG00000032599,0.7149601823471886
ENSMUSG00000032598,0.8480764916837213
ENSMUSG00000103785,1.0
ENSMUSG00000023473,0.890570699762055
ENSMUSG00000023259,0.9661310881465499
ENSMUSG00000025652,1.0
ENSMUSG00000025651,0.6357212262786514
ENSMUSG00000025650,1.0
ENSMUSG00000049699,1.0
ENSMUSG00000103811,1.0
ENSMUSG00000025648,0.7256728509882467
ENSMUSG00000025647,0.6898348562005919
ENSMUSG00000049734,1.0
ENSMUSG00000025646,0.8283534942506471
ENSMUSG00000091537,0.47267301678231105
ENSMUSG00000025645,0.9029737474577803
ENSMUSG00000025644,1.0
ENSMUSG00000053646,0.6096447298006621
ENSMUSG00000047237,1.0
ENSMUSG00000049314,1.0
ENSMUSG00000061701,1.0
ENSMUSG00000105589,1.0
ENSMUSG00000054087,1.0
ENSMUSG00000070324,1.0
ENSMUSG00000074062,1.0
ENSMUSG00000106134,1.0
ENSMUSG00000074061,1.0
ENSMUSG00000104674,0.8414545791181263
ENSMUSG00000074060,1.0
ENSMUSG00000062275,1.0
ENSMUSG00000094992,1.0
ENSMUSG00000074059,1.0
ENSMUSG00000059547,1.0
ENSMUSG00000104614,1.0
ENSMUSG00000050074,1.0
ENSMUSG00000032478,0.8410910403457802
ENSMUSG00000038357,1.0
ENSMUSG00000032477,0.9117746455293886
ENSMUSG00000032479,0.40635360849246477
ENSMUSG00000105856,1.0
ENSMUSG00000032480,0.5942176077487291
ENSMUSG00000032481,0.586431023945439
ENSMUSG00000032482,0.4504578102019385
ENSMUSG00000105484,1.0
ENSMUSG00000054836,0.8835169228699777
ENSMUSG00000032485,0.6749718075021839
ENSMUSG00000036057,0.778518189144842
ENSMUSG00000032484,1.0
ENSMUSG00000054792,0.6935148046020133
ENSMUSG00000032489,0.8993319750782328
ENSMUSG00000044791,0.5220796205747061
ENSMUSG00000032491,1.0
ENSMUSG00000056724,0.90372497663937
ENSMUSG00000105127,1.0
ENSMUSG00000019659,0.5563167635508316
ENSMUSG00000104945,1.0
ENSMUSG00000032492,0.7726474696855046
ENSMUSG00000059741,1.0
ENSMUSG00000044664,1.0
ENSMUSG00000032493,1.0
ENSMUSG00000058398,1.0
ENSMUSG00000047257,1.0
ENSMUSG00000049719,1.0
ENSMUSG00000048752,1.0
ENSMUSG00000049555,0.9120215341648166
ENSMUSG00000044037,0.7468986075503294
ENSMUSG00000096393,1.0
ENSMUSG00000032494,1.0
ENSMUSG00000032495,0.9450183066223622
ENSMUSG00000066319,1.0
ENSMUSG00000102060,1.0
ENSMUSG00000057802,1.0
ENSMUSG00000032496,1.0
ENSMUSG00000043953,0.7498937953442038
ENSMUSG00000032497,0.6182683667426327
ENSMUSG00000032498,0.8213073290441825
ENSMUSG00000046785,0.616283796306362
ENSMUSG00000062296,0.7593743689150234
ENSMUSG00000032500,0.9588572170488158
ENSMUSG00000106647,1.0
ENSMUSG00000106232,1.0
ENSMUSG00000032502,0.96439350378723
ENSMUSG00000111054,1.0
ENSMUSG00000032503,0.497345898009641
ENSMUSG00000089718,1.0
ENSMUSG00000087038,0.9511215534839493
ENSMUSG00000110876,1.0
ENSMUSG00000110996,1.0
ENSMUSG00000111235,1.0
ENSMUSG00000111022,1.0
ENSMUSG00000110784,1.0
ENSMUSG00000111532,1.0
ENSMUSG00000111199,1.0
ENSMUSG00000109890,1.0
ENSMUSG00000111364,1.0
ENSMUSG00000032504,0.5882484799798191
ENSMUSG00000033392,0.384827380365294
ENSMUSG00000009741,0.641121599989242
ENSMUSG00000032507,0.752357350041687
ENSMUSG00000111793,1.0
ENSMUSG00000086596,0.8591868273219048
ENSMUSG00000111734,1.0
ENSMUSG00000064299,1.0
ENSMUSG00000053820,1.0
ENSMUSG00000074039,1.0
ENSMUSG00000032431,0.9194999604905657
ENSMUSG00000045594,0.7127475995167252
ENSMUSG00000079260,1.0
ENSMUSG00000047898,1.0
ENSMUSG00000079259,1.0
ENSMUSG00000097821,1.0
ENSMUSG00000056167,0.6165673284512942
ENSMUSG00000032435,0.6230621944391533
ENSMUSG00000032434,0.5916578164739653
ENSMUSG00000032436,0.6629177578410945
ENSMUSG00000052724,1.0
ENSMUSG00000041012,0.7104181851141711
ENSMUSG00000050627,0.7440125231794177
ENSMUSG00000040875,0.8688832492566594
ENSMUSG00000050621,0.8130321551099619
ENSMUSG00000098127,1.0
ENSMUSG00000098191,1.0
ENSMUSG00000097967,1.0
ENSMUSG00000032437,0.5579602547544196
ENSMUSG00000111398,1.0
ENSMUSG00000110905,1.0
ENSMUSG00000056880,1.0
ENSMUSG00000087469,1.0
ENSMUSG00000032440,0.45419454368821344
ENSMUSG00000111243,1.0
ENSMUSG00000111729,1.0
ENSMUSG00000111324,1.0
ENSMUSG00000110752,1.0
ENSMUSG00000039607,0.5050605687988263
ENSMUSG00000079669,1.0
ENSMUSG00000097240,1.0
ENSMUSG00000032443,0.7595486020277551
ENSMUSG00000039285,0.6018127532568385
ENSMUSG00000039163,0.7345648595850914
ENSMUSG00000097402,1.0
ENSMUSG00000098161,1.0
ENSMUSG00000111843,1.0
ENSMUSG00000032446,0.9360493152300852
ENSMUSG00000110692,1.0
ENSMUSG00000038708,0.5503457146337831
ENSMUSG00000110676,1.0
ENSMUSG00000039115,0.5641427526703274
ENSMUSG00000086119,0.9095331806048205
ENSMUSG00000087041,1.0
ENSMUSG00000047409,0.5033632623517316
ENSMUSG00000038775,1.0
ENSMUSG00000010660,0.8668428623837554
ENSMUSG00000038060,1.0
ENSMUSG00000010651,1.0
ENSMUSG00000074029,1.0
ENSMUSG00000070280,0.853478374913454
ENSMUSG00000074028,1.0
ENSMUSG00000036737,0.7693396987969106
ENSMUSG00000032508,0.863386232499192
ENSMUSG00000036138,0.6778860967287592
ENSMUSG00000035769,1.0
ENSMUSG00000061393,0.7398066892890893
ENSMUSG00000111204,1.0
ENSMUSG00000097504,1.0
ENSMUSG00000042787,0.860302930943902
ENSMUSG00000032511,0.995086735633047
ENSMUSG00000034533,1.0
ENSMUSG00000034115,1.0
ENSMUSG00000097223,1.0
ENSMUSG00000032512,0.6902313826812159
ENSMUSG00000052336,0.3060850303804205
ENSMUSG00000032513,0.8948224253913476
ENSMUSG00000032514,1.0
ENSMUSG00000032515,0.8581877858026398
ENSMUSG00000111639,1.0
ENSMUSG00000111369,1.0
ENSMUSG00000111089,1.0
ENSMUSG00000079243,1.0
ENSMUSG00000111792,1.0
ENSMUSG00000042262,1.0
ENSMUSG00000032519,0.7733279299560539
ENSMUSG00000032518,0.29980551239342124
ENSMUSG00000111028,1.0
ENSMUSG00000032517,0.3179399946063696
ENSMUSG00000111360,1.0
ENSMUSG00000111498,1.0
ENSMUSG00000041794,0.6500379554856529
ENSMUSG00000111828,1.0
ENSMUSG00000006941,0.5151769483001193
ENSMUSG00000041608,1.0
ENSMUSG00000025794,0.37021219795473204
ENSMUSG00000052658,0.9941788508763879
ENSMUSG00000110760,1.0
ENSMUSG00000111533,1.0
ENSMUSG00000111831,1.0
ENSMUSG00000111270,1.0
ENSMUSG00000111720,1.0
ENSMUSG00000110911,1.0
ENSMUSG00000111233,1.0
ENSMUSG00000110730,1.0
ENSMUSG00000111094,1.0
ENSMUSG00000111445,1.0
ENSMUSG00000111528,1.0
ENSMUSG00000100146,1.0
ENSMUSG00000086365,1.0
ENSMUSG00000006932,0.4572558238843042
ENSMUSG00000040936,0.8157662150540109
ENSMUSG00000110863,1.0
ENSMUSG00000032536,0.540018415885247
ENSMUSG00000032532,0.7419801451013412
ENSMUSG00000111598,1.0
ENSMUSG00000110814,1.0
ENSMUSG00000032530,0.7846032470060673
ENSMUSG00000084995,1.0
ENSMUSG00000032528,0.9994586346511122
ENSMUSG00000061536,0.8797119170621975
ENSMUSG00000032526,0.5429925095650066
ENSMUSG00000032525,0.4590461200076728
ENSMUSG00000097820,0.9638049830270231
ENSMUSG00000013419,0.6988737587287223
ENSMUSG00000074001,0.9999845233922179
ENSMUSG00000032523,0.9036001336804602
ENSMUSG00000079235,0.7894308167134675
ENSMUSG00000092042,1.0
ENSMUSG00000038412,0.5791027112763267
ENSMUSG00000111079,1.0
ENSMUSG00000111465,1.0
ENSMUSG00000044534,1.0
ENSMUSG00000050445,1.0
ENSMUSG00000043773,0.9997381654113193
ENSMUSG00000038233,0.8043055174823357
ENSMUSG00000066235,0.8964628084804932
ENSMUSG00000111873,1.0
ENSMUSG00000110729,1.0
ENSMUSG00000111389,1.0
ENSMUSG00000111785,1.0
ENSMUSG00000038145,0.45321236985180763
ENSMUSG00000111434,1.0
ENSMUSG00000037949,0.7611780291037775
ENSMUSG00000097572,1.0
ENSMUSG00000111268,1.0
ENSMUSG00000032540,0.6890630378518494
ENSMUSG00000093598,1.0
ENSMUSG00000111192,1.0
ENSMUSG00000111146,1.0
ENSMUSG00000110984,1.0
ENSMUSG00000111221,1.0
ENSMUSG00000097736,0.7418766526201714
ENSMUSG00000111143,1.0
ENSMUSG00000111068,1.0
ENSMUSG00000111577,1.0
ENSMUSG00000094985,1.0
ENSMUSG00000046603,0.7208158020259369
ENSMUSG00000107504,1.0
ENSMUSG00000047036,0.5674476738446916
ENSMUSG00000111325,1.0
ENSMUSG00000097322,0.9994696617215242
ENSMUSG00000063488,0.9445838578932144
ENSMUSG00000057895,0.9039313923394505
ENSMUSG00000032551,0.7780036933417043
ENSMUSG00000036768,1.0
ENSMUSG00000110945,0.8304657909206437
ENSMUSG00000066233,0.8814005003471423
ENSMUSG00000025787,1.0
ENSMUSG00000025786,0.6993001117749635
ENSMUSG00000025785,0.7587424211514746
ENSMUSG00000025784,1.0
ENSMUSG00000035498,1.0
ENSMUSG00000054871,0.7950598454004992
ENSMUSG00000111371,1.0
ENSMUSG00000035202,0.5669696225098368
ENSMUSG00000025239,0.5626742316426522
ENSMUSG00000025240,0.62029714661616
ENSMUSG00000025243,1.0
ENSMUSG00000036814,0.5867934993487876
ENSMUSG00000091172,1.0
ENSMUSG00000090608,1.0
ENSMUSG00000029530,1.0
ENSMUSG00000025245,0.6323960459951662
ENSMUSG00000091661,1.0
ENSMUSG00000025241,0.5714520947297912
ENSMUSG00000048521,1.0
ENSMUSG00000060509,1.0
ENSMUSG00000025804,1.0
ENSMUSG00000064039,1.0
ENSMUSG00000035448,1.0
ENSMUSG00000049103,1.0
ENSMUSG00000079227,0.5527796347871553
ENSMUSG00000110834,0.7405564722401037
ENSMUSG00000074829,0.7313379355082097
ENSMUSG00000111733,1.0
ENSMUSG00000093803,0.7992390537096336
ENSMUSG00000096734,
ENSMUSG00000071434,
ENSMUSG00000110909,1.0
ENSMUSG00000091618,1.0
ENSMUSG00000040653,0.6877987683930691
ENSMUSG00000019762,1.0
ENSMUSG00000040624,0.43777495803733396
ENSMUSG00000040675,0.7333940921065083
ENSMUSG00000111266,1.0
ENSMUSG00000038587,0.5559922896472018
ENSMUSG00000075327,0.7296038893776082
ENSMUSG00000095123,0.9207910292811387
ENSMUSG00000019763,0.677870073680506
ENSMUSG00000085687,0.9828373725805868
ENSMUSG00000061759,0.8303201074650429
ENSMUSG00000019767,1.0
ENSMUSG00000019768,0.9721095812979283
ENSMUSG00000096054,0.34423867744043685
ENSMUSG00000096553,1.0
ENSMUSG00000046916,1.0
ENSMUSG00000019772,0.9448105558099757
ENSMUSG00000019773,0.9653426143391552
ENSMUSG00000019774,0.7949970771552461
ENSMUSG00000019775,0.688591216805356
ENSMUSG00000078488,1.0
ENSMUSG00000000766,0.8103776521408769
ENSMUSG00000064065,0.7330371660345766
ENSMUSG00000015202,0.6536319336953753
ENSMUSG00000079685,1.0
ENSMUSG00000019796,0.7483389748686692
ENSMUSG00000019795,0.5608118912165935
ENSMUSG00000040034,0.9196220869861754
ENSMUSG00000040021,0.6534114623968178
ENSMUSG00000019794,0.8040463070871285
ENSMUSG00000092190,0.9142124450960087
ENSMUSG00000040006,0.6691439830629763
ENSMUSG00000085211,1.0
ENSMUSG00000015757,0.6564947251279686
ENSMUSG00000039981,1.0
ENSMUSG00000015755,0.5023987046786983
ENSMUSG00000112360,1.0
ENSMUSG00000112109,1.0
ENSMUSG00000047712,0.5844258791490007
ENSMUSG00000111215,1.0
ENSMUSG00000015305,0.41409370600309553
ENSMUSG00000097597,1.0
ENSMUSG00000111731,1.0
ENSMUSG00000111674,1.0
ENSMUSG00000112019,1.0
ENSMUSG00000111627,1.0
ENSMUSG00000112700,1.0
ENSMUSG00000112303,1.0
ENSMUSG00000060487,0.8108534070932537
ENSMUSG00000019790,0.5619505608784854
ENSMUSG00000112146,1.0
ENSMUSG00000101621,0.8792437534931311
ENSMUSG00000112074,1.0
ENSMUSG00000112713,1.0
ENSMUSG00000112060,1.0
ENSMUSG00000109160,1.0
ENSMUSG00000112219,1.0
ENSMUSG00000112573,1.0
ENSMUSG00000050994,1.0
ENSMUSG00000019832,0.9927382653906512
ENSMUSG00000078481,1.0
ENSMUSG00000019828,0.5440391905367007
ENSMUSG00000112730,0.9744376939022965
ENSMUSG00000090112,0.6040112788308301
ENSMUSG00000090070,1.0
ENSMUSG00000097007,0.9360173028542529
ENSMUSG00000047648,0.7764604861653787
ENSMUSG00000055493,0.7289140454923402
ENSMUSG00000112151,1.0
ENSMUSG00000111995,1.0
ENSMUSG00000112747,1.0
ENSMUSG00000112775,1.0
ENSMUSG00000112156,1.0
ENSMUSG00000112131,1.0
ENSMUSG00000019820,0.3391634883834567
ENSMUSG00000097378,1.0
ENSMUSG00000039232,1.0
ENSMUSG00000078348,0.6606375329284684
ENSMUSG00000112498,1.0
ENSMUSG00000019817,0.8304903150513161
ENSMUSG00000019815,1.0
ENSMUSG00000019814,0.871804295632745
ENSMUSG00000062866,0.5407451776934746
ENSMUSG00000019810,0.7709454847743663
ENSMUSG00000019809,0.7083395127980892
ENSMUSG00000019808,1.0
ENSMUSG00000112055,1.0
ENSMUSG00000019806,0.5052519032576213
ENSMUSG00000112172,1.0
ENSMUSG00000112102,1.0
ENSMUSG00000015501,0.4394851855056037
ENSMUSG00000101014,1.0
ENSMUSG00000112266,1.0
ENSMUSG00000112284,1.0
ENSMUSG00000112238,1.0
ENSMUSG00000112679,1.0
ENSMUSG00000112225,1.0
ENSMUSG00000039116,0.9969070092003527
ENSMUSG00000111888,1.0
ENSMUSG00000019868,0.6221453698293133
ENSMUSG00000085572,1.0
ENSMUSG00000019865,1.0
ENSMUSG00000019867,1.0
ENSMUSG00000096963,1.0
ENSMUSG00000112113,1.0
ENSMUSG00000112928,0.7972692788963248
ENSMUSG00000112089,1.0
ENSMUSG00000112800,1.0
ENSMUSG00000111963,1.0
ENSMUSG00000112227,1.0
ENSMUSG00000112929,1.0
ENSMUSG00000101969,1.0
ENSMUSG00000111922,1.0
ENSMUSG00000112478,1.0
ENSMUSG00000112587,1.0
ENSMUSG00000111927,1.0
ENSMUSG00000112629,1.0
ENSMUSG00000039910,0.6289778004569037
ENSMUSG00000093672,1.0
ENSMUSG00000039891,1.0
ENSMUSG00000039879,0.6265138663503511
ENSMUSG00000078453,0.7697577464261672
ENSMUSG00000019854,0.6322168875182929
ENSMUSG00000071392,1.0
ENSMUSG00000059554,0.8544008627905424
ENSMUSG00000096977,0.9352748523760807
ENSMUSG00000039835,0.45698443606661165
ENSMUSG00000019853,1.0
ENSMUSG00000019852,0.6560223896054592
ENSMUSG00000111474,0.972085035603658
ENSMUSG00000044624,1.0
ENSMUSG00000110737,1.0
ENSMUSG00000019851,0.8928058499780093
ENSMUSG00000111318,1.0
ENSMUSG00000019850,0.5754829342138935
ENSMUSG00000110938,1.0
ENSMUSG00000111821,1.0
ENSMUSG00000111052,1.0
ENSMUSG00000110917,1.0
ENSMUSG00000045591,1.0
ENSMUSG00000110902,1.0
ENSMUSG00000020009,0.5624279000802864
ENSMUSG00000039760,1.0
ENSMUSG00000042940,1.0
ENSMUSG00000020007,1.0
ENSMUSG00000110958,1.0
ENSMUSG00000050473,1.0
ENSMUSG00000020003,0.7223821239440943
ENSMUSG00000071369,0.5737176453378419
ENSMUSG00000019996,0.43131709191737216
ENSMUSG00000110754,1.0
ENSMUSG00000111447,0.9971147007249699
ENSMUSG00000069713,1.0
ENSMUSG00000037608,0.4942227158921467
ENSMUSG00000019992,1.0
ENSMUSG00000019990,0.43557066410498846
ENSMUSG00000111091,1.0
ENSMUSG00000019986,0.5195616685520026
ENSMUSG00000111227,1.0
ENSMUSG00000111102,1.0
ENSMUSG00000019982,1.0
ENSMUSG00000097923,1.0
ENSMUSG00000110967,1.0
ENSMUSG00000111005,1.0
ENSMUSG00000111200,1.0
ENSMUSG00000019977,0.6453582674846672
ENSMUSG00000112654,0.9659151285181418
ENSMUSG00000037542,1.0
ENSMUSG00000037535,1.0
ENSMUSG00000050844,1.0
ENSMUSG00000056716,1.0
ENSMUSG00000099749,1.0
ENSMUSG00000097107,1.0
ENSMUSG00000019970,0.4281308277024503
ENSMUSG00000069712,1.0
ENSMUSG00000097327,1.0
ENSMUSG00000053219,1.0
ENSMUSG00000075297,1.0
ENSMUSG00000097705,0.8565915282111863
ENSMUSG00000097108,1.0
ENSMUSG00000078452,1.0
ENSMUSG00000096937,1.0
ENSMUSG00000037490,0.8248214304568764
ENSMUSG00000071359,0.6720976895803255
ENSMUSG00000118528,
ENSMUSG00000112888,1.0
ENSMUSG00000112397,1.0
ENSMUSG00000045680,1.0
ENSMUSG00000010461,0.7453770184854763
ENSMUSG00000111894,1.0
ENSMUSG00000112868,1.0
ENSMUSG00000061983,0.2874464719146816
ENSMUSG00000037455,0.800912293245834
ENSMUSG00000020010,1.0
ENSMUSG00000037440,1.0
ENSMUSG00000056379,1.0
ENSMUSG00000059763,1.0
ENSMUSG00000069708,1.0
ENSMUSG00000069707,1.0
ENSMUSG00000069706,1.0
ENSMUSG00000045111,
ENSMUSG00000095647,
ENSMUSG00000095171,
ENSMUSG00000095569,
ENSMUSG00000100689,
ENSMUSG00000100950,
ENSMUSG00000096442,
ENSMUSG00000100186,1.0
ENSMUSG00000100004,
ENSMUSG00000037424,
ENSMUSG00000085451,1.0
ENSMUSG00000019998,0.5420984454232743
ENSMUSG00000020000,1.0
ENSMUSG00000086148,1.0
ENSMUSG00000087400,1.0
ENSMUSG00000019997,0.9068091247401165
ENSMUSG00000037370,0.874083272383676
ENSMUSG00000019989,1.0
ENSMUSG00000019984,0.7426940780985993
ENSMUSG00000019987,1.0
ENSMUSG00000112758,1.0
ENSMUSG00000111970,1.0
ENSMUSG00000039166,0.5697411783431047
ENSMUSG00000112352,1.0
ENSMUSG00000019978,0.37537482921365944
ENSMUSG00000096546,1.0
ENSMUSG00000101537,1.0
ENSMUSG00000112630,1.0
ENSMUSG00000112803,1.0
ENSMUSG00000112444,1.0
ENSMUSG00000112324,1.0
ENSMUSG00000049420,0.930504283976364
ENSMUSG00000039098,1.0
ENSMUSG00000051354,1.0
ENSMUSG00000039089,0.6397281060181766
ENSMUSG00000112797,1.0
ENSMUSG00000111950,0.9999927089332277
ENSMUSG00000039031,0.6783172009213037
ENSMUSG00000112751,1.0
ENSMUSG00000019899,0.41823665448639874
ENSMUSG00000101636,1.0
ENSMUSG00000112610,1.0
ENSMUSG00000112206,1.0
ENSMUSG00000019889,0.39256771323027984
ENSMUSG00000049109,1.0
ENSMUSG00000015519,1.0
ENSMUSG00000038916,0.5725792526658146
ENSMUSG00000004360,0.49667127228493935
ENSMUSG00000110830,0.7427530713533586
ENSMUSG00000019883,0.6325946038530442
ENSMUSG00000038876,0.6402383050200428
ENSMUSG00000111646,1.0
ENSMUSG00000019880,0.9178795904507582
ENSMUSG00000110831,1.0
ENSMUSG00000111195,1.0
ENSMUSG00000075266,1.0
ENSMUSG00000019792,0.7585581823844955
ENSMUSG00000111080,0.7732174096742097
ENSMUSG00000019791,0.6689846705623294
ENSMUSG00000039697,0.5597460171460235
ENSMUSG00000019789,0.7766492282052702
ENSMUSG00000111778,1.0
ENSMUSG00000000295,0.7710847237721318
ENSMUSG00000000296,0.7205552151790023
ENSMUSG00000111256,0.9691374206745075
ENSMUSG00000110976,1.0
ENSMUSG00000063760,0.6941350728500592
ENSMUSG00000069670,0.2567119414448969
ENSMUSG00000112469,1.0
ENSMUSG00000019787,1.0
ENSMUSG00000112707,1.0
ENSMUSG00000019785,0.9001938069645834
ENSMUSG00000090087,1.0
ENSMUSG00000090298,1.0
ENSMUSG00000069668,1.0
ENSMUSG00000039552,1.0
ENSMUSG00000039531,0.5898228994048189
ENSMUSG00000112280,0.8932746211791764
ENSMUSG00000019782,0.591015192053284
ENSMUSG00000111905,1.0
ENSMUSG00000071340,1.0
ENSMUSG00000039508,1.0
ENSMUSG00000049872,1.0
ENSMUSG00000046031,1.0
ENSMUSG00000039497,0.7900763989346496
ENSMUSG00000111149,1.0
ENSMUSG00000047514,0.6017112034634495
ENSMUSG00000039480,0.6735714986630581
ENSMUSG00000097274,0.9233467803020493
ENSMUSG00000039485,0.5749976048180085
ENSMUSG00000039462,1.0
ENSMUSG00000019779,1.0
ENSMUSG00000111753,1.0
ENSMUSG00000063953,1.0
ENSMUSG00000111550,1.0
ENSMUSG00000110731,1.0
ENSMUSG00000044499,0.7275086575333217
ENSMUSG00000019777,0.68844871252631
ENSMUSG00000069662,0.3682998588444925
ENSMUSG00000046463,1.0
ENSMUSG00000110799,1.0
ENSMUSG00000097742,1.0
ENSMUSG00000111488,1.0
ENSMUSG00000111234,1.0
ENSMUSG00000111208,1.0
ENSMUSG00000094311,1.0
ENSMUSG00000019846,0.6752461917512923
ENSMUSG00000051736,0.7932119146852237
ENSMUSG00000019845,0.9951820768655005
ENSMUSG00000062074,1.0
ENSMUSG00000111055,1.0
ENSMUSG00000111008,1.0
ENSMUSG00000111183,1.0
ENSMUSG00000019843,0.4932603898286125
ENSMUSG00000087014,1.0
ENSMUSG00000086915,0.9124667470697254
ENSMUSG00000019842,0.7755244376658933
ENSMUSG00000087177,0.5884378256637707
ENSMUSG00000019841,0.511827516366505
ENSMUSG00000096687,0.999787708104136
ENSMUSG00000097890,1.0
ENSMUSG00000038528,1.0
ENSMUSG00000038522,1.0
ENSMUSG00000019838,0.8004154107280137
ENSMUSG00000110781,1.0
ENSMUSG00000111045,1.0
ENSMUSG00000038510,0.8292991620759791
ENSMUSG00000019837,0.7751597668108037
ENSMUSG00000111665,1.0
ENSMUSG00000075232,0.6404602802827575
ENSMUSG00000038481,0.4149270550106098
ENSMUSG00000038491,1.0
ENSMUSG00000019834,1.0
ENSMUSG00000063428,0.6306471606935103
ENSMUSG00000045555,0.8703866238536142
ENSMUSG00000038446,0.5983091562377504
ENSMUSG00000019831,0.6590535559955881
ENSMUSG00000111098,1.0
ENSMUSG00000046922,1.0
ENSMUSG00000111576,1.0
ENSMUSG00000111587,1.0
ENSMUSG00000038417,0.7294738068733012
ENSMUSG00000091415,1.0
ENSMUSG00000019826,0.8170349749436614
ENSMUSG00000019823,0.8657436342529131
ENSMUSG00000019822,0.800827717979928
ENSMUSG00000078451,0.7217452005726501
ENSMUSG00000019818,0.5181041792716659
ENSMUSG00000075225,0.8336146349825727
ENSMUSG00000090708,1.0
ENSMUSG00000091370,1.0
ENSMUSG00000019813,0.7312147913403125
ENSMUSG00000102114,1.0
ENSMUSG00000038332,0.4800995557562445
ENSMUSG00000071324,0.8007511122752767
ENSMUSG00000111103,1.0
ENSMUSG00000048756,0.5744887755008109
ENSMUSG00000038302,0.6413715931219062
ENSMUSG00000019804,0.45589748179955475
ENSMUSG00000019803,0.791453247766197
ENSMUSG00000038280,0.6738534958351783
ENSMUSG00000086434,1.0
ENSMUSG00000086428,1.0
ENSMUSG00000019802,0.5494159873019484
ENSMUSG00000044770,0.9966589499308229
ENSMUSG00000111293,1.0
ENSMUSG00000111086,1.0
ENSMUSG00000038248,0.5504675836193592
ENSMUSG00000111171,1.0
ENSMUSG00000102062,1.0
ENSMUSG00000045008,1.0
ENSMUSG00000038240,0.5827191580912547
ENSMUSG00000038214,1.0
ENSMUSG00000111368,0.9744004205357603
ENSMUSG00000045886,1.0
ENSMUSG00000019797,0.7992735365552773
ENSMUSG00000047139,0.9603578291029894
ENSMUSG00000075184,1.0
ENSMUSG00000111565,1.0
ENSMUSG00000111749,1.0
ENSMUSG00000111575,1.0
ENSMUSG00000111377,1.0
ENSMUSG00000111422,1.0
ENSMUSG00000111342,1.0
ENSMUSG00000019863,0.8340775055765447
ENSMUSG00000019864,0.8824290655106211
ENSMUSG00000019866,1.0
ENSMUSG00000038160,0.6476056201482837
ENSMUSG00000111078,1.0
ENSMUSG00000038151,0.9624621181561543
ENSMUSG00000111463,1.0
ENSMUSG00000111116,1.0
ENSMUSG00000111535,0.989548523454124
ENSMUSG00000111034,1.0
ENSMUSG00000111362,1.0
ENSMUSG00000111494,1.0
ENSMUSG00000110893,1.0
ENSMUSG00000111868,1.0
ENSMUSG00000110898,1.0
ENSMUSG00000110891,1.0
ENSMUSG00000019849,0.8277937711157634
ENSMUSG00000019848,1.0
ENSMUSG00000090088,1.0
ENSMUSG00000071317,1.0
ENSMUSG00000063804,0.9362069334324356
ENSMUSG00000038822,0.6565784425045359
ENSMUSG00000110874,1.0
ENSMUSG00000111182,1.0
ENSMUSG00000110843,0.7533723326079689
ENSMUSG00000111419,1.0
ENSMUSG00000111262,1.0
ENSMUSG00000056073,0.37710816992325347
ENSMUSG00000097884,1.0
ENSMUSG00000112103,1.0
ENSMUSG00000111202,1.0
ENSMUSG00000038774,0.5398168809290219
ENSMUSG00000019913,1.0
ENSMUSG00000112212,1.0
ENSMUSG00000112023,1.0
ENSMUSG00000112766,0.9873533450210477
ENSMUSG00000112148,1.0
ENSMUSG00000112843,0.8594223826149888
ENSMUSG00000019909,1.0
ENSMUSG00000019905,1.0
ENSMUSG00000112878,1.0
ENSMUSG00000019900,1.0
ENSMUSG00000062224,
ENSMUSG00000112270,1.0
ENSMUSG00000112337,1.0
ENSMUSG00000112659,1.0
ENSMUSG00000049641,1.0
ENSMUSG00000019893,1.0
ENSMUSG00000019891,0.8011027005069332
ENSMUSG00000019861,0.6502033240138428
ENSMUSG00000097704,
ENSMUSG00000038624,1.0
ENSMUSG00000023068,0.6513172274405289
ENSMUSG00000112552,1.0
ENSMUSG00000038602,0.5785880184696363
ENSMUSG00000112681,1.0
ENSMUSG00000112376,1.0
ENSMUSG00000112835,1.0
ENSMUSG00000038594,0.4933642578682043
ENSMUSG00000112709,1.0
ENSMUSG00000038583,0.9882679154764104
ENSMUSG00000112734,0.8364186025278477
ENSMUSG00000112132,1.0
ENSMUSG00000112733,1.0
ENSMUSG00000112739,1.0
ENSMUSG00000058298,0.7420479666939073
ENSMUSG00000112530,1.0
ENSMUSG00000112731,1.0
ENSMUSG00000019857,0.7517240886815079
ENSMUSG00000019856,0.5645472265802628
ENSMUSG00000112809,1.0
ENSMUSG00000003746,0.49877719483182936
ENSMUSG00000112824,1.0
ENSMUSG00000097069,1.0
ENSMUSG00000038122,0.692531893400724
ENSMUSG00000047669,0.8348550660612573
ENSMUSG00000050953,0.3703768644520174
ENSMUSG00000112833,1.0
ENSMUSG00000112175,1.0
ENSMUSG00000112837,1.0
ENSMUSG00000112327,1.0
ENSMUSG00000112345,1.0
ENSMUSG00000097370,1.0
ENSMUSG00000019878,0.7524218752561406
ENSMUSG00000019877,0.420709907690823
ENSMUSG00000019876,0.6386092339008999
ENSMUSG00000019874,0.6218853652453384
ENSMUSG00000019872,0.7030949276789441
ENSMUSG00000058537,
ENSMUSG00000075046,1.0
ENSMUSG00000075045,1.0
ENSMUSG00000038039,0.5505652835609818
ENSMUSG00000019920,0.4541129690752656
ENSMUSG00000003226,0.5652885349574203
ENSMUSG00000038010,0.7580455228662265
ENSMUSG00000003227,1.0
ENSMUSG00000091526,1.0
ENSMUSG00000091731,1.0
ENSMUSG00000037990,0.7716166936877824
ENSMUSG00000019917,0.7409478724883011
ENSMUSG00000098188,0.6603165866858626
ENSMUSG00000019916,0.5035319933196305
ENSMUSG00000009646,1.0
ENSMUSG00000009654,1.0
ENSMUSG00000009647,0.5681120833113172
ENSMUSG00000071280,1.0
ENSMUSG00000020111,0.5918365604764274
ENSMUSG00000091184,1.0
ENSMUSG00000020109,0.6677854696516934
ENSMUSG00000020108,0.6050409286468765
ENSMUSG00000020107,0.5320671553466605
ENSMUSG00000044475,0.7520825691532002
ENSMUSG00000058297,0.3287660408278982
ENSMUSG00000057337,0.8450773391283368
ENSMUSG00000004207,0.34175656068021065
ENSMUSG00000012819,0.586075591849402
ENSMUSG00000020101,0.4455533227267499
ENSMUSG00000090439,1.0
ENSMUSG00000020100,0.5857269961714685
ENSMUSG00000020099,0.5210908967306095
ENSMUSG00000037247,1.0
ENSMUSG00000098055,1.0
ENSMUSG00000093568,1.0
ENSMUSG00000093489,1.0
ENSMUSG00000093573,1.0
ENSMUSG00000020098,0.9988537158296948
ENSMUSG00000020097,0.6523925525837769
ENSMUSG00000020096,0.9990203211276294
ENSMUSG00000059901,1.0
ENSMUSG00000037202,1.0
ENSMUSG00000020092,0.6299598831589999
ENSMUSG00000037171,1.0
ENSMUSG00000020091,0.5864743017479578
ENSMUSG00000112229,1.0
ENSMUSG00000043126,1.0
ENSMUSG00000037151,0.8214671113177262
ENSMUSG00000112080,1.0
ENSMUSG00000112058,1.0
ENSMUSG00000101792,1.0
ENSMUSG00000020090,1.0
ENSMUSG00000020089,0.8040031560249425
ENSMUSG00000112581,1.0
ENSMUSG00000020088,0.6353235869021315
ENSMUSG00000020087,0.8496962198357165
ENSMUSG00000020085,0.9427739355802371
ENSMUSG00000020086,0.8128070990811163
ENSMUSG00000058806,1.0
ENSMUSG00000020083,0.8565127440515161
ENSMUSG00000044312,1.0
ENSMUSG00000037031,0.6456736870024347
ENSMUSG00000020081,1.0
ENSMUSG00000037012,0.6111949394493161
ENSMUSG00000085347,1.0
ENSMUSG00000020080,1.0
ENSMUSG00000020079,0.8192640932562218
ENSMUSG00000097129,1.0
ENSMUSG00000020078,0.669429511278586
ENSMUSG00000020077,0.5395521588881169
ENSMUSG00000036955,0.6247390028881443
ENSMUSG00000105203,1.0
ENSMUSG00000020075,0.7229066293601021
ENSMUSG00000112347,1.0
ENSMUSG00000020076,0.5138439512061943
ENSMUSG00000036923,0.9994589889247081
ENSMUSG00000020074,0.5297764164236474
ENSMUSG00000047146,0.6610043880658497
ENSMUSG00000071253,0.7603676998205725
ENSMUSG00000036875,0.9532362617399084
ENSMUSG00000020070,0.6760941294278116
ENSMUSG00000084985,1.0
ENSMUSG00000020069,0.5265038897822358
ENSMUSG00000020072,0.9996531092680355
ENSMUSG00000087030,1.0
ENSMUSG00000112129,1.0
ENSMUSG00000112374,1.0
ENSMUSG00000036816,0.9213712736951473
ENSMUSG00000020067,1.0
ENSMUSG00000045391,1.0
ENSMUSG00000020064,0.549219477265351
ENSMUSG00000096991,1.0
ENSMUSG00000020063,0.7222160006588982
ENSMUSG00000085372,1.0
ENSMUSG00000036764,0.8315466429220228
ENSMUSG00000048185,1.0
ENSMUSG00000060843,0.42123994028799566
ENSMUSG00000042846,0.5058003041450183
ENSMUSG00000100528,
ENSMUSG00000112913,1.0
ENSMUSG00000100000,1.0
ENSMUSG00000112210,1.0
ENSMUSG00000101338,1.0
ENSMUSG00000112202,1.0
ENSMUSG00000112383,1.0
ENSMUSG00000112425,1.0
ENSMUSG00000112514,1.0
ENSMUSG00000112379,1.0
ENSMUSG00000112267,1.0
ENSMUSG00000097134,1.0
ENSMUSG00000097921,1.0
ENSMUSG00000112925,0.740258251666903
ENSMUSG00000019873,0.4240809740323302
ENSMUSG00000037876,0.3809913242777687
ENSMUSG00000075000,0.7247811383236726
ENSMUSG00000112314,1.0
ENSMUSG00000112848,1.0
ENSMUSG00000112726,1.0
ENSMUSG00000112120,1.0
ENSMUSG00000037868,1.0
ENSMUSG00000057134,0.5249690281996604
ENSMUSG00000112141,1.0
ENSMUSG00000112558,1.0
ENSMUSG00000112097,1.0
ENSMUSG00000112619,1.0
ENSMUSG00000116971,1.0
ENSMUSG00000037855,0.6923296458186081
ENSMUSG00000112899,1.0
ENSMUSG00000037846,0.8558018140000526
ENSMUSG00000086838,1.0
ENSMUSG00000019947,0.47118788600795286
ENSMUSG00000112275,1.0
ENSMUSG00000112157,1.0
ENSMUSG00000019945,1.0
ENSMUSG00000112793,1.0
ENSMUSG00000060044,1.0
ENSMUSG00000112333,
ENSMUSG00000112331,1.0
ENSMUSG00000112083,
ENSMUSG00000111941,1.0
ENSMUSG00000019944,0.5644934923277449
ENSMUSG00000090622,1.0
ENSMUSG00000112798,1.0
ENSMUSG00000019942,1.0
ENSMUSG00000069601,0.36023253765795565
ENSMUSG00000048701,0.6756529228073854
ENSMUSG00000019933,1.0
ENSMUSG00000037762,0.7736940484411295
ENSMUSG00000089835,1.0
ENSMUSG00000112884,1.0
ENSMUSG00000043259,0.4859835206884016
ENSMUSG00000037747,0.4634710202153249
ENSMUSG00000112607,1.0
ENSMUSG00000112752,1.0
ENSMUSG00000112320,1.0
ENSMUSG00000112870,1.0
ENSMUSG00000112883,1.0
ENSMUSG00000112125,1.0
ENSMUSG00000047692,1.0
ENSMUSG00000112032,1.0
ENSMUSG00000014329,0.6365167108093011
ENSMUSG00000112745,1.0
ENSMUSG00000090212,1.0
ENSMUSG00000112366,1.0
ENSMUSG00000112189,1.0
ENSMUSG00000112028,1.0
ENSMUSG00000003923,0.7508046615021774
ENSMUSG00000019927,0.5461459912619571
ENSMUSG00000112813,1.0
ENSMUSG00000093732,1.0
ENSMUSG00000037710,0.5327385415031745
ENSMUSG00000060733,0.696943869595432
ENSMUSG00000112108,1.0
ENSMUSG00000112416,1.0
ENSMUSG00000112126,1.0
ENSMUSG00000112414,1.0
ENSMUSG00000019923,0.5295447717221787
ENSMUSG00000112168,1.0
ENSMUSG00000111994,0.6688964542444942
ENSMUSG00000052613,0.4784778450784433
ENSMUSG00000085456,0.8800965462650967
ENSMUSG00000085176,1.0
ENSMUSG00000009070,1.0
ENSMUSG00000040009,0.7868528198157354
ENSMUSG00000020175,0.8150306657470102
ENSMUSG00000009681,0.6227257151531631
ENSMUSG00000033444,0.5780650985266558
ENSMUSG00000020178,0.8680838230858011
ENSMUSG00000033416,0.7843461697737808
ENSMUSG00000033427,1.0
ENSMUSG00000020180,0.645128013664773
ENSMUSG00000046807,0.8472108191592704
ENSMUSG00000006345,1.0
ENSMUSG00000006344,0.7276090525026839
ENSMUSG00000006342,1.0
ENSMUSG00000020196,0.6464092527825388
ENSMUSG00000001666,0.6747257129984178
ENSMUSG00000001665,0.9542496391509352
ENSMUSG00000001663,0.7898149439431776
ENSMUSG00000009093,1.0
ENSMUSG00000033318,0.7862737945772768
ENSMUSG00000033307,0.5452306833458489
ENSMUSG00000009092,1.0
ENSMUSG00000000902,0.6755863779822262
ENSMUSG00000000901,1.0
ENSMUSG00000049422,0.47654784749278173
ENSMUSG00000050157,1.0
ENSMUSG00000000903,1.0
ENSMUSG00000033255,1.0
ENSMUSG00000085662,
ENSMUSG00000049764,0.8821417150277867
ENSMUSG00000020226,1.0
ENSMUSG00000086798,1.0
ENSMUSG00000020229,1.0
ENSMUSG00000020230,0.7333934884350644
ENSMUSG00000033208,0.5072297317459487
ENSMUSG00000020231,0.5090117579421446
ENSMUSG00000089711,1.0
ENSMUSG00000001151,0.6810606769690052
ENSMUSG00000101695,1.0
ENSMUSG00000117965,1.0
ENSMUSG00000009114,1.0
ENSMUSG00000033126,0.9259444669669996
ENSMUSG00000001150,0.7686797006508895
ENSMUSG00000033105,0.8252373882050947
ENSMUSG00000086241,1.0
ENSMUSG00000009115,1.0
ENSMUSG00000085468,1.0
ENSMUSG00000001155,1.0
ENSMUSG00000020241,1.0
ENSMUSG00000112721,1.0
ENSMUSG00000001119,0.974140148259232
ENSMUSG00000112291,1.0
ENSMUSG00000001120,0.6225253897708461
ENSMUSG00000112143,1.0
ENSMUSG00000112773,1.0
ENSMUSG00000074919,1.0
ENSMUSG00000001436,0.7285636301740013
ENSMUSG00000001435,0.990155138532391
ENSMUSG00000078444,1.0
ENSMUSG00000020260,0.7337606299228768
ENSMUSG00000020262,0.636586681789438
ENSMUSG00000112818,1.0
ENSMUSG00000032977,0.7638910125821536
ENSMUSG00000000290,0.7514428411647379
ENSMUSG00000009291,0.5119077278382661
ENSMUSG00000020265,0.6093316025166451
ENSMUSG00000009293,0.7273475613746906
ENSMUSG00000069581,1.0
ENSMUSG00000095970,
ENSMUSG00000112170,
ENSMUSG00000069584,1.0
ENSMUSG00000094012,1.0
ENSMUSG00000094146,
ENSMUSG00000069583,1.0
ENSMUSG00000096421,1.0
ENSMUSG00000112864,1.0
ENSMUSG00000112380,1.0
ENSMUSG00000094120,
ENSMUSG00000095817,
ENSMUSG00000095593,
ENSMUSG00000096481,
ENSMUSG00000095721,
ENSMUSG00000096131,
ENSMUSG00000096380,1.0
ENSMUSG00000094913,1.0
ENSMUSG00000112600,1.0
ENSMUSG00000069582,1.0
ENSMUSG00000112223,1.0
ENSMUSG00000112653,1.0
ENSMUSG00000071195,1.0
ENSMUSG00000111915,1.0
ENSMUSG00000096573,1.0
ENSMUSG00000051652,0.8438132904650034
ENSMUSG00000009292,0.8159932798890503
ENSMUSG00000020284,0.8756630650916505
ENSMUSG00000020277,0.7516277667678245
ENSMUSG00000000731,1.0
ENSMUSG00000000730,1.0
ENSMUSG00000000732,0.825392013861609
ENSMUSG00000112662,1.0
ENSMUSG00000053329,0.7621903301771077
ENSMUSG00000032834,0.9333098237479661
ENSMUSG00000000374,0.5703193837238044
ENSMUSG00000112433,1.0
ENSMUSG00000001211,0.5139854187721923
ENSMUSG00000112641,1.0
ENSMUSG00000061032,0.6206961285966353
ENSMUSG00000005054,0.7011405129409127
ENSMUSG00000112652,1.0
ENSMUSG00000032788,0.5789055995573132
ENSMUSG00000112224,1.0
ENSMUSG00000107822,1.0
ENSMUSG00000032763,0.7965328424028728
ENSMUSG00000032714,0.8008045864131929
ENSMUSG00000071185,1.0
ENSMUSG00000112674,1.0
ENSMUSG00000005355,1.0
ENSMUSG00000078442,1.0
ENSMUSG00000109776,1.0
ENSMUSG00000005357,0.9936426522078103
ENSMUSG00000051190,1.0
ENSMUSG00000062873,1.0
ENSMUSG00000094673,
ENSMUSG00000094080,1.0
ENSMUSG00000042774,1.0
ENSMUSG00000112732,1.0
ENSMUSG00000046493,1.0
ENSMUSG00000063216,1.0
ENSMUSG00000060205,1.0
ENSMUSG00000060301,0.6741751099980606
ENSMUSG00000091888,1.0
ENSMUSG00000055515,1.0
ENSMUSG00000091468,1.0
ENSMUSG00000112907,1.0
ENSMUSG00000091381,1.0
ENSMUSG00000052151,0.9323193406909147
ENSMUSG00000042570,0.8549434087649491
ENSMUSG00000020317,1.0
ENSMUSG00000045912,1.0
ENSMUSG00000020312,0.9402055574578234
ENSMUSG00000111977,0.9999991105754232
ENSMUSG00000035963,1.0
ENSMUSG00000020310,1.0
ENSMUSG00000020308,0.7585578515377467
ENSMUSG00000020307,0.8061030641723671
ENSMUSG00000054206,0.9989004604829209
ENSMUSG00000023175,0.28857082146907864
ENSMUSG00000020331,0.4790051992085891
ENSMUSG00000020329,0.848232925010511
ENSMUSG00000020327,0.9748973417486972
ENSMUSG00000035890,0.736912070967735
ENSMUSG00000020325,1.0
ENSMUSG00000020323,1.0
ENSMUSG00000035863,0.5775199606502357
ENSMUSG00000112828,1.0
ENSMUSG00000035852,1.0
ENSMUSG00000091994,1.0
ENSMUSG00000006498,0.6323247412042045
ENSMUSG00000035835,0.9542030873866769
ENSMUSG00000090860,1.0
ENSMUSG00000057729,1.0
ENSMUSG00000020125,1.0
ENSMUSG00000061780,1.0
ENSMUSG00000013833,0.8457104514211018
ENSMUSG00000035781,0.6350910381439753
ENSMUSG00000097854,1.0
ENSMUSG00000035773,1.0
ENSMUSG00000019564,0.7452282435818869
ENSMUSG00000035754,0.8082927987083819
ENSMUSG00000035745,1.0
ENSMUSG00000013858,0.6167204530732066
ENSMUSG00000004665,0.7341045985320541
ENSMUSG00000035722,0.7713856033721308
ENSMUSG00000035697,0.5760050524879852
ENSMUSG00000004667,0.6799881365658984
ENSMUSG00000075706,0.38108663549004046
ENSMUSG00000035673,0.6873107497839023
ENSMUSG00000003068,0.6292698668536275
ENSMUSG00000035640,0.6918613304467165
ENSMUSG00000003072,0.5135685716511917
ENSMUSG00000035621,0.6325528706788813
ENSMUSG00000045193,0.642640887932269
ENSMUSG00000035595,0.8957730548916943
ENSMUSG00000003070,0.8246373835867185
ENSMUSG00000020156,0.7254286414013839
ENSMUSG00000020153,0.575997955436053
ENSMUSG00000020150,0.757223325041467
ENSMUSG00000069565,0.6183485336618311
ENSMUSG00000087672,1.0
ENSMUSG00000063457,0.3513770852971946
ENSMUSG00000020135,0.7056317902390954
ENSMUSG00000020133,0.6936718716868433
ENSMUSG00000020131,1.0
ENSMUSG00000035504,1.0
ENSMUSG00000043822,0.9502091097336133
ENSMUSG00000035486,0.9226457263047175
ENSMUSG00000087432,1.0
ENSMUSG00000085712,1.0
ENSMUSG00000048696,0.8291283466143695
ENSMUSG00000035478,0.6216872755157424
ENSMUSG00000020163,0.45018674377882223
ENSMUSG00000020167,0.6832849887417942
ENSMUSG00000045518,1.0
ENSMUSG00000003341,1.0
ENSMUSG00000047417,0.6488927712740962
ENSMUSG00000035397,0.9238632049486791
ENSMUSG00000003346,0.5652160403349605
ENSMUSG00000100201,1.0
ENSMUSG00000113949,1.0
ENSMUSG00000113640,1.0
ENSMUSG00000035370,1.0
ENSMUSG00000003345,0.6186752685405787
ENSMUSG00000003344,0.7233324132885464
ENSMUSG00000020190,0.7143619296418986
ENSMUSG00000003348,0.8347356632701042
ENSMUSG00000055862,0.785902237135687
ENSMUSG00000020198,0.6241586113457522
ENSMUSG00000061589,0.6183240144651654
ENSMUSG00000075558,1.0
ENSMUSG00000035278,0.6495872663979312
ENSMUSG00000020211,0.8273218572078475
ENSMUSG00000035262,1.0
ENSMUSG00000020216,1.0
ENSMUSG00000035242,0.3486036825991462
ENSMUSG00000051067,0.9375641805021819
ENSMUSG00000035215,0.6682823001516358
ENSMUSG00000035206,0.7074167318317609
ENSMUSG00000059406,1.0
ENSMUSG00000020219,0.5183858132981638
ENSMUSG00000062075,0.8714982789485202
ENSMUSG00000015312,0.7545597191382621
ENSMUSG00000048240,0.6828611706770678
ENSMUSG00000043670,0.8395196008831209
ENSMUSG00000087114,1.0
ENSMUSG00000046822,0.7310438940755352
ENSMUSG00000004937,0.5958038842974938
ENSMUSG00000004929,0.9254385613763066
ENSMUSG00000035041,1.0
ENSMUSG00000035027,0.559491986763102
ENSMUSG00000035011,0.4849393499776482
ENSMUSG00000004934,0.7142641866530777
ENSMUSG00000034994,0.39425732227700433
ENSMUSG00000034974,0.827290798781984
ENSMUSG00000085779,1.0
ENSMUSG00000004939,1.0
ENSMUSG00000034958,0.750225742475648
ENSMUSG00000034949,0.7585411930628406
ENSMUSG00000004933,0.7883377711938766
ENSMUSG00000034932,0.7442093593150207
ENSMUSG00000004931,0.8266969281818826
ENSMUSG00000034917,1.0
ENSMUSG00000034902,0.6110769315047279
ENSMUSG00000090230,1.0
ENSMUSG00000034889,0.8326182118835385
ENSMUSG00000034881,1.0
ENSMUSG00000034872,1.0
ENSMUSG00000020232,0.6527053206485572
ENSMUSG00000034854,0.8812132278646286
ENSMUSG00000020234,1.0
ENSMUSG00000020235,0.7898413839387702
ENSMUSG00000078440,0.7238798336636443
ENSMUSG00000114004,1.0
ENSMUSG00000078439,1.0
ENSMUSG00000055053,0.4797036120676836
ENSMUSG00000085327,1.0
ENSMUSG00000034818,0.7236027104282663
ENSMUSG00000084849,0.9587246564439216
ENSMUSG00000020238,0.670304394790432
ENSMUSG00000044199,1.0
ENSMUSG00000034792,0.6951018977140898
ENSMUSG00000112350,1.0
ENSMUSG00000034781,0.5633625568888212
ENSMUSG00000054452,0.452998722692818
ENSMUSG00000090034,1.0
ENSMUSG00000034771,0.7842024319267622
ENSMUSG00000034758,1.0
ENSMUSG00000074862,0.989677854639339
ENSMUSG00000034748,0.9393181888348917
ENSMUSG00000054708,0.80204421328226
ENSMUSG00000096856,1.0
ENSMUSG00000096795,1.0
ENSMUSG00000094622,0.9958921574333436
ENSMUSG00000094076,1.0
ENSMUSG00000112640,1.0
ENSMUSG00000096718,0.9999069042580934
ENSMUSG00000061371,0.9283211629986711
ENSMUSG00000112160,0.960399671665577
ENSMUSG00000078435,0.8470972786411758
ENSMUSG00000112110,1.0
ENSMUSG00000062931,0.7973533920538005
ENSMUSG00000044581,1.0
ENSMUSG00000073427,0.7974183685808501
ENSMUSG00000094186,1.0
ENSMUSG00000063320,0.8208687640051813
ENSMUSG00000034674,0.7161022642236757
ENSMUSG00000020251,1.0
ENSMUSG00000020246,0.7801747806476864
ENSMUSG00000020248,0.727856771795472
ENSMUSG00000112286,1.0
ENSMUSG00000056821,1.0
ENSMUSG00000020250,0.6996471196812201
ENSMUSG00000112375,0.9966546984501773
ENSMUSG00000109864,1.0
ENSMUSG00000034612,0.5418293910581198
ENSMUSG00000090200,1.0
ENSMUSG00000034591,0.8190322459437546
ENSMUSG00000112134,1.0
ENSMUSG00000020255,0.7138132192656035
ENSMUSG00000020256,0.9097551147459678
ENSMUSG00000034560,0.5577980584848284
ENSMUSG00000020263,0.49544064959682577
ENSMUSG00000087651,0.8384446968752636
ENSMUSG00000111699,1.0
ENSMUSG00000111049,1.0
ENSMUSG00000111524,1.0
ENSMUSG00000111062,1.0
ENSMUSG00000020032,0.5561594713850613
ENSMUSG00000111583,0.9998640264260661
ENSMUSG00000020033,1.0
ENSMUSG00000111514,1.0
ENSMUSG00000046841,0.7719362678189725
ENSMUSG00000097076,1.0
ENSMUSG00000020034,0.7424466321117432
ENSMUSG00000097309,1.0
ENSMUSG00000034453,0.7357203132861939
ENSMUSG00000020037,0.5364790267079187
ENSMUSG00000035620,0.6433676972742491
ENSMUSG00000050035,1.0
ENSMUSG00000060935,0.7356848224577237
ENSMUSG00000049038,0.8516944738139948
ENSMUSG00000020038,0.7349219191059497
ENSMUSG00000111752,1.0
ENSMUSG00000020042,0.779421939019326
ENSMUSG00000111435,1.0
ENSMUSG00000112826,1.0
ENSMUSG00000001785,0.8550212026561046
ENSMUSG00000035529,0.8676994408131263
ENSMUSG00000085111,0.9941924255518075
ENSMUSG00000001783,0.6633787599173206
ENSMUSG00000050108,1.0
ENSMUSG00000097692,1.0
ENSMUSG00000001786,0.5948609019535782
ENSMUSG00000059602,0.6250441551133131
ENSMUSG00000112493,1.0
ENSMUSG00000087256,1.0
ENSMUSG00000020044,0.3585423239026462
ENSMUSG00000112586,1.0
ENSMUSG00000112666,1.0
ENSMUSG00000020048,0.41145830897912955
ENSMUSG00000084899,1.0
ENSMUSG00000044937,0.961719366550789
ENSMUSG00000054027,0.6948238196689331
ENSMUSG00000089959,1.0
ENSMUSG00000035459,1.0
ENSMUSG00000089881,1.0
ENSMUSG00000089656,1.0
ENSMUSG00000047129,1.0
ENSMUSG00000112213,1.0
ENSMUSG00000020052,0.9208984610983976
ENSMUSG00000020051,1.0
ENSMUSG00000058934,1.0
ENSMUSG00000020053,0.9482738649206804
ENSMUSG00000112183,1.0
ENSMUSG00000035383,1.0
ENSMUSG00000035365,1.0
ENSMUSG00000112406,1.0
ENSMUSG00000035351,0.9298464441085494
ENSMUSG00000020056,0.7184132549206765
ENSMUSG00000020057,0.9576195229838198
ENSMUSG00000035311,0.6368810098571484
ENSMUSG00000087429,1.0
ENSMUSG00000060002,0.4764990282681604
ENSMUSG00000020059,0.7804971093031913
ENSMUSG00000020061,1.0
ENSMUSG00000004359,1.0
ENSMUSG00000060904,0.6066299602111955
ENSMUSG00000004356,0.7804784946497301
ENSMUSG00000020062,1.0
ENSMUSG00000035189,0.4281137170753597
ENSMUSG00000074802,1.0
ENSMUSG00000047638,1.0
ENSMUSG00000019935,1.0
ENSMUSG00000069539,0.741889963014788
ENSMUSG00000097383,0.8634667020436386
ENSMUSG00000019948,0.8137953958264168
ENSMUSG00000019951,0.6667075367731211
ENSMUSG00000058589,0.3597028054592812
ENSMUSG00000112153,0.9327688048600652
ENSMUSG00000019979,0.7470199363003904
ENSMUSG00000019975,0.7453990503767112
ENSMUSG00000061904,0.4875015899442676
ENSMUSG00000019961,0.6364721451904313
ENSMUSG00000111544,1.0
ENSMUSG00000111525,1.0
ENSMUSG00000111657,1.0
ENSMUSG00000112117,0.5025915130152381
ENSMUSG00000098040,1.0
ENSMUSG00000110794,1.0
ENSMUSG00000111470,1.0
ENSMUSG00000019988,0.7897851604883414
ENSMUSG00000020014,0.9562901739127696
ENSMUSG00000111013,1.0
ENSMUSG00000020015,0.5093291117699705
ENSMUSG00000008398,0.5557891035053549
ENSMUSG00000111531,1.0
ENSMUSG00000110647,1.0
ENSMUSG00000015889,0.7216917289521901
ENSMUSG00000020017,1.0
ENSMUSG00000015890,1.0
ENSMUSG00000036168,1.0
ENSMUSG00000020018,0.5726595380540823
ENSMUSG00000097407,1.0
ENSMUSG00000111366,1.0
ENSMUSG00000020019,0.6221118203845656
ENSMUSG00000085723,1.0
ENSMUSG00000086891,1.0
ENSMUSG00000020020,1.0
ENSMUSG00000036112,0.5240914337111803
ENSMUSG00000097689,1.0
ENSMUSG00000036099,0.5971386925702272
ENSMUSG00000020021,0.6167693939588593
ENSMUSG00000005897,0.7174175499269999
ENSMUSG00000020022,0.568273542488898
ENSMUSG00000053420,1.0
ENSMUSG00000020023,0.3439100057476377
ENSMUSG00000085409,1.0
ENSMUSG00000086269,1.0
ENSMUSG00000112477,1.0
ENSMUSG00000097164,0.7701360763868156
ENSMUSG00000020024,0.6561945526587469
ENSMUSG00000112669,1.0
ENSMUSG00000074785,0.7867751985219272
ENSMUSG00000112277,1.0
ENSMUSG00000112481,1.0
ENSMUSG00000112501,1.0
ENSMUSG00000045867,0.6104044800961126
ENSMUSG00000112593,1.0
ENSMUSG00000100550,1.0
ENSMUSG00000020027,0.7873055935823036
ENSMUSG00000097766,1.0
ENSMUSG00000112261,1.0
ENSMUSG00000062981,0.6202970382838026
ENSMUSG00000074781,0.5859284994727707
ENSMUSG00000020029,0.501865074697288
ENSMUSG00000112439,1.0
ENSMUSG00000112538,1.0
ENSMUSG00000074780,1.0
ENSMUSG00000112519,1.0
ENSMUSG00000112289,1.0
ENSMUSG00000112188,1.0
ENSMUSG00000101517,1.0
ENSMUSG00000112771,1.0
ENSMUSG00000112599,1.0
ENSMUSG00000110353,1.0
ENSMUSG00000112400,1.0
ENSMUSG00000036499,0.5637470806784266
ENSMUSG00000096486,1.0
ENSMUSG00000112762,1.0
ENSMUSG00000112234,1.0
ENSMUSG00000112290,1.0
ENSMUSG00000112749,1.0
ENSMUSG00000112264,1.0
ENSMUSG00000112354,1.0
ENSMUSG00000036478,0.46771309434185265
ENSMUSG00000111912,1.0
ENSMUSG00000112488,1.0
ENSMUSG00000111924,1.0
ENSMUSG00000019929,1.0
ENSMUSG00000036446,1.0
ENSMUSG00000112484,1.0
ENSMUSG00000019932,1.0
ENSMUSG00000019936,1.0
ENSMUSG00000074776,0.951851797049687
ENSMUSG00000047025,1.0
ENSMUSG00000112497,1.0
ENSMUSG00000079183,1.0
ENSMUSG00000112896,1.0
ENSMUSG00000112874,1.0
ENSMUSG00000112647,1.0
ENSMUSG00000019943,0.4297140999036931
ENSMUSG00000112346,0.9991575293915149
ENSMUSG00000019952,0.705152931058057
ENSMUSG00000090035,0.9071670360836794
ENSMUSG00000055108,1.0
ENSMUSG00000089994,1.0
ENSMUSG00000112805,1.0
ENSMUSG00000112902,1.0
ENSMUSG00000111923,1.0
ENSMUSG00000019960,0.5782027241641359
ENSMUSG00000112384,0.9919149441248405
ENSMUSG00000112544,1.0
ENSMUSG00000044633,1.0
ENSMUSG00000112082,1.0
ENSMUSG00000112265,1.0
ENSMUSG00000111962,1.0
ENSMUSG00000112810,1.0
ENSMUSG00000113032,1.0
ENSMUSG00000046934,1.0
ENSMUSG00000112304,1.0
ENSMUSG00000019966,0.43254213051368806
ENSMUSG00000112831,1.0
ENSMUSG00000094314,1.0
ENSMUSG00000091101,
ENSMUSG00000112931,
ENSMUSG00000112856,
ENSMUSG00000096744,
ENSMUSG00000112485,1.0
ENSMUSG00000096640,1.0
ENSMUSG00000036676,0.7369450101622984
ENSMUSG00000019971,0.6731993557237355
ENSMUSG00000046567,0.8057212926056647
ENSMUSG00000112000,1.0
ENSMUSG00000056912,1.0
ENSMUSG00000112104,0.967759050246809
ENSMUSG00000019888,0.4318288171790947
ENSMUSG00000112342,1.0
ENSMUSG00000111990,1.0
ENSMUSG00000112073,1.0
ENSMUSG00000019890,0.9985455276237349
ENSMUSG00000044921,0.8761224889336718
ENSMUSG00000112845,1.0
ENSMUSG00000036602,1.0
ENSMUSG00000090638,
ENSMUSG00000019892,1.0
ENSMUSG00000019894,0.8009518885074732
ENSMUSG00000112636,1.0
ENSMUSG00000112319,1.0
ENSMUSG00000112554,1.0
ENSMUSG00000112281,
ENSMUSG00000091779,1.0
ENSMUSG00000097427,
ENSMUSG00000097878,
ENSMUSG00000097550,
ENSMUSG00000094144,
ENSMUSG00000095022,
ENSMUSG00000090854,1.0
ENSMUSG00000036019,0.36536577314136987
ENSMUSG00000085282,0.9212650465001594
ENSMUSG00000036009,0.6853261159130859
ENSMUSG00000019897,0.6182847456456307
ENSMUSG00000053825,0.5080594828515859
ENSMUSG00000112201,0.9810743801795658
ENSMUSG00000035948,0.6761074131857026
ENSMUSG00000112466,1.0
ENSMUSG00000019906,0.5070846862538794
ENSMUSG00000000435,1.0
ENSMUSG00000035923,1.0
ENSMUSG00000035916,0.9960296982262921
ENSMUSG00000091455,1.0
ENSMUSG00000112910,1.0
ENSMUSG00000019907,0.42339880784965855
ENSMUSG00000035873,0.9864710069535281
ENSMUSG00000112532,1.0
ENSMUSG00000035864,0.3978891385264316
ENSMUSG00000112039,1.0
ENSMUSG00000020181,0.36686111987581344
ENSMUSG00000112398,1.0
ENSMUSG00000020185,1.0
ENSMUSG00000101801,1.0
ENSMUSG00000020186,0.7303058595406835
ENSMUSG00000035798,0.5545780515775294
ENSMUSG00000020189,0.5265607639221597
ENSMUSG00000035759,0.9966573702748659
ENSMUSG00000112246,1.0
ENSMUSG00000058799,0.5587328805630973
ENSMUSG00000020205,0.6198464600506616
ENSMUSG00000100113,1.0
ENSMUSG00000097082,1.0
ENSMUSG00000112249,1.0
ENSMUSG00000112430,1.0
ENSMUSG00000112137,1.0
ENSMUSG00000112533,1.0
ENSMUSG00000063334,0.7435645175206541
ENSMUSG00000056888,1.0
ENSMUSG00000020213,1.0
ENSMUSG00000020214,1.0
ENSMUSG00000112611,1.0
ENSMUSG00000035694,1.0
ENSMUSG00000112564,1.0
ENSMUSG00000035681,0.7213412064885006
ENSMUSG00000100314,1.0
ENSMUSG00000112722,1.0
ENSMUSG00000074748,0.4344787916196276
ENSMUSG00000112228,1.0
ENSMUSG00000112767,1.0
ENSMUSG00000112087,1.0
ENSMUSG00000050663,0.5699128195490338
ENSMUSG00000089934,0.9916697470703711
ENSMUSG00000084865,0.8868757566071201
ENSMUSG00000111883,1.0
ENSMUSG00000112016,1.0
ENSMUSG00000006764,1.0
ENSMUSG00000020130,0.6791397626866287
ENSMUSG00000020132,0.5257658054503969
ENSMUSG00000069520,0.7091312241530747
ENSMUSG00000020137,0.588038370846748
ENSMUSG00000034163,0.5701476108043058
ENSMUSG00000020140,0.8415017376491821
ENSMUSG00000092210,0.9371441724223609
ENSMUSG00000112513,1.0
ENSMUSG00000034127,1.0
ENSMUSG00000020151,0.6020528284843201
ENSMUSG00000074734,1.0
ENSMUSG00000020154,0.3962660458064288
ENSMUSG00000054934,0.7596344984234221
ENSMUSG00000020164,1.0
ENSMUSG00000085837,0.9889467718411291
ENSMUSG00000020166,0.5364179354492487
ENSMUSG00000052291,0.5733228688851584
ENSMUSG00000097104,1.0
ENSMUSG00000100198,1.0
ENSMUSG00000112924,1.0
ENSMUSG00000034057,1.0
ENSMUSG00000064181,0.6747358841759993
ENSMUSG00000112627,1.0
ENSMUSG00000069518,1.0
ENSMUSG00000031294,1.0
ENSMUSG00000020169,1.0
ENSMUSG00000112242,1.0
ENSMUSG00000060187,1.0
ENSMUSG00000034024,0.6269192656641231
ENSMUSG00000020170,0.5904586780142151
ENSMUSG00000112753,1.0
ENSMUSG00000020171,0.7180023868469029
ENSMUSG00000112462,1.0
ENSMUSG00000020177,1.0
ENSMUSG00000069516,0.870976751066301
ENSMUSG00000069515,1.0
ENSMUSG00000055531,0.5429175082268944
ENSMUSG00000112728,1.0
ENSMUSG00000112796,1.0
ENSMUSG00000112344,1.0
ENSMUSG00000112399,1.0
ENSMUSG00000112476,
ENSMUSG00000020183,0.5854396087626524
ENSMUSG00000020184,0.6244874728587966
ENSMUSG00000060181,0.85522393473643
ENSMUSG00000052798,0.830311518025647
ENSMUSG00000052681,0.46875985417241894
ENSMUSG00000112711,1.0
ENSMUSG00000112458,1.0
ENSMUSG00000112500,1.0
ENSMUSG00000112470,1.0
ENSMUSG00000020212,0.9074957003429355
ENSMUSG00000112684,1.0
ENSMUSG00000074695,1.0
ENSMUSG00000112216,1.0
ENSMUSG00000112252,1.0
ENSMUSG00000090461,1.0
ENSMUSG00000112814,
ENSMUSG00000112419,
ENSMUSG00000112027,
ENSMUSG00000112781,
ENSMUSG00000112495,
ENSMUSG00000112919,1.0
ENSMUSG00000055170,1.0
ENSMUSG00000112230,1.0
ENSMUSG00000112029,1.0
ENSMUSG00000112535,1.0
ENSMUSG00000112198,1.0
ENSMUSG00000028630,0.746146031324912
ENSMUSG00000112854,1.0
ENSMUSG00000112540,1.0
ENSMUSG00000112778,1.0
ENSMUSG00000100681,1.0
ENSMUSG00000112609,1.0
ENSMUSG00000112161,1.0
ENSMUSG00000020114,0.6697855944115282
ENSMUSG00000112155,1.0
ENSMUSG00000100558,1.0
ENSMUSG00000085454,1.0
ENSMUSG00000085592,1.0
ENSMUSG00000034813,0.5658385561870839
ENSMUSG00000112555,1.0
ENSMUSG00000084764,1.0
ENSMUSG00000085418,1.0
ENSMUSG00000020228,0.8900076623824099
ENSMUSG00000020227,0.9790213642505624
ENSMUSG00000112894,1.0
ENSMUSG00000020225,0.643960666764912
ENSMUSG00000020224,0.6405933606397162
ENSMUSG00000056758,1.0
ENSMUSG00000034764,1.0
ENSMUSG00000090191,1.0
ENSMUSG00000112716,1.0
ENSMUSG00000111907,1.0
ENSMUSG00000044544,1.0
ENSMUSG00000051236,0.6839555570971365
ENSMUSG00000086444,1.0
ENSMUSG00000087480,1.0
ENSMUSG00000086522,1.0
ENSMUSG00000048661,0.6616010032940136
ENSMUSG00000112192,1.0
ENSMUSG00000020218,1.0
ENSMUSG00000112780,1.0
ENSMUSG00000112846,1.0
ENSMUSG00000112871,
ENSMUSG00000052302,0.7800731569670197
ENSMUSG00000112014,1.0
ENSMUSG00000034707,0.4822965049005276
ENSMUSG00000025795,0.5913300263277103
ENSMUSG00000112009,1.0
ENSMUSG00000112539,1.0
ENSMUSG00000111926,1.0
ENSMUSG00000112527,1.0
ENSMUSG00000020115,0.6315173835703142
ENSMUSG00000034667,0.6642139068453919
ENSMUSG00000047642,0.9668841162302246
ENSMUSG00000112526,1.0
ENSMUSG00000053684,0.9914160840905638
ENSMUSG00000020121,0.4717591300971067
ENSMUSG00000034620,0.6371172347945806
ENSMUSG00000111952,1.0
ENSMUSG00000112774,1.0
ENSMUSG00000112873,1.0
ENSMUSG00000020123,1.0
ENSMUSG00000112095,1.0
ENSMUSG00000034613,0.4853258066937194
ENSMUSG00000112220,1.0
ENSMUSG00000034602,0.5060320001549361
ENSMUSG00000020124,0.5527514359292718
ENSMUSG00000112294,1.0
ENSMUSG00000044071,0.7000886495262753
ENSMUSG00000112130,1.0
ENSMUSG00000112283,1.0
ENSMUSG00000020102,0.6489792632209512
ENSMUSG00000109803,1.0
ENSMUSG00000020105,0.7683650286682051
ENSMUSG00000112387,1.0
ENSMUSG00000112482,1.0
ENSMUSG00000112208,1.0
ENSMUSG00000111961,1.0
ENSMUSG00000112832,1.0
ENSMUSG00000025436,0.944250755193628
ENSMUSG00000112035,1.0
ENSMUSG00000112761,1.0
ENSMUSG00000078429,0.551639678577665
ENSMUSG00000025432,0.9855669893487984
ENSMUSG00000040521,0.812005911683834
ENSMUSG00000080115,1.0
ENSMUSG00000006732,0.8547377034599518
ENSMUSG00000006724,1.0
ENSMUSG00000040502,0.9189445319693718
ENSMUSG00000006728,0.7594524912089847
ENSMUSG00000006736,0.6439135747309558
ENSMUSG00000112639,0.9998889151943843
ENSMUSG00000025422,0.7610892368160959
ENSMUSG00000040462,0.6298047343256357
ENSMUSG00000006731,0.8619251566595706
ENSMUSG00000040441,1.0
ENSMUSG00000019467,0.7229119505834103
ENSMUSG00000040415,0.5300353180032249
ENSMUSG00000097331,0.9500593913724101
ENSMUSG00000025417,0.7255337570322814
ENSMUSG00000074657,0.5726260712263875
ENSMUSG00000025410,0.5845854459644202
ENSMUSG00000025409,0.7030099096808172
ENSMUSG00000092593,1.0
ENSMUSG00000092384,1.0
ENSMUSG00000025408,0.663955831422242
ENSMUSG00000116429,
ENSMUSG00000040354,0.8485540795492167
ENSMUSG00000040345,1.0
ENSMUSG00000025407,0.8859409115475911
ENSMUSG00000112426,1.0
ENSMUSG00000047492,1.0
ENSMUSG00000025405,1.0
ENSMUSG00000025404,0.47665545311805707
ENSMUSG00000040287,0.9863242508710585
ENSMUSG00000040280,0.6675836555582924
ENSMUSG00000025403,0.9078121324212652
ENSMUSG00000040258,0.9953507533561903
ENSMUSG00000040249,0.41104315369232786
ENSMUSG00000086499,1.0
ENSMUSG00000002147,0.7470430534623437
ENSMUSG00000025402,0.8702787554803915
ENSMUSG00000085731,1.0
ENSMUSG00000040195,0.8477006639951169
ENSMUSG00000087163,1.0
ENSMUSG00000025401,1.0
ENSMUSG00000025400,1.0
ENSMUSG00000044617,0.8784109128045972
ENSMUSG00000058396,1.0
ENSMUSG00000089789,1.0
ENSMUSG00000056148,1.0
ENSMUSG00000069456,1.0
ENSMUSG00000054052,1.0
ENSMUSG00000074639,1.0
ENSMUSG00000040134,1.0
ENSMUSG00000040127,1.0
ENSMUSG00000025396,1.0
ENSMUSG00000025395,0.8557124296501983
ENSMUSG00000061315,0.40117524974656593
ENSMUSG00000071072,0.4674212942845618
ENSMUSG00000111947,0.929613694219573
ENSMUSG00000025393,0.46882389978116173
ENSMUSG00000040054,0.6188726675083569
ENSMUSG00000040043,0.6406276295621782
ENSMUSG00000044005,0.8857137765213974
ENSMUSG00000118550,1.0
ENSMUSG00000051346,0.9807576163716558
ENSMUSG00000025389,1.0
ENSMUSG00000039994,0.9838132533427663
ENSMUSG00000051716,1.0
ENSMUSG00000047631,1.0
ENSMUSG00000040033,0.6735355356008853
ENSMUSG00000025383,1.0
ENSMUSG00000005682,0.7376295269186257
ENSMUSG00000025381,0.6278973845422234
ENSMUSG00000005683,0.555386763240619
ENSMUSG00000039914,0.7425829107094131
ENSMUSG00000014498,0.7370728944835447
ENSMUSG00000090761,1.0
ENSMUSG00000039878,1.0
ENSMUSG00000025374,0.6782186038945618
ENSMUSG00000025373,0.6920808111162814
ENSMUSG00000025369,0.5205913512621755
ENSMUSG00000090841,0.3674960515562596
ENSMUSG00000039824,1.0
ENSMUSG00000025366,0.7512028317403944
ENSMUSG00000100548,1.0
ENSMUSG00000039810,0.8836275719517932
ENSMUSG00000093674,0.26086067257902457
ENSMUSG00000025364,0.7007267850858172
ENSMUSG00000018166,0.6317695959960395
ENSMUSG00000111936,1.0
ENSMUSG00000025362,0.3953388049324965
ENSMUSG00000002578,0.7883937115359041
ENSMUSG00000097372,1.0
ENSMUSG00000049858,0.9173477656964968
ENSMUSG00000000711,0.5597819660550888
ENSMUSG00000025358,0.98723752817099
ENSMUSG00000025359,1.0
ENSMUSG00000025357,0.7844615882036561
ENSMUSG00000064030,0.840750886374103
ENSMUSG00000112429,1.0
ENSMUSG00000025355,1.0
ENSMUSG00000047090,0.8219783582236847
ENSMUSG00000025354,0.7388927652695607
ENSMUSG00000078427,0.5345361818810939
ENSMUSG00000025353,0.7180253971790295
ENSMUSG00000025352,0.8482026841520012
ENSMUSG00000025351,0.5356488358983832
ENSMUSG00000025350,0.7522128989551649
ENSMUSG00000090247,0.8057956555635557
ENSMUSG00000025348,0.7670684635319672
ENSMUSG00000025347,1.0
ENSMUSG00000097691,1.0
ENSMUSG00000069430,1.0
ENSMUSG00000063374,1.0
ENSMUSG00000107648,1.0
ENSMUSG00000056853,1.0
ENSMUSG00000107748,1.0
ENSMUSG00000059762,1.0
ENSMUSG00000050198,1.0
ENSMUSG00000042801,1.0
ENSMUSG00000047868,1.0
ENSMUSG00000061367,1.0
ENSMUSG00000107662,1.0
ENSMUSG00000096000,
ENSMUSG00000096229,1.0
ENSMUSG00000096220,1.0
ENSMUSG00000095483,1.0
ENSMUSG00000062914,
ENSMUSG00000049573,1.0
ENSMUSG00000095138,1.0
ENSMUSG00000095075,1.0
ENSMUSG00000094347,1.0
ENSMUSG00000111732,
ENSMUSG00000095696,1.0
ENSMUSG00000096497,1.0
ENSMUSG00000049217,1.0
ENSMUSG00000111273,1.0
ENSMUSG00000044025,1.0
ENSMUSG00000047626,1.0
ENSMUSG00000094496,
ENSMUSG00000044293,1.0
ENSMUSG00000052012,1.0
ENSMUSG00000095002,1.0
ENSMUSG00000094734,
ENSMUSG00000108114,
ENSMUSG00000058513,
ENSMUSG00000093866,1.0
ENSMUSG00000046041,1.0
ENSMUSG00000095401,1.0
ENSMUSG00000096858,
ENSMUSG00000071065,1.0
ENSMUSG00000050478,
ENSMUSG00000049894,1.0
ENSMUSG00000050251,1.0
ENSMUSG00000069421,1.0
ENSMUSG00000063173,
ENSMUSG00000049052,
ENSMUSG00000052818,
ENSMUSG00000059134,1.0
ENSMUSG00000061961,
ENSMUSG00000063715,1.0
ENSMUSG00000058071,
ENSMUSG00000094295,
ENSMUSG00000095608,
ENSMUSG00000094632,1.0
ENSMUSG00000048745,1.0
ENSMUSG00000044897,1.0
ENSMUSG00000058251,1.0
ENSMUSG00000096747,1.0
ENSMUSG00000095804,1.0
ENSMUSG00000058084,1.0
ENSMUSG00000059862,1.0
ENSMUSG00000045559,1.0
ENSMUSG00000048015,1.0
ENSMUSG00000034833,1.0
ENSMUSG00000070601,1.0
ENSMUSG00000092048,1.0
ENSMUSG00000092162,1.0
ENSMUSG00000091511,1.0
ENSMUSG00000112742,1.0
ENSMUSG00000023764,0.6725087453824825
ENSMUSG00000087111,1.0
ENSMUSG00000020457,0.586006444429266
ENSMUSG00000086049,1.0
ENSMUSG00000020454,0.6825609484012323
ENSMUSG00000020453,0.6560020507047651
ENSMUSG00000053263,0.7766494795607986
ENSMUSG00000084941,0.7511819751373122
ENSMUSG00000034614,0.5698622325612424
ENSMUSG00000020451,0.5954100248262635
ENSMUSG00000087055,1.0
ENSMUSG00000020448,0.731524893828835
ENSMUSG00000034587,0.7967475025874097
ENSMUSG00000034579,0.7452046241265119
ENSMUSG00000034570,0.8200674843588917
ENSMUSG00000075702,0.46445408597450405
ENSMUSG00000020439,0.7741137852753386
ENSMUSG00000087291,1.0
ENSMUSG00000084962,
ENSMUSG00000056579,0.6358598842368957
ENSMUSG00000034543,0.7180616430599629
ENSMUSG00000020435,0.6822979805200192
ENSMUSG00000020434,1.0
ENSMUSG00000047205,0.8112102131912653
ENSMUSG00000048807,0.7388866872098323
ENSMUSG00000020432,0.5861118633024511
ENSMUSG00000034493,0.8615063596489062
ENSMUSG00000020430,0.8532316261596686
ENSMUSG00000049721,0.5776090701984402
ENSMUSG00000019368,1.0
ENSMUSG00000054986,1.0
ENSMUSG00000004748,0.8348244426929439
ENSMUSG00000003585,0.7293787612908573
ENSMUSG00000003581,0.6618265798192827
ENSMUSG00000051427,0.7832004639638468
ENSMUSG00000002129,0.6865346773255113
ENSMUSG00000034412,0.6960351183529747
ENSMUSG00000020424,0.7928917405295789
ENSMUSG00000058755,1.0
ENSMUSG00000034394,1.0
ENSMUSG00000085559,1.0
ENSMUSG00000085512,1.0
ENSMUSG00000020419,1.0
ENSMUSG00000034354,0.5329815603200118
ENSMUSG00000079010,1.0
ENSMUSG00000056288,1.0
ENSMUSG00000020412,0.7585562201193128
ENSMUSG00000059534,0.4390587662138522
ENSMUSG00000009076,0.6860892956307093
ENSMUSG00000009075,0.9978655555083058
ENSMUSG00000009073,0.6398957557393391
ENSMUSG00000034285,0.8314730605287501
ENSMUSG00000034274,0.8342576638855884
ENSMUSG00000020396,0.98215698767269
ENSMUSG00000009090,0.6473946274712814
ENSMUSG00000034201,0.7794897944212259
ENSMUSG00000034209,0.969489172743997
ENSMUSG00000009079,0.5506806559814437
ENSMUSG00000034175,0.8613588759150574
ENSMUSG00000034164,0.8052168072184979
ENSMUSG00000020393,0.7409870939195087
ENSMUSG00000041961,0.5352652501740762
ENSMUSG00000085189,1.0
ENSMUSG00000020484,0.5735813580971737
ENSMUSG00000020482,0.747421775404145
ENSMUSG00000020481,1.0
ENSMUSG00000020477,0.5550717115514149
ENSMUSG00000049680,0.5987497962009024
ENSMUSG00000020476,0.6925778358649175
ENSMUSG00000020475,1.0
ENSMUSG00000020474,0.9148568481981892
ENSMUSG00000020473,0.8448067542021709
ENSMUSG00000020471,0.9380370154569023
ENSMUSG00000020469,1.0
ENSMUSG00000041798,1.0
ENSMUSG00000084819,1.0
ENSMUSG00000002741,0.7112868620754385
ENSMUSG00000057897,0.5810152309143326
ENSMUSG00000053838,0.4992133696841278
ENSMUSG00000096923,1.0
ENSMUSG00000020447,1.0
ENSMUSG00000004393,0.8974718197769922
ENSMUSG00000004394,0.6683666377985854
ENSMUSG00000020456,0.5353901908121064
ENSMUSG00000041164,0.6261609025569199
ENSMUSG00000071866,0.3331754874625895
ENSMUSG00000041126,0.49193581641153633
ENSMUSG00000094483,0.42619970555884645
ENSMUSG00000086839,0.9376036664694392
ENSMUSG00000020437,1.0
ENSMUSG00000085156,0.9037741395133592
ENSMUSG00000000378,0.6266721367703957
ENSMUSG00000041073,0.8467834298487701
ENSMUSG00000000384,0.8651347688128112
ENSMUSG00000000381,1.0
ENSMUSG00000041046,0.9262544055764664
ENSMUSG00000086808,1.0
ENSMUSG00000099102,1.0
ENSMUSG00000020431,0.5501281046939798
ENSMUSG00000087512,1.0
ENSMUSG00000020429,1.0
ENSMUSG00000020427,0.9636836802063671
ENSMUSG00000087637,1.0
ENSMUSG00000020422,0.4838259924539359
ENSMUSG00000046634,1.0
ENSMUSG00000020413,0.8142360361711721
ENSMUSG00000040985,1.0
ENSMUSG00000040978,1.0
ENSMUSG00000020407,1.0
ENSMUSG00000004668,1.0
ENSMUSG00000050830,0.8590443982268686
ENSMUSG00000020193,0.9916928641194446
ENSMUSG00000020191,0.9990276634958772
ENSMUSG00000087452,1.0
ENSMUSG00000062511,1.0
ENSMUSG00000085652,1.0
ENSMUSG00000018654,0.48313466114855214
ENSMUSG00000073145,1.0
ENSMUSG00000035455,1.0
ENSMUSG00000020182,0.7537545878349883
ENSMUSG00000086391,1.0
ENSMUSG00000020176,0.6254031103032673
ENSMUSG00000020173,0.7066083292203187
ENSMUSG00000086584,0.9450135122142787
ENSMUSG00000085452,1.0
ENSMUSG00000085561,1.0
ENSMUSG00000084135,
ENSMUSG00000048834,0.7895420472490821
ENSMUSG00000078974,0.5134580323523019
ENSMUSG00000020122,0.5819712583031971
ENSMUSG00000085091,1.0
ENSMUSG00000087060,1.0
ENSMUSG00000044966,1.0
ENSMUSG00000020120,0.42548299375633375
ENSMUSG00000044629,0.609202929432658
ENSMUSG00000033953,0.5489747460282792
ENSMUSG00000078970,0.8339907615863695
ENSMUSG00000020116,0.833998264211603
ENSMUSG00000000581,0.632908126284842
ENSMUSG00000016984,0.7873523971961215
ENSMUSG00000086468,1.0
ENSMUSG00000085453,1.0
ENSMUSG00000085675,1.0
ENSMUSG00000085806,1.0
ENSMUSG00000099449,1.0
ENSMUSG00000085743,0.9834632414070275
ENSMUSG00000020160,0.570675507055067
ENSMUSG00000084085,1.0
ENSMUSG00000087507,0.9717919737420752
ENSMUSG00000086025,1.0
ENSMUSG00000086911,0.7875129970546006
ENSMUSG00000045671,0.5603920561864497
ENSMUSG00000020152,0.4945619044635727
ENSMUSG00000085035,1.0
ENSMUSG00000020149,0.498719520476454
ENSMUSG00000044066,0.6050051360795482
ENSMUSG00000020142,0.6183145044244232
ENSMUSG00000049800,0.5739025472465894
ENSMUSG00000049659,0.49685428595179426
ENSMUSG00000042363,0.6687603865118356
ENSMUSG00000086749,1.0
ENSMUSG00000020134,0.49015641717556074
ENSMUSG00000020128,0.5580892715723157
ENSMUSG00000001891,0.5172234274750722
ENSMUSG00000087253,1.0
ENSMUSG00000078962,1.0
ENSMUSG00000020321,0.5523033367721426
ENSMUSG00000020319,0.595021416331381
ENSMUSG00000005917,0.92560924762869
ENSMUSG00000042302,0.5100447183086299
ENSMUSG00000085856,1.0
ENSMUSG00000085021,1.0
ENSMUSG00000049904,0.9590486081170502
ENSMUSG00000086256,1.0
ENSMUSG00000085979,1.0
ENSMUSG00000085803,1.0
ENSMUSG00000051650,0.5834442039599134
ENSMUSG00000092455,1.0
ENSMUSG00000092626,1.0
ENSMUSG00000051355,0.6482026313782406
ENSMUSG00000044068,0.7427598274737074
ENSMUSG00000007739,0.6306241966435727
ENSMUSG00000049811,0.9433476059652923
ENSMUSG00000085665,1.0
ENSMUSG00000086366,1.0
ENSMUSG00000020290,0.5895644326012217
ENSMUSG00000056342,0.42763995649271447
ENSMUSG00000020288,0.6877854378257452
ENSMUSG00000086459,1.0
ENSMUSG00000020286,1.0
ENSMUSG00000085415,1.0
ENSMUSG00000042208,0.6490470722485455
ENSMUSG00000020283,0.6449352396671743
ENSMUSG00000020280,0.7231721423463284
ENSMUSG00000020275,0.6356440757467807
ENSMUSG00000020273,0.7517541750498453
ENSMUSG00000084769,1.0
ENSMUSG00000055010,1.0
ENSMUSG00000085167,1.0
ENSMUSG00000000861,0.7579889040841135
ENSMUSG00000086612,0.9996950659902916
ENSMUSG00000085516,1.0
ENSMUSG00000086117,1.0
ENSMUSG00000085579,1.0
ENSMUSG00000087085,1.0
ENSMUSG00000086892,1.0
ENSMUSG00000073103,1.0
ENSMUSG00000087145,1.0
ENSMUSG00000033015,1.0
ENSMUSG00000086439,1.0
ENSMUSG00000032985,0.7169889147896356
ENSMUSG00000004018,0.7665611090595179
ENSMUSG00000064090,0.637391867639109
ENSMUSG00000084905,1.0
ENSMUSG00000032878,0.5069378565466515
ENSMUSG00000084966,1.0
ENSMUSG00000085510,1.0
ENSMUSG00000020467,0.823711676444343
ENSMUSG00000020464,0.7229807357955472
ENSMUSG00000086725,0.9975930814562318
ENSMUSG00000020463,0.5512974215754317
ENSMUSG00000020462,0.6125727635619056
ENSMUSG00000032740,0.38033306759995206
ENSMUSG00000032673,0.8121582010323004
ENSMUSG00000085165,0.9962241097084437
ENSMUSG00000020459,0.5967502343133747
ENSMUSG00000020460,0.2685402745795137
ENSMUSG00000020461,1.0
ENSMUSG00000086707,1.0
ENSMUSG00000084850,1.0
ENSMUSG00000020458,0.35466122181391596
ENSMUSG00000044072,0.490235550533315
ENSMUSG00000078157,1.0
ENSMUSG00000020315,0.29657062227621067
ENSMUSG00000101872,1.0
ENSMUSG00000073073,0.9186488122483759
ENSMUSG00000040919,1.0
ENSMUSG00000060923,0.5111366111184127
ENSMUSG00000087474,1.0
ENSMUSG00000040850,0.5119929063269941
ENSMUSG00000043999,0.9976446934348986
ENSMUSG00000020305,0.6029774410331666
ENSMUSG00000020311,0.6463132657492975
ENSMUSG00000020309,0.7771259864154308
ENSMUSG00000091195,
ENSMUSG00000020303,1.0
ENSMUSG00000044502,0.6389253764328351
ENSMUSG00000085772,1.0
ENSMUSG00000086335,1.0
ENSMUSG00000020300,0.4905632164210311
ENSMUSG00000020299,1.0
ENSMUSG00000020297,0.5996066402133383
ENSMUSG00000086386,1.0
ENSMUSG00000020279,1.0
ENSMUSG00000040767,0.8761060182198649
ENSMUSG00000020282,0.8425698776651147
ENSMUSG00000020289,0.7221196391688987
ENSMUSG00000020287,0.8656533269968998
ENSMUSG00000055609,1.0
ENSMUSG00000069919,1.0
ENSMUSG00000073063,1.0
ENSMUSG00000069917,1.0
ENSMUSG00000020295,1.0
ENSMUSG00000040711,0.6344882252975549
ENSMUSG00000044949,0.7829788153450493
ENSMUSG00000044056,1.0
ENSMUSG00000020272,0.6599824546796345
ENSMUSG00000020271,0.5230691399907778
ENSMUSG00000085676,1.0
ENSMUSG00000020270,1.0
ENSMUSG00000085402,1.0
ENSMUSG00000087318,1.0
ENSMUSG00000057967,1.0
ENSMUSG00000057113,0.49061461653962285
ENSMUSG00000040610,1.0
ENSMUSG00000087501,1.0
ENSMUSG00000040594,0.7146555659406805
ENSMUSG00000098456,1.0
ENSMUSG00000020159,1.0
ENSMUSG00000073052,1.0
ENSMUSG00000053519,0.679223358552434
ENSMUSG00000085240,1.0
ENSMUSG00000087328,1.0
ENSMUSG00000020155,1.0
ENSMUSG00000085684,1.0
ENSMUSG00000002699,0.6862150504097766
ENSMUSG00000086243,1.0
ENSMUSG00000047861,1.0
ENSMUSG00000020143,0.5297068005425396
ENSMUSG00000087122,1.0
ENSMUSG00000069911,0.8785402649946995
ENSMUSG00000069910,1.0
ENSMUSG00000085090,1.0
ENSMUSG00000056427,0.645779064954952
ENSMUSG00000086311,1.0
ENSMUSG00000018846,0.633815525875913
ENSMUSG00000051062,0.9623047568587592
ENSMUSG00000018848,0.7907539782335418
ENSMUSG00000018849,0.5610149321239126
ENSMUSG00000049336,0.47958829654721813
ENSMUSG00000087245,1.0
ENSMUSG00000086375,1.0
ENSMUSG00000087388,1.0
ENSMUSG00000087296,1.0
ENSMUSG00000085301,1.0
ENSMUSG00000085588,1.0
ENSMUSG00000042032,0.6414693841254705
ENSMUSG00000020330,1.0
ENSMUSG00000020328,0.7431835270442841
ENSMUSG00000020326,0.7005225344231466
ENSMUSG00000086475,1.0
ENSMUSG00000087306,0.993717127121471
ENSMUSG00000020436,0.7003075268780828
ENSMUSG00000010803,0.6119201708900169
ENSMUSG00000020428,0.5978854096506088
ENSMUSG00000007653,0.5905302936794062
ENSMUSG00000085951,1.0
ENSMUSG00000055415,0.8701667518867929
ENSMUSG00000085533,1.0
ENSMUSG00000086170,1.0
ENSMUSG00000086791,1.0
ENSMUSG00000084889,1.0
ENSMUSG00000020415,0.6588037859130512
ENSMUSG00000020409,0.6106771003148287
ENSMUSG00000046491,1.0
ENSMUSG00000044707,0.7173137124971349
ENSMUSG00000085239,1.0
ENSMUSG00000045877,1.0
ENSMUSG00000020405,1.0
ENSMUSG00000044950,0.561075172112689
ENSMUSG00000041278,0.7023953858256174
ENSMUSG00000050541,0.8983366595326735
ENSMUSG00000087172,1.0
ENSMUSG00000086738,1.0
ENSMUSG00000004296,1.0
ENSMUSG00000041231,0.693096597113383
ENSMUSG00000019189,0.6561115349181784
ENSMUSG00000086501,1.0
ENSMUSG00000057098,0.3467442268484343
ENSMUSG00000085784,1.0
ENSMUSG00000084773,1.0
ENSMUSG00000087089,1.0
ENSMUSG00000085476,1.0
ENSMUSG00000086686,1.0
ENSMUSG00000006169,0.5429389286067968
ENSMUSG00000044847,0.8885842469772443
ENSMUSG00000011254,0.9999701049538167
ENSMUSG00000040489,1.0
ENSMUSG00000069899,1.0
ENSMUSG00000011256,0.7512101389210996
ENSMUSG00000086998,1.0
ENSMUSG00000087607,1.0
ENSMUSG00000020411,0.8219147443868251
ENSMUSG00000020340,0.5896848781731172
ENSMUSG00000048721,0.8689898616270555
ENSMUSG00000020395,1.0
ENSMUSG00000085853,1.0
ENSMUSG00000020401,1.0
ENSMUSG00000020397,0.7566544787977089
ENSMUSG00000020399,0.6848464225617035
ENSMUSG00000078924,1.0
ENSMUSG00000086981,1.0
ENSMUSG00000046974,1.0
ENSMUSG00000064010,1.0
ENSMUSG00000086909,1.0
ENSMUSG00000040413,1.0
ENSMUSG00000040405,1.0
ENSMUSG00000055546,1.0
ENSMUSG00000020354,0.5258570571088816
ENSMUSG00000020372,0.38553869148570885
ENSMUSG00000040365,0.6711663503001354
ENSMUSG00000078154,0.9999496114399523
ENSMUSG00000040350,0.9288655049439931
ENSMUSG00000086245,1.0
ENSMUSG00000046879,0.8327296980990168
ENSMUSG00000058163,1.0
ENSMUSG00000048852,0.7405770576578998
ENSMUSG00000078153,1.0
ENSMUSG00000069893,1.0
ENSMUSG00000040328,1.0
ENSMUSG00000078922,1.0
ENSMUSG00000069892,0.5883106658254303
ENSMUSG00000078921,1.0
ENSMUSG00000078920,1.0
ENSMUSG00000047511,1.0
ENSMUSG00000050763,1.0
ENSMUSG00000048378,1.0
ENSMUSG00000040283,1.0
ENSMUSG00000046311,0.6653471298699133
ENSMUSG00000020346,0.6147836503475999
ENSMUSG00000059864,1.0
ENSMUSG00000101750,1.0
ENSMUSG00000100923,1.0
ENSMUSG00000101874,1.0
ENSMUSG00000045421,1.0
ENSMUSG00000107573,1.0
ENSMUSG00000047702,1.0
ENSMUSG00000063386,1.0
ENSMUSG00000108167,
ENSMUSG00000059729,1.0
ENSMUSG00000044170,1.0
ENSMUSG00000107417,1.0
ENSMUSG00000063827,1.0
ENSMUSG00000095187,1.0
ENSMUSG00000107645,1.0
ENSMUSG00000020357,0.9177724579416469
ENSMUSG00000064057,1.0
ENSMUSG00000020362,0.5932142372706457
ENSMUSG00000020363,0.967377114966182
ENSMUSG00000020366,0.6216500786539516
ENSMUSG00000020374,0.985255520771962
ENSMUSG00000020376,0.44805071512095096
ENSMUSG00000036644,0.566266544023109
ENSMUSG00000085192,1.0
ENSMUSG00000020381,0.9066361775794249
ENSMUSG00000015837,0.513116237168941
ENSMUSG00000036620,0.6651879662760596
ENSMUSG00000020377,0.6728937987587064
ENSMUSG00000097887,0.5945313514140304
ENSMUSG00000050567,0.7012943185409002
ENSMUSG00000020368,0.4229999115654035
ENSMUSG00000050087,1.0
ENSMUSG00000007850,0.4927736662741892
ENSMUSG00000020375,0.6307438122898166
ENSMUSG00000085564,1.0
ENSMUSG00000036545,0.795929889959488
ENSMUSG00000087080,1.0
ENSMUSG00000085902,1.0
ENSMUSG00000044807,0.7355470897355894
ENSMUSG00000044296,1.0
ENSMUSG00000000617,1.0
ENSMUSG00000086226,1.0
ENSMUSG00000048728,0.9921911753313162
ENSMUSG00000049321,0.7572983116829125
ENSMUSG00000020335,0.9770708480990048
ENSMUSG00000072983,1.0
ENSMUSG00000044542,1.0
ENSMUSG00000050343,1.0
ENSMUSG00000061952,1.0
ENSMUSG00000060918,1.0
ENSMUSG00000059397,1.0
ENSMUSG00000057890,
ENSMUSG00000020364,0.9118167871065208
ENSMUSG00000072982,1.0
ENSMUSG00000086646,1.0
ENSMUSG00000061469,1.0
ENSMUSG00000045942,1.0
ENSMUSG00000020385,0.5592687429391004
ENSMUSG00000063564,0.8136610931606882
ENSMUSG00000020359,0.8054944036977938
ENSMUSG00000020358,0.5432879544535261
ENSMUSG00000001056,0.7936615801006728
ENSMUSG00000001054,0.788272388260641
ENSMUSG00000001053,0.9751043841358883
ENSMUSG00000052563,1.0
ENSMUSG00000007777,0.7333097406781676
ENSMUSG00000036391,0.6286295802714083
ENSMUSG00000020386,0.627157967757216
ENSMUSG00000020387,0.6793385406649315
ENSMUSG00000110618,1.0
ENSMUSG00000020392,0.7631404865036465
ENSMUSG00000020390,0.46422266677461427
ENSMUSG00000086493,1.0
ENSMUSG00000020389,0.7133764981691108
ENSMUSG00000084800,1.0
ENSMUSG00000020349,0.4997188807078598
ENSMUSG00000062204,1.0
ENSMUSG00000060170,1.0
ENSMUSG00000036309,0.5339915446206348
ENSMUSG00000086920,1.0
ENSMUSG00000000782,0.8534032513923991
ENSMUSG00000086395,1.0
ENSMUSG00000020402,0.5331198324428793
ENSMUSG00000036275,0.6408393331575917
ENSMUSG00000036264,0.8049788389586336
ENSMUSG00000087668,1.0
ENSMUSG00000020361,0.5268081853948444
ENSMUSG00000018239,0.7952322060218621
ENSMUSG00000049470,0.4762088540478041
ENSMUSG00000036216,1.0
ENSMUSG00000044894,0.464292876416852
ENSMUSG00000018238,0.9999469219319423
ENSMUSG00000072963,1.0
ENSMUSG00000018387,0.9157427185850843
ENSMUSG00000085707,1.0
ENSMUSG00000044352,0.804353662107456
ENSMUSG00000018398,0.48041918262556155
ENSMUSG00000086851,1.0
ENSMUSG00000018395,0.6180278308010138
ENSMUSG00000000869,1.0
ENSMUSG00000020383,1.0
ENSMUSG00000020380,0.7230619493061907
ENSMUSG00000036117,1.0
ENSMUSG00000086595,1.0
ENSMUSG00000018899,0.7354408140478091
ENSMUSG00000081769,0.7731261585765717
ENSMUSG00000018900,0.819601752550869
ENSMUSG00000063652,0.9907947661205238
ENSMUSG00000020334,0.7069513019528512
ENSMUSG00000020388,0.7458935560302175
ENSMUSG00000018906,0.8691030903970686
ENSMUSG00000086209,1.0
ENSMUSG00000018916,1.0
ENSMUSG00000085585,1.0
ENSMUSG00000018914,
ENSMUSG00000020333,0.49121211209800947
ENSMUSG00000085888,1.0
ENSMUSG00000020332,1.0
ENSMUSG00000035992,0.4960191052196844
ENSMUSG00000037533,0.4987003833830488
ENSMUSG00000052298,0.5176243093500564
ENSMUSG00000086039,1.0
ENSMUSG00000086789,1.0
ENSMUSG00000020268,0.8898137125762949
ENSMUSG00000020267,0.45289141619641143
ENSMUSG00000018339,0.9916895809665579
ENSMUSG00000020400,0.7875332239134514
ENSMUSG00000018340,0.7167140574283493
ENSMUSG00000049588,1.0
ENSMUSG00000000594,0.5419306665968707
ENSMUSG00000049491,1.0
ENSMUSG00000085531,1.0
ENSMUSG00000020264,1.0
ENSMUSG00000084980,1.0
ENSMUSG00000020261,0.7010153268062357
ENSMUSG00000055333,0.6478153425711598
ENSMUSG00000018593,0.2981237732830718
ENSMUSG00000018585,0.43748538655191527
ENSMUSG00000018583,0.5825317026619541
ENSMUSG00000087342,1.0
ENSMUSG00000000263,0.9857204759251358
ENSMUSG00000086460,1.0
ENSMUSG00000086020,0.5280272982626979
ENSMUSG00000037393,0.909592967018303
ENSMUSG00000020524,0.42437866798504226
ENSMUSG00000020523,0.6291717508441622
ENSMUSG00000020522,0.6024860835155369
ENSMUSG00000086028,1.0
ENSMUSG00000085719,1.0
ENSMUSG00000020520,0.6651359514957972
ENSMUSG00000086933,1.0
ENSMUSG00000087165,0.8315631720520331
ENSMUSG00000020519,0.6061461543263109
ENSMUSG00000037335,1.0
ENSMUSG00000086666,1.0
ENSMUSG00000037331,0.5133373648587526
ENSMUSG00000086962,1.0
ENSMUSG00000020515,0.6608774721493968
ENSMUSG00000037275,0.8263549364909856
ENSMUSG00000087629,1.0
ENSMUSG00000020514,0.8245302212138073
ENSMUSG00000078853,0.9944891500341588
ENSMUSG00000069874,0.7576072398321343
ENSMUSG00000069873,1.0
ENSMUSG00000037243,0.6539999393221171
ENSMUSG00000049755,0.7210408681418934
ENSMUSG00000087347,1.0
ENSMUSG00000013646,0.7577232564802786
ENSMUSG00000013643,1.0
ENSMUSG00000013653,
ENSMUSG00000058287,1.0
ENSMUSG00000052642,1.0
ENSMUSG00000043314,1.0
ENSMUSG00000050813,1.0
ENSMUSG00000058807,
ENSMUSG00000050818,1.0
ENSMUSG00000064252,1.0
ENSMUSG00000057654,1.0
ENSMUSG00000059279,1.0
ENSMUSG00000060765,1.0
ENSMUSG00000056564,1.0
ENSMUSG00000037145,1.0
ENSMUSG00000043880,1.0
ENSMUSG00000037124,1.0
ENSMUSG00000063549,1.0
ENSMUSG00000107711,1.0
ENSMUSG00000064044,1.0
ENSMUSG00000108265,1.0
ENSMUSG00000060030,1.0
ENSMUSG00000107677,1.0
ENSMUSG00000056959,1.0
ENSMUSG00000059504,1.0
ENSMUSG00000049154,1.0
ENSMUSG00000070438,1.0
ENSMUSG00000096806,1.0
ENSMUSG00000094805,1.0
ENSMUSG00000072915,0.8413378881398426
ENSMUSG00000085744,1.0
ENSMUSG00000020491,0.9237354764686546
ENSMUSG00000037001,0.9548129334348451
ENSMUSG00000087654,1.0
ENSMUSG00000086063,1.0
ENSMUSG00000020490,1.0
ENSMUSG00000020496,0.5325164319399244
ENSMUSG00000056895,0.7054512611490487
ENSMUSG00000078851,0.677504827693048
ENSMUSG00000036964,0.8125460662097154
ENSMUSG00000085379,0.8525591684556143
ENSMUSG00000020455,0.781897966288443
ENSMUSG00000061462,1.0
ENSMUSG00000072902,1.0
ENSMUSG00000049287,1.0
ENSMUSG00000043448,0.7157457372019916
ENSMUSG00000020444,0.5845658714132096
ENSMUSG00000085882,0.9164282498855542
ENSMUSG00000036860,0.7208004113670792
ENSMUSG00000020441,0.7697390488256772
ENSMUSG00000048076,0.4643109151870541
ENSMUSG00000009900,1.0
ENSMUSG00000000126,1.0
ENSMUSG00000049291,1.0
ENSMUSG00000086910,1.0
ENSMUSG00000009894,0.6319063714991603
ENSMUSG00000036819,0.9527280866835385
ENSMUSG00000054519,0.9022285701127681
ENSMUSG00000020472,0.7901966023028458
ENSMUSG00000072893,0.811098599078232
ENSMUSG00000032691,0.7421892670605029
ENSMUSG00000059610,1.0
ENSMUSG00000048919,
ENSMUSG00000005417,0.42774647607119004
ENSMUSG00000086330,1.0
ENSMUSG00000086536,1.0
ENSMUSG00000043648,1.0
ENSMUSG00000032633,0.7328611870959556
ENSMUSG00000087249,0.9624633614559139
ENSMUSG00000019373,0.6610331939078583
ENSMUSG00000032615,0.7478301470250341
ENSMUSG00000084766,1.0
ENSMUSG00000085551,1.0
ENSMUSG00000085260,1.0
ENSMUSG00000061650,0.7921702192027936
ENSMUSG00000049892,0.9416189185784022
ENSMUSG00000000301,1.0
ENSMUSG00000062115,0.6237044686224652
ENSMUSG00000051008,1.0
ENSMUSG00000020538,0.6188947859065758
ENSMUSG00000000538,0.4760607298729731
ENSMUSG00000085132,1.0
ENSMUSG00000056598,0.9558908896989476
ENSMUSG00000042709,0.8622732306640641
ENSMUSG00000018415,0.6593245192080783
ENSMUSG00000020537,0.8039585084739155
ENSMUSG00000042678,0.9991840703771441
ENSMUSG00000042650,0.568191485095191
ENSMUSG00000020536,0.6463689883237907
ENSMUSG00000002812,0.6669313578925178
ENSMUSG00000018599,0.8993304664607039
ENSMUSG00000002814,0.9213841526348482
ENSMUSG00000049323,0.848305756288621
ENSMUSG00000020534,1.0
ENSMUSG00000042569,0.7762365498114058
ENSMUSG00000043284,0.7417831776440937
ENSMUSG00000018931,0.7962836976282659
ENSMUSG00000042549,1.0
ENSMUSG00000018932,0.7855854301627899
ENSMUSG00000042529,0.7931063560943421
ENSMUSG00000010142,0.9497005103023334
ENSMUSG00000042506,0.5749264180517921
ENSMUSG00000019102,1.0
ENSMUSG00000010025,0.688246421498384
ENSMUSG00000069855,1.0
ENSMUSG00000010122,1.0
ENSMUSG00000109829,0.9355106656365079
ENSMUSG00000010086,0.6949526787717324
ENSMUSG00000042436,1.0
ENSMUSG00000001034,0.8259597654285409
ENSMUSG00000060808,1.0
ENSMUSG00000001039,0.8779454042777984
ENSMUSG00000001036,0.44176438164695403
ENSMUSG00000085459,1.0
ENSMUSG00000004837,0.7342821652444822
ENSMUSG00000042371,1.0
ENSMUSG00000042377,1.0
ENSMUSG00000020528,0.6605355406887207
ENSMUSG00000004798,0.45793821042951294
ENSMUSG00000072847,0.8359087107288117
ENSMUSG00000098196,1.0
ENSMUSG00000047804,0.5664704391844309
ENSMUSG00000084805,1.0
ENSMUSG00000042331,0.4403831912356793
ENSMUSG00000018500,0.8579012200020907
ENSMUSG00000014243,0.7732306162033366
ENSMUSG00000042298,0.5936648619983381
ENSMUSG00000018501,0.41260339461085244
ENSMUSG00000014245,0.8106018689904451
ENSMUSG00000086310,1.0
ENSMUSG00000086636,1.0
ENSMUSG00000018509,0.6745494261775031
ENSMUSG00000087120,1.0
ENSMUSG00000019505,0.3518483927444689
ENSMUSG00000085748,1.0
ENSMUSG00000018507,0.7830486185673904
ENSMUSG00000086841,0.5796472225242262
ENSMUSG00000046417,0.8720791513873997
ENSMUSG00000085762,1.0
ENSMUSG00000085170,1.0
ENSMUSG00000048497,0.7807183587628129
ENSMUSG00000005267,0.7509653328645918
ENSMUSG00000098292,1.0
ENSMUSG00000047342,0.8619401293090808
ENSMUSG00000096083,1.0
ENSMUSG00000086674,1.0
ENSMUSG00000047821,0.9944502712900334
ENSMUSG00000090173,0.9938216240725418
ENSMUSG00000014177,0.6911335610184266
ENSMUSG00000086677,1.0
ENSMUSG00000087039,
ENSMUSG00000042200,1.0
ENSMUSG00000087604,1.0
ENSMUSG00000042189,1.0
ENSMUSG00000018217,0.5205921454971663
ENSMUSG00000085532,1.0
ENSMUSG00000085113,1.0
ENSMUSG00000070407,0.974301169497357
ENSMUSG00000042148,0.6835277197974506
ENSMUSG00000086359,1.0
ENSMUSG00000084884,1.0
ENSMUSG00000087497,0.7729821396090323
ENSMUSG00000087622,1.0
ENSMUSG00000047759,0.9721235439798567
ENSMUSG00000086490,1.0
ENSMUSG00000020549,0.8780433568807692
ENSMUSG00000033389,0.6670956612448028
ENSMUSG00000020548,1.0
ENSMUSG00000020542,1.0
ENSMUSG00000085162,1.0
ENSMUSG00000033352,0.5746522095175431
ENSMUSG00000018347,0.9116134474291665
ENSMUSG00000056752,0.9981164459637952
ENSMUSG00000084967,0.9979675257798293
ENSMUSG00000053930,0.7599740688025136
ENSMUSG00000072834,1.0
ENSMUSG00000048070,1.0
ENSMUSG00000085683,1.0
ENSMUSG00000085926,1.0
ENSMUSG00000050270,1.0
ENSMUSG00000020910,0.807698138727898
ENSMUSG00000069844,0.9559142520123629
ENSMUSG00000020908,1.0
ENSMUSG00000087410,1.0
ENSMUSG00000033196,1.0
ENSMUSG00000085479,1.0
ENSMUSG00000056328,1.0
ENSMUSG00000085348,1.0
ENSMUSG00000057003,1.0
ENSMUSG00000055775,1.0
ENSMUSG00000060180,1.0
ENSMUSG00000033066,0.5546192049654453
ENSMUSG00000087058,1.0
ENSMUSG00000049928,1.0
ENSMUSG00000020907,1.0
ENSMUSG00000097886,1.0
ENSMUSG00000033044,1.0
ENSMUSG00000020905,1.0
ENSMUSG00000055134,1.0
ENSMUSG00000020904,1.0
ENSMUSG00000020903,0.5871545626320938
ENSMUSG00000087242,1.0
ENSMUSG00000020902,0.6818560923249849
ENSMUSG00000084993,1.0
ENSMUSG00000020901,0.7565333924977696
ENSMUSG00000046207,0.7759853521269742
ENSMUSG00000048329,1.0
ENSMUSG00000085937,1.0
ENSMUSG00000045915,1.0
ENSMUSG00000020900,0.6616620994240665
ENSMUSG00000018736,0.5921794378112409
ENSMUSG00000046490,1.0
ENSMUSG00000060938,0.28593420299832045
ENSMUSG00000032921,1.0
ENSMUSG00000052921,0.7512068397758231
ENSMUSG00000018740,0.9294426966816772
ENSMUSG00000032892,0.8732486243396308
ENSMUSG00000020899,0.7413688045337
ENSMUSG00000020898,0.7056336141045684
ENSMUSG00000020897,1.0
ENSMUSG00000072809,0.9800813257493103
ENSMUSG00000045176,0.7762265275657732
ENSMUSG00000020895,0.8997472342105219
ENSMUSG00000020894,0.5021045351322128
ENSMUSG00000020893,0.6176226294723713
ENSMUSG00000097386,1.0
ENSMUSG00000023781,1.0
ENSMUSG00000020892,1.0
ENSMUSG00000032807,1.0
ENSMUSG00000020891,1.0
ENSMUSG00000020890,1.0
ENSMUSG00000087003,1.0
ENSMUSG00000032782,0.8892713492192555
ENSMUSG00000049299,0.7928507863715155
ENSMUSG00000018470,0.9696036978308026
ENSMUSG00000086900,1.0
ENSMUSG00000043419,0.6144981446411453
ENSMUSG00000018474,0.5732237661593362
ENSMUSG00000044795,1.0
ENSMUSG00000059278,0.7198005730357511
ENSMUSG00000045377,0.999522722505954
ENSMUSG00000018476,0.5943401599060768
ENSMUSG00000085178,1.0
ENSMUSG00000005237,0.9855251396025264
ENSMUSG00000086591,1.0
ENSMUSG00000003934,0.46511518338067637
ENSMUSG00000041346,0.8197185350748939
ENSMUSG00000059552,0.740621292666637
ENSMUSG00000041329,0.3487486722234599
ENSMUSG00000005202,1.0
ENSMUSG00000069835,0.8415272935110265
ENSMUSG00000018765,0.6328757026766729
ENSMUSG00000041287,1.0
ENSMUSG00000018761,0.6936377643078087
ENSMUSG00000018774,0.7502064862012527
ENSMUSG00000059796,0.543510296301397
ENSMUSG00000005204,0.7079766376452016
ENSMUSG00000085890,1.0
ENSMUSG00000089669,0.9485380399425801
ENSMUSG00000097328,0.7326687664082064
ENSMUSG00000005198,0.5763589178801471
ENSMUSG00000018776,1.0
ENSMUSG00000018750,0.5782496108333314
ENSMUSG00000041189,1.0
ENSMUSG00000042826,0.9134992006823882
ENSMUSG00000089876,1.0
ENSMUSG00000109737,1.0
ENSMUSG00000044084,1.0
ENSMUSG00000041165,1.0
ENSMUSG00000051790,0.7039598078650793
ENSMUSG00000070394,0.5132646903389098
ENSMUSG00000019461,0.8584892568926791
ENSMUSG00000001583,1.0
ENSMUSG00000094845,1.0
ENSMUSG00000046731,0.9738546301538531
ENSMUSG00000001588,1.0
ENSMUSG00000018570,1.0
ENSMUSG00000047284,0.735768330403981
ENSMUSG00000023170,0.6203576511205191
ENSMUSG00000078812,0.5035347915781584
ENSMUSG00000018554,1.0
ENSMUSG00000018566,1.0
ENSMUSG00000018569,1.0
ENSMUSG00000018565,0.724242483349711
ENSMUSG00000018559,0.6886524053266976
ENSMUSG00000018567,0.45891656446114204
ENSMUSG00000018572,0.7472547084012441
ENSMUSG00000020888,0.89611973300886
ENSMUSG00000018574,0.804479796510444
ENSMUSG00000020886,0.6028574529362439
ENSMUSG00000020884,1.0
ENSMUSG00000040963,1.0
ENSMUSG00000040950,1.0
ENSMUSG00000000318,1.0
ENSMUSG00000040938,0.8046429593830923
ENSMUSG00000044367,0.9995950129317959
ENSMUSG00000000317,1.0
ENSMUSG00000020831,0.6870462444985528
ENSMUSG00000093989,0.5046809790599918
ENSMUSG00000000320,1.0
ENSMUSG00000018907,1.0
ENSMUSG00000018924,1.0
ENSMUSG00000018921,0.8306482955498756
ENSMUSG00000060216,0.6684271204476541
ENSMUSG00000018923,0.8800528146536308
ENSMUSG00000018920,0.9927718355925768
ENSMUSG00000040829,1.0
ENSMUSG00000018919,1.0
ENSMUSG00000020830,1.0
ENSMUSG00000046811,1.0
ENSMUSG00000018286,0.6393658603746355
ENSMUSG00000109833,1.0
ENSMUSG00000020828,0.7124597071514607
ENSMUSG00000020827,0.5528848746280977
ENSMUSG00000086976,1.0
ENSMUSG00000014609,1.0
ENSMUSG00000087279,1.0
ENSMUSG00000085952,1.0
ENSMUSG00000050675,1.0
ENSMUSG00000014606,0.6835725426763065
ENSMUSG00000040746,0.6464998037203749
ENSMUSG00000018293,0.5231560151593244
ENSMUSG00000087523,1.0
ENSMUSG00000060600,0.9910184934744868
ENSMUSG00000018287,0.7273655000039034
ENSMUSG00000040712,0.6263926627985744
ENSMUSG00000057054,0.9673964180234369
ENSMUSG00000020821,0.6578584879247285
ENSMUSG00000085502,1.0
ENSMUSG00000043602,0.8663547430311311
ENSMUSG00000057135,1.0
ENSMUSG00000020817,0.4857557725139126
ENSMUSG00000093858,1.0
ENSMUSG00000040667,0.7167339979871957
ENSMUSG00000018449,0.8068607422737506
ENSMUSG00000018446,0.732121577114491
ENSMUSG00000040620,0.8346279058902768
ENSMUSG00000018442,0.698258312795317
ENSMUSG00000040599,0.8064973486791556
ENSMUSG00000018451,0.6376463628648851
ENSMUSG00000069830,1.0
ENSMUSG00000070390,0.7400557001856988
ENSMUSG00000085230,1.0
ENSMUSG00000072753,1.0
ENSMUSG00000111450,1.0
ENSMUSG00000087116,0.8358269497098865
ENSMUSG00000085659,1.0
ENSMUSG00000085251,0.9750546142579771
ENSMUSG00000020811,0.5203004075909519
ENSMUSG00000085528,1.0
ENSMUSG00000040554,1.0
ENSMUSG00000020808,1.0
ENSMUSG00000040543,0.79379101990937
ENSMUSG00000020807,1.0
ENSMUSG00000107877,1.0
ENSMUSG00000020803,0.585137413988289
ENSMUSG00000020801,0.7406291610425956
ENSMUSG00000053574,0.9975085335205123
ENSMUSG00000020805,0.7858509674094392
ENSMUSG00000086951,1.0
ENSMUSG00000040483,0.7276099622665084
ENSMUSG00000070388,1.0
ENSMUSG00000020799,1.0
ENSMUSG00000045667,1.0
ENSMUSG00000040471,1.0
ENSMUSG00000040463,0.7991345656759037
ENSMUSG00000040447,0.6646551434757375
ENSMUSG00000020798,1.0
ENSMUSG00000020794,0.5486498895473375
ENSMUSG00000020790,0.5938392457888014
ENSMUSG00000057778,0.7866186832819646
ENSMUSG00000055670,0.5624319222796291
ENSMUSG00000020788,0.8367210722954636
ENSMUSG00000020787,1.0
ENSMUSG00000086943,1.0
ENSMUSG00000020785,0.84719303487525
ENSMUSG00000020783,0.6387796220328437
ENSMUSG00000005947,1.0
ENSMUSG00000050107,1.0
ENSMUSG00000005950,1.0
ENSMUSG00000047260,0.5965275668783888
ENSMUSG00000040158,0.737526575764367
ENSMUSG00000005949,0.7278369954669304
ENSMUSG00000005951,0.9789513112418226
ENSMUSG00000005952,1.0
ENSMUSG00000043029,1.0
ENSMUSG00000020774,0.46496444873070336
ENSMUSG00000112920,1.0
ENSMUSG00000062128,1.0
ENSMUSG00000063881,
ENSMUSG00000069823,1.0
ENSMUSG00000055971,
ENSMUSG00000072709,1.0
ENSMUSG00000072708,1.0
ENSMUSG00000095312,
ENSMUSG00000095095,
ENSMUSG00000060335,1.0
ENSMUSG00000060630,1.0
ENSMUSG00000070383,
ENSMUSG00000069818,1.0
ENSMUSG00000070382,1.0
ENSMUSG00000061984,1.0
ENSMUSG00000094488,1.0
ENSMUSG00000056921,1.0
ENSMUSG00000062186,1.0
ENSMUSG00000069816,1.0
ENSMUSG00000057050,
ENSMUSG00000049041,1.0
ENSMUSG00000047444,
ENSMUSG00000043692,
ENSMUSG00000069476,1.0
ENSMUSG00000070380,1.0
ENSMUSG00000070379,
ENSMUSG00000070378,1.0
ENSMUSG00000070377,1.0
ENSMUSG00000070375,1.0
ENSMUSG00000070374,1.0
ENSMUSG00000063116,1.0
ENSMUSG00000054406,1.0
ENSMUSG00000058275,1.0
ENSMUSG00000038807,0.6742215581688066
ENSMUSG00000069814,0.9256165428549452
ENSMUSG00000020741,0.7012275529466587
ENSMUSG00000020745,0.36998478519505223
ENSMUSG00000010554,0.7002643280377049
ENSMUSG00000000282,0.7424558205314883
ENSMUSG00000038351,0.7126392475749966
ENSMUSG00000038335,0.9059058955339759
ENSMUSG00000001323,0.6288229733362223
ENSMUSG00000038290,0.4873818668092723
ENSMUSG00000101295,1.0
ENSMUSG00000085765,1.0
ENSMUSG00000043099,0.9494259027425254
ENSMUSG00000085609,0.8675101496306225
ENSMUSG00000038268,0.997231208240137
ENSMUSG00000078789,1.0
ENSMUSG00000045287,0.5995069951073771
ENSMUSG00000000751,0.6819974323048056
ENSMUSG00000018809,0.766190273030933
ENSMUSG00000000753,1.0
ENSMUSG00000085359,1.0
ENSMUSG00000038224,1.0
ENSMUSG00000045374,0.7723813292885067
ENSMUSG00000085148,0.8235171863255027
ENSMUSG00000038217,1.0
ENSMUSG00000020850,0.6430365476826972
ENSMUSG00000038195,1.0
ENSMUSG00000038188,0.8780835334987379
ENSMUSG00000109715,1.0
ENSMUSG00000038178,0.562362233174568
ENSMUSG00000017781,0.48894514928452787
ENSMUSG00000085088,1.0
ENSMUSG00000006127,0.7048992320374411
ENSMUSG00000017774,0.6830828487603956
ENSMUSG00000017776,0.5380307121192535
ENSMUSG00000020849,0.3787921428089922
ENSMUSG00000020848,0.9498830607476088
ENSMUSG00000087059,1.0
ENSMUSG00000020847,0.9971126449983606
ENSMUSG00000087322,1.0
ENSMUSG00000053783,1.0
ENSMUSG00000020846,0.7471792375441463
ENSMUSG00000017288,0.6825540755969541
ENSMUSG00000017286,0.628008536625715
ENSMUSG00000069808,0.7518471283916814
ENSMUSG00000049396,1.0
ENSMUSG00000038057,1.0
ENSMUSG00000038046,0.9204012842923126
ENSMUSG00000020844,0.5065968673170675
ENSMUSG00000020843,0.7276168197126571
ENSMUSG00000017631,0.439278096682248
ENSMUSG00000044243,1.0
ENSMUSG00000046275,1.0
ENSMUSG00000010392,0.6870141863037815
ENSMUSG00000020841,0.49847649395578314
ENSMUSG00000020839,1.0
ENSMUSG00000020840,0.655986149559211
ENSMUSG00000020838,1.0
ENSMUSG00000087398,1.0
ENSMUSG00000037958,0.6360633810389578
ENSMUSG00000050944,0.9383405928564849
ENSMUSG00000109010,1.0
ENSMUSG00000037926,0.36088922604375334
ENSMUSG00000020836,0.9771552900751909
ENSMUSG00000037907,0.7873027773747336
ENSMUSG00000011877,0.6312013695971848
ENSMUSG00000044328,0.7942039858111093
ENSMUSG00000000686,0.6990029543956461
ENSMUSG00000072673,1.0
ENSMUSG00000017291,0.45268095140372866
ENSMUSG00000037857,0.49809839262468325
ENSMUSG00000000724,1.0
ENSMUSG00000000631,0.49833940983026054
ENSMUSG00000069804,1.0
ENSMUSG00000017453,0.8537785677911206
ENSMUSG00000055045,1.0
ENSMUSG00000000632,0.7583867938413748
ENSMUSG00000037791,0.5883606007099036
ENSMUSG00000087050,1.0
ENSMUSG00000020834,0.9207626340679276
ENSMUSG00000061981,0.6940693102303935
ENSMUSG00000020832,0.8504609414084416
ENSMUSG00000037750,0.5941853273282741
ENSMUSG00000017386,0.8461015878333974
ENSMUSG00000017405,0.964216770430428
ENSMUSG00000019437,0.68058661301328
ENSMUSG00000058546,0.36977990543094486
ENSMUSG00000002059,0.696694328377817
ENSMUSG00000044122,0.843544971839847
ENSMUSG00000002052,0.5881753817030407
ENSMUSG00000002064,0.6022819502130353
ENSMUSG00000010277,0.562528112357213
ENSMUSG00000086586,1.0
ENSMUSG00000037593,0.9612201581244626
ENSMUSG00000087295,1.0
ENSMUSG00000002055,0.8717666142048249
ENSMUSG00000017390,0.37569182071143803
ENSMUSG00000041958,0.6276441394291776
ENSMUSG00000002058,0.8540996913225609
ENSMUSG00000002057,1.0
ENSMUSG00000085747,
ENSMUSG00000001095,1.0
ENSMUSG00000086380,
ENSMUSG00000020829,0.9019031085323386
ENSMUSG00000050132,0.9334616391474363
ENSMUSG00000017344,0.5430769477508635
ENSMUSG00000001103,1.0
ENSMUSG00000051232,0.7410519066457573
ENSMUSG00000001100,0.6856000199144611
ENSMUSG00000017615,0.573245650863854
ENSMUSG00000001105,0.559348849876774
ENSMUSG00000037278,0.8871240168305536
ENSMUSG00000017376,0.5341393739619641
ENSMUSG00000049489,0.8466924210682537
ENSMUSG00000072640,0.8288118817311634
ENSMUSG00000020826,1.0
ENSMUSG00000001123,0.6938782111945287
ENSMUSG00000018334,0.6560168143942016
ENSMUSG00000085941,1.0
ENSMUSG00000017677,0.5766538765107282
ENSMUSG00000108822,1.0
ENSMUSG00000020716,0.45448322150211085
ENSMUSG00000091523,1.0
ENSMUSG00000049612,0.614859356838585
ENSMUSG00000070354,0.9595637530153153
ENSMUSG00000093938,1.0
ENSMUSG00000078771,0.550565490430761
ENSMUSG00000017639,0.6092470284175353
ENSMUSG00000087434,1.0
ENSMUSG00000086569,1.0
ENSMUSG00000084969,1.0
ENSMUSG00000086474,1.0
ENSMUSG00000035575,0.732481572906441
ENSMUSG00000017548,0.5706395824231443
ENSMUSG00000017561,0.5290290987299859
ENSMUSG00000017550,0.8213356826046244
ENSMUSG00000046909,0.9676590715070924
ENSMUSG00000020709,0.40975494568289633
ENSMUSG00000086507,0.5457322690094923
ENSMUSG00000020707,0.8302226389959073
ENSMUSG00000017686,0.5743462580640155
ENSMUSG00000017692,0.7981602192087678
ENSMUSG00000057181,0.6658945915369086
ENSMUSG00000017421,0.5718904252386493
ENSMUSG00000017428,0.563385620895753
ENSMUSG00000048895,0.6435585492938347
ENSMUSG00000035441,0.47191510826921107
ENSMUSG00000085078,0.9845632711672891
ENSMUSG00000035413,0.7398483405063533
ENSMUSG00000086703,1.0
ENSMUSG00000053184,1.0
ENSMUSG00000020704,0.4639875575516171
ENSMUSG00000085130,0.8227559738883197
ENSMUSG00000086971,1.0
ENSMUSG00000087534,0.9869053437806187
ENSMUSG00000020703,1.0
ENSMUSG00000109297,1.0
ENSMUSG00000084996,1.0
ENSMUSG00000092157,1.0
ENSMUSG00000035385,1.0
ENSMUSG00000035373,1.0
ENSMUSG00000020676,1.0
ENSMUSG00000035352,0.8591851418792877
ENSMUSG00000009185,1.0
ENSMUSG00000020702,1.0
ENSMUSG00000113710,1.0
ENSMUSG00000020701,0.9696430149355861
ENSMUSG00000069796,1.0
ENSMUSG00000020698,1.0
ENSMUSG00000046010,0.8214897920030937
ENSMUSG00000085175,1.0
ENSMUSG00000020697,0.7254429459202429
ENSMUSG00000020696,0.5705264439608639
ENSMUSG00000018841,0.8045953166621131
ENSMUSG00000018844,1.0
ENSMUSG00000020692,0.927361024487996
ENSMUSG00000018845,0.9523964640619829
ENSMUSG00000086058,1.0
ENSMUSG00000086327,1.0
ENSMUSG00000054404,0.5843813246654822
ENSMUSG00000111857,1.0
ENSMUSG00000069793,1.0
ENSMUSG00000035208,0.9066257461727055
ENSMUSG00000072620,0.937366220646258
ENSMUSG00000111713,1.0
ENSMUSG00000111016,1.0
ENSMUSG00000078763,1.0
ENSMUSG00000000204,1.0
ENSMUSG00000018986,1.0
ENSMUSG00000087107,1.0
ENSMUSG00000082101,1.0
ENSMUSG00000093483,0.9599994733169736
ENSMUSG00000018733,0.936362847499018
ENSMUSG00000035152,0.5127824742345681
ENSMUSG00000020684,0.8170946409244428
ENSMUSG00000020686,1.0
ENSMUSG00000035085,1.0
ENSMUSG00000020682,0.8506074104856529
ENSMUSG00000020680,0.5551681416960293
ENSMUSG00000018925,1.0
ENSMUSG00000035042,1.0
ENSMUSG00000019122,0.9274639974099932
ENSMUSG00000051832,1.0
ENSMUSG00000018927,1.0
ENSMUSG00000081906,1.0
ENSMUSG00000000982,0.6956561401416196
ENSMUSG00000018930,0.5350887737445151
ENSMUSG00000069792,1.0
ENSMUSG00000000983,0.9184904800470267
ENSMUSG00000051748,1.0
ENSMUSG00000000976,0.6984966136136003
ENSMUSG00000085235,1.0
ENSMUSG00000020679,1.0
ENSMUSG00000020677,0.7280215996937587
ENSMUSG00000034940,0.5571455742496573
ENSMUSG00000018648,0.9386503030498432
ENSMUSG00000018651,0.703497123181961
ENSMUSG00000020532,0.5149540336847137
ENSMUSG00000051452,0.963533190973996
ENSMUSG00000018697,0.6780341949489949
ENSMUSG00000018698,0.8866764441599875
ENSMUSG00000087211,0.9000725981441751
ENSMUSG00000085044,1.0
ENSMUSG00000087407,1.0
ENSMUSG00000018405,0.9326328287562793
ENSMUSG00000034449,0.9060594115928154
ENSMUSG00000086799,1.0
ENSMUSG00000020530,0.5439394607800644
ENSMUSG00000045140,1.0
ENSMUSG00000020527,0.884536853617042
ENSMUSG00000020526,0.7808188543899369
ENSMUSG00000000805,0.5319110425356055
ENSMUSG00000000804,0.5326368475992539
ENSMUSG00000018479,1.0
ENSMUSG00000018481,0.5636840272439978
ENSMUSG00000085628,0.9997298844425844
ENSMUSG00000020525,0.7249984074677513
ENSMUSG00000059439,0.44829674389256746
ENSMUSG00000086199,0.8146759411065111
ENSMUSG00000085514,1.0
ENSMUSG00000087013,0.8923629236816836
ENSMUSG00000000093,0.8891385752938742
ENSMUSG00000069785,1.0
ENSMUSG00000000094,1.0
ENSMUSG00000034329,1.0
ENSMUSG00000085208,0.6640297156869448
ENSMUSG00000018068,0.7438044693248393
ENSMUSG00000034297,0.5161480890815175
ENSMUSG00000020521,0.7459426798140995
ENSMUSG00000020516,0.5555081884450254
ENSMUSG00000020513,0.8941374693102278
ENSMUSG00000018171,0.41613130382220015
ENSMUSG00000072582,0.8097806848863331
ENSMUSG00000047126,0.4460929953888588
ENSMUSG00000018425,0.6298308128780037
ENSMUSG00000018427,0.46249333695478373
ENSMUSG00000061666,0.6957597884200937
ENSMUSG00000085991,1.0
ENSMUSG00000020495,0.9261441993131584
ENSMUSG00000020493,0.9974671998155165
ENSMUSG00000020492,0.8011965851445411
ENSMUSG00000085310,1.0
ENSMUSG00000018548,0.600907045974269
ENSMUSG00000046442,0.5475931226265721
ENSMUSG00000007646,0.9481363290392253
ENSMUSG00000010342,0.5653473213862305
ENSMUSG00000020486,0.3923168226036321
ENSMUSG00000018401,0.7045668592762792
ENSMUSG00000070345,0.9711635149698208
ENSMUSG00000034177,0.8441369424849082
ENSMUSG00000085972,1.0
ENSMUSG00000020485,0.6033453702272951
ENSMUSG00000084796,0.4756286043432121
ENSMUSG00000034156,0.7476473864052138
ENSMUSG00000009350,1.0
ENSMUSG00000085872,1.0
ENSMUSG00000009356,0.9189442376791036
ENSMUSG00000034121,0.8525075103394687
ENSMUSG00000052234,1.0
ENSMUSG00000093839,1.0
ENSMUSG00000093920,1.0
ENSMUSG00000060787,1.0
ENSMUSG00000020483,0.49045597168894856
ENSMUSG00000086193,0.8548647131709822
ENSMUSG00000018379,0.5564349137146869
ENSMUSG00000087373,0.9997123355340928
ENSMUSG00000018377,0.5295549812631504
ENSMUSG00000018378,0.5354035432061613
ENSMUSG00000023723,0.7286516219205317
ENSMUSG00000108634,1.0
ENSMUSG00000034031,1.0
ENSMUSG00000069769,0.335710551845854
ENSMUSG00000085246,1.0
ENSMUSG00000087574,0.8211477039876403
ENSMUSG00000085646,1.0
ENSMUSG00000018428,0.7835892405868489
ENSMUSG00000092399,0.9592341284738098
ENSMUSG00000087338,1.0
ENSMUSG00000000278,0.7342437160505698
ENSMUSG00000057534,1.0
ENSMUSG00000033983,0.8106030450586306
ENSMUSG00000085152,1.0
ENSMUSG00000000275,0.760858218593103
ENSMUSG00000000276,0.7448272854825042
ENSMUSG00000063109,1.0
ENSMUSG00000072553,1.0
ENSMUSG00000086919,1.0
ENSMUSG00000048616,0.9985653061236749
ENSMUSG00000085798,1.0
ENSMUSG00000047773,0.8622430810526905
ENSMUSG00000020553,1.0
ENSMUSG00000069763,0.6441501179806549
ENSMUSG00000085074,1.0
ENSMUSG00000110344,0.9765135262833466
ENSMUSG00000003948,0.6867301108063598
ENSMUSG00000003949,0.5329792015482544
ENSMUSG00000020546,0.6455065625373981
ENSMUSG00000020544,0.7228381230996891
ENSMUSG00000020541,0.64907230730078
ENSMUSG00000085940,1.0
ENSMUSG00000046755,1.0
ENSMUSG00000056158,0.42382014504906595
ENSMUSG00000054079,0.7818412710155183
ENSMUSG00000059474,0.5122541230018305
ENSMUSG00000020857,0.48445189720417897
ENSMUSG00000037601,0.6174160905774533
ENSMUSG00000020859,0.39497002341449083
ENSMUSG00000086003,0.8571794101883891
ENSMUSG00000037573,0.5972843081343793
ENSMUSG00000044177,1.0
ENSMUSG00000094091,1.0
ENSMUSG00000020863,0.46660496984487887
ENSMUSG00000020864,0.5596662316752583
ENSMUSG00000020865,0.7700912163090468
ENSMUSG00000020866,0.8996395867518512
ENSMUSG00000020867,1.0
ENSMUSG00000010080,1.0
ENSMUSG00000039110,1.0
ENSMUSG00000039096,0.9001601337053692
ENSMUSG00000076435,0.7771836943257009
ENSMUSG00000039084,1.0
ENSMUSG00000020869,0.7169013693703318
ENSMUSG00000039055,1.0
ENSMUSG00000024414,0.6705215329748181
ENSMUSG00000020868,0.829687325227706
ENSMUSG00000085051,1.0
ENSMUSG00000056008,1.0
ENSMUSG00000020870,1.0
ENSMUSG00000075610,1.0
ENSMUSG00000001506,0.8974284252615797
ENSMUSG00000001508,1.0
ENSMUSG00000038994,1.0
ENSMUSG00000038976,0.5706442128492242
ENSMUSG00000047181,0.7731097992861565
ENSMUSG00000038967,0.639939221888245
ENSMUSG00000087630,1.0
ENSMUSG00000001507,0.8980321684316303
ENSMUSG00000001510,1.0
ENSMUSG00000020871,1.0
ENSMUSG00000086552,1.0
ENSMUSG00000085992,1.0
ENSMUSG00000020872,1.0
ENSMUSG00000038909,0.6475289640914549
ENSMUSG00000085143,0.9124762691480942
ENSMUSG00000085509,1.0
ENSMUSG00000038893,0.8642112550943115
ENSMUSG00000101258,1.0
ENSMUSG00000020873,0.6359786474678659
ENSMUSG00000057522,0.4309330827942111
ENSMUSG00000046719,0.9861567507516019
ENSMUSG00000000120,1.0
ENSMUSG00000084856,1.0
ENSMUSG00000038845,0.7029359818116436
ENSMUSG00000045075,1.0
ENSMUSG00000086191,1.0
ENSMUSG00000075595,0.5243547259462954
ENSMUSG00000050860,1.0
ENSMUSG00000018381,0.6190443540552859
ENSMUSG00000038811,0.7126922714670347
ENSMUSG00000085578,1.0
ENSMUSG00000086015,1.0
ENSMUSG00000013418,1.0
ENSMUSG00000086255,1.0
ENSMUSG00000013415,1.0
ENSMUSG00000099928,1.0
ENSMUSG00000014351,1.0
ENSMUSG00000006058,0.6250161251949826
ENSMUSG00000014349,0.6925318913991114
ENSMUSG00000006057,0.5240580065377991
ENSMUSG00000006056,1.0
ENSMUSG00000038756,1.0
ENSMUSG00000086337,1.0
ENSMUSG00000049604,1.0
ENSMUSG00000078706,1.0
ENSMUSG00000020875,1.0
ENSMUSG00000056648,1.0
ENSMUSG00000038721,1.0
ENSMUSG00000085645,1.0
ENSMUSG00000000690,1.0
ENSMUSG00000038700,1.0
ENSMUSG00000038692,1.0
ENSMUSG00000048763,1.0
ENSMUSG00000075589,1.0
ENSMUSG00000084844,0.998358725273431
ENSMUSG00000075588,1.0
ENSMUSG00000018973,1.0
ENSMUSG00000075586,1.0
ENSMUSG00000057058,1.0
ENSMUSG00000085242,1.0
ENSMUSG00000020876,0.7915773188008575
ENSMUSG00000018666,0.5369791471374885
ENSMUSG00000038615,0.5576157674827239
ENSMUSG00000018672,0.844129748242034
ENSMUSG00000087117,1.0
ENSMUSG00000018669,0.7879583133485821
ENSMUSG00000078700,0.9475866410762116
ENSMUSG00000085307,1.0
ENSMUSG00000047040,1.0
ENSMUSG00000018659,0.9173843297605749
ENSMUSG00000018678,0.7399047922080335
ENSMUSG00000038560,1.0
ENSMUSG00000087067,1.0
ENSMUSG00000020877,0.9991219191807713
ENSMUSG00000020878,1.0
ENSMUSG00000001445,0.7276578031872376
ENSMUSG00000085262,1.0
ENSMUSG00000038534,0.6744086703325327
ENSMUSG00000001444,1.0
ENSMUSG00000038517,0.7793937895736035
ENSMUSG00000001440,0.6179376551978183
ENSMUSG00000084936,1.0
ENSMUSG00000001441,0.4689704879981406
ENSMUSG00000086680,1.0
ENSMUSG00000018882,0.7752270831723176
ENSMUSG00000070337,0.8786607052666284
ENSMUSG00000038485,0.6460008415505855
ENSMUSG00000049807,0.41703692166843337
ENSMUSG00000047988,1.0
ENSMUSG00000038453,0.47351734841967164
ENSMUSG00000087042,1.0
ENSMUSG00000085860,1.0
ENSMUSG00000043439,0.975879749832397
ENSMUSG00000085586,0.8685006502683572
ENSMUSG00000038437,0.6541460502246772
ENSMUSG00000078695,0.8392135231053344
ENSMUSG00000018537,0.8937124136897537
ENSMUSG00000069744,0.680646901335009
ENSMUSG00000018547,0.6793226906985528
ENSMUSG00000085145,1.0
ENSMUSG00000018541,0.7574938568138506
ENSMUSG00000018543,1.0
ENSMUSG00000071415,0.2685522586520232
ENSMUSG00000038366,0.5878246497285669
ENSMUSG00000050538,0.7656336463591116
ENSMUSG00000070336,1.0
ENSMUSG00000086917,1.0
ENSMUSG00000017417,0.6327406587824493
ENSMUSG00000038352,0.9999938558894592
ENSMUSG00000020882,0.8577208771065292
ENSMUSG00000086716,1.0
ENSMUSG00000017404,0.28952470303375477
ENSMUSG00000017400,0.930246227783014
ENSMUSG00000020883,0.5464313193713749
ENSMUSG00000084896,
ENSMUSG00000018160,0.6071227867582046
ENSMUSG00000003119,0.5207331969006501
ENSMUSG00000093673,1.0
ENSMUSG00000038255,0.7345080424595473
ENSMUSG00000061718,0.7702137641400695
ENSMUSG00000085944,0.9983129926368597
ENSMUSG00000018167,0.6654229357020628
ENSMUSG00000007877,1.0
ENSMUSG00000038216,1.0
ENSMUSG00000038208,0.9874837621854718
ENSMUSG00000062312,1.0
ENSMUSG00000002580,0.5992693746226391
ENSMUSG00000084835,1.0
ENSMUSG00000019312,1.0
ENSMUSG00000018168,1.0
ENSMUSG00000017195,1.0
ENSMUSG00000038150,0.7204750745710653
ENSMUSG00000086545,1.0
ENSMUSG00000064224,1.0
ENSMUSG00000017211,1.0
ENSMUSG00000017204,1.0
ENSMUSG00000017221,0.712879763463605
ENSMUSG00000085955,1.0
ENSMUSG00000038067,1.0
ENSMUSG00000017210,0.7816088733773093
ENSMUSG00000058756,0.43050958127126654
ENSMUSG00000020889,0.67091430008487
ENSMUSG00000052915,0.5504222624948463
ENSMUSG00000075576,1.0
ENSMUSG00000078676,0.6055229246766602
ENSMUSG00000038020,0.8884936391143459
ENSMUSG00000038013,0.6139520606088811
ENSMUSG00000017499,1.0
ENSMUSG00000037992,0.8834252259403168
ENSMUSG00000047197,1.0
ENSMUSG00000020914,1.0
ENSMUSG00000017493,0.8464333299586898
ENSMUSG00000017607,1.0
ENSMUSG00000037944,1.0
ENSMUSG00000037935,0.6466558747709029
ENSMUSG00000035849,0.8271418972663719
ENSMUSG00000020913,1.0
ENSMUSG00000035831,1.0
ENSMUSG00000075570,1.0
ENSMUSG00000017588,1.0
ENSMUSG00000055937,1.0
ENSMUSG00000019761,0.7209146159170071
ENSMUSG00000087692,1.0
ENSMUSG00000020912,0.9955336667481922
ENSMUSG00000084890,0.9439718526453487
ENSMUSG00000035775,1.0
ENSMUSG00000006777,1.0
ENSMUSG00000064165,1.0
ENSMUSG00000059169,1.0
ENSMUSG00000069722,
ENSMUSG00000069721,1.0
ENSMUSG00000078132,
ENSMUSG00000047564,
ENSMUSG00000047253,
ENSMUSG00000075567,
ENSMUSG00000078131,
ENSMUSG00000049809,1.0
ENSMUSG00000057674,
ENSMUSG00000058725,
ENSMUSG00000060756,1.0
ENSMUSG00000062278,1.0
ENSMUSG00000063251,1.0
ENSMUSG00000044649,
ENSMUSG00000045109,
ENSMUSG00000078130,
ENSMUSG00000069718,
ENSMUSG00000075566,1.0
ENSMUSG00000078276,
ENSMUSG00000078269,
ENSMUSG00000078668,
ENSMUSG00000089724,
ENSMUSG00000078262,
ENSMUSG00000078261,
ENSMUSG00000078260,
ENSMUSG00000078259,1.0
ENSMUSG00000048294,
ENSMUSG00000078258,
ENSMUSG00000078257,
ENSMUSG00000046474,1.0
ENSMUSG00000069717,
ENSMUSG00000090225,1.0
ENSMUSG00000070335,
ENSMUSG00000059845,1.0
ENSMUSG00000070334,
ENSMUSG00000078256,1.0
ENSMUSG00000051481,
ENSMUSG00000078255,
ENSMUSG00000078254,
ENSMUSG00000078253,1.0
ENSMUSG00000078252,1.0
ENSMUSG00000035592,1.0
ENSMUSG00000057723,1.0
ENSMUSG00000043485,1.0
ENSMUSG00000048981,1.0
ENSMUSG00000087581,1.0
ENSMUSG00000046095,1.0
ENSMUSG00000048013,1.0
ENSMUSG00000020916,1.0
ENSMUSG00000086702,1.0
ENSMUSG00000044041,1.0
ENSMUSG00000054146,1.0
ENSMUSG00000020911,1.0
ENSMUSG00000051617,1.0
ENSMUSG00000045545,1.0
ENSMUSG00000053797,1.0
ENSMUSG00000035557,1.0
ENSMUSG00000053654,1.0
ENSMUSG00000086163,1.0
ENSMUSG00000087265,1.0
ENSMUSG00000035530,0.2914773016878606
ENSMUSG00000017165,1.0
ENSMUSG00000006930,0.7142744741351534
ENSMUSG00000092509,1.0
ENSMUSG00000001552,0.5584983010369504
ENSMUSG00000086031,1.0
ENSMUSG00000006931,0.7691934183342863
ENSMUSG00000001555,0.8688569703453182
ENSMUSG00000017176,0.7543303850765534
ENSMUSG00000001558,0.9991867492501356
ENSMUSG00000048732,0.8850870699969516
ENSMUSG00000020917,0.6375930824596838
ENSMUSG00000006784,1.0
ENSMUSG00000006782,0.3219935296321858
ENSMUSG00000014195,0.5342418404391023
ENSMUSG00000017837,0.8339334137622366
ENSMUSG00000014198,1.0
ENSMUSG00000085604,1.0
ENSMUSG00000017830,1.0
ENSMUSG00000020918,0.8315417995386372
ENSMUSG00000017832,1.0
ENSMUSG00000019173,0.5409331398510029
ENSMUSG00000035355,1.0
ENSMUSG00000045471,1.0
ENSMUSG00000017747,0.8160810766369349
ENSMUSG00000020919,0.6027720234013474
ENSMUSG00000004043,0.9068357141460214
ENSMUSG00000004040,0.5181225101835188
ENSMUSG00000004044,0.5588373165032358
ENSMUSG00000019302,0.47892437867534216
ENSMUSG00000001751,0.8894350216642121
ENSMUSG00000019301,1.0
ENSMUSG00000001755,0.8662077815679419
ENSMUSG00000017801,0.7855702446539742
ENSMUSG00000019303,0.992150927965082
ENSMUSG00000017802,0.6042635525055351
ENSMUSG00000035198,0.850447113892248
ENSMUSG00000045007,0.9088605566489417
ENSMUSG00000035172,0.7951573042457063
ENSMUSG00000017167,0.726405704931688
ENSMUSG00000044052,1.0
ENSMUSG00000006920,0.6319065572698519
ENSMUSG00000001240,0.5136448133859896
ENSMUSG00000078656,1.0
ENSMUSG00000035112,1.0
ENSMUSG00000085083,1.0
ENSMUSG00000017188,0.5717858707479988
ENSMUSG00000078653,1.0
ENSMUSG00000035086,0.6540083606698687
ENSMUSG00000078652,0.7554436820038339
ENSMUSG00000078651,1.0
ENSMUSG00000019326,1.0
ENSMUSG00000101925,1.0
ENSMUSG00000078650,1.0
ENSMUSG00000075528,0.7008538511700837
ENSMUSG00000097487,1.0
ENSMUSG00000035007,0.772078099166444
ENSMUSG00000063316,0.3507351376663646
ENSMUSG00000010358,0.8633639141684265
ENSMUSG00000086347,1.0
ENSMUSG00000034993,0.6936699852948021
ENSMUSG00000001313,0.654918140253699
ENSMUSG00000017146,1.0
ENSMUSG00000017119,0.5396123246871126
ENSMUSG00000034947,0.9885194138467426
ENSMUSG00000085486,1.0
ENSMUSG00000086617,1.0
ENSMUSG00000010362,0.6118023104554912
ENSMUSG00000034936,0.7435251103282086
ENSMUSG00000034931,0.7436019721298363
ENSMUSG00000017724,0.7221685555493953
ENSMUSG00000001493,1.0
ENSMUSG00000085594,1.0
ENSMUSG00000071818,1.0
ENSMUSG00000001494,1.0
ENSMUSG00000093467,1.0
ENSMUSG00000003518,0.4912218324045048
ENSMUSG00000010841,1.0
ENSMUSG00000052373,0.7893525167626253
ENSMUSG00000087216,1.0
ENSMUSG00000017309,1.0
ENSMUSG00000017314,0.6778514565763135
ENSMUSG00000017316,1.0
ENSMUSG00000017311,1.0
ENSMUSG00000048217,1.0
ENSMUSG00000087339,
ENSMUSG00000020921,0.7959144631097702
ENSMUSG00000020922,0.6802764334668738
ENSMUSG00000034793,0.7601789352691486
ENSMUSG00000008855,0.6538064137323082
ENSMUSG00000034773,1.0
ENSMUSG00000034768,1.0
ENSMUSG00000034757,0.73122843540453
ENSMUSG00000059995,0.6745630250247858
ENSMUSG00000020923,0.6017457220608223
ENSMUSG00000006574,1.0
ENSMUSG00000087330,1.0
ENSMUSG00000006575,0.6475799101930272
ENSMUSG00000018677,0.7337111235624466
ENSMUSG00000034708,0.5225195559414503
ENSMUSG00000034685,0.8155777455249403
ENSMUSG00000034664,1.0
ENSMUSG00000034621,0.44722944695463773
ENSMUSG00000078640,0.7939880311821054
ENSMUSG00000050288,0.6480534912368481
ENSMUSG00000086105,1.0
ENSMUSG00000086283,1.0
ENSMUSG00000051455,1.0
ENSMUSG00000020925,0.7924691570715975
ENSMUSG00000020926,0.7448797741095455
ENSMUSG00000034520,0.5555111455276909
ENSMUSG00000020928,0.5969342846478254
ENSMUSG00000020929,0.6554694930737207
ENSMUSG00000020930,1.0
ENSMUSG00000075510,1.0
ENSMUSG00000020932,0.6630026481823348
ENSMUSG00000051378,1.0
ENSMUSG00000045532,0.7854322559460439
ENSMUSG00000085338,1.0
ENSMUSG00000020935,0.6432384515340289
ENSMUSG00000020936,0.5267473517321609
ENSMUSG00000020937,0.932767571622674
ENSMUSG00000056938,0.807743023373538
ENSMUSG00000048878,0.6837923634453968
ENSMUSG00000043372,0.9601089684846638
ENSMUSG00000055805,0.7746779425228842
ENSMUSG00000092371,1.0
ENSMUSG00000020940,0.9144453101232238
ENSMUSG00000044787,1.0
ENSMUSG00000020941,0.7388492141659672
ENSMUSG00000078635,1.0
ENSMUSG00000034255,0.7433123025281022
ENSMUSG00000085887,1.0
ENSMUSG00000085360,1.0
ENSMUSG00000085733,1.0
ENSMUSG00000034247,0.7696982912049078
ENSMUSG00000110636,1.0
ENSMUSG00000078632,1.0
ENSMUSG00000034239,1.0
ENSMUSG00000020945,1.0
ENSMUSG00000046215,0.8551138789328407
ENSMUSG00000020946,0.6800777545193453
ENSMUSG00000085154,0.9842105904428724
ENSMUSG00000086794,1.0
ENSMUSG00000018486,1.0
ENSMUSG00000000125,0.8849596538498312
ENSMUSG00000034187,0.4889205963940958
ENSMUSG00000062421,0.7337721622931777
ENSMUSG00000018634,0.8079469723804136
ENSMUSG00000049506,1.0
ENSMUSG00000018411,0.36300598022312647
ENSMUSG00000085134,0.7757727531408716
ENSMUSG00000018412,0.404414939489417
ENSMUSG00000020687,0.6315595679430482
ENSMUSG00000061086,0.9602959660552499
ENSMUSG00000086222,1.0
ENSMUSG00000086932,1.0
ENSMUSG00000020689,0.9540103733516296
ENSMUSG00000040838,1.0
ENSMUSG00000020690,1.0
ENSMUSG00000020691,0.8089274656778753
ENSMUSG00000099681,0.9610601227498454
ENSMUSG00000020694,0.578415049383816
ENSMUSG00000020695,0.7520905877326054
ENSMUSG00000078627,1.0
ENSMUSG00000086487,1.0
ENSMUSG00000086089,1.0
ENSMUSG00000053580,0.33388548049615546
ENSMUSG00000019590,0.8897701275139963
ENSMUSG00000085297,1.0
ENSMUSG00000020681,1.0
ENSMUSG00000001901,1.0
ENSMUSG00000049354,0.618503532756121
ENSMUSG00000085033,1.0
ENSMUSG00000085255,0.9732703297207514
ENSMUSG00000001983,0.8087188610656229
ENSMUSG00000020700,0.5208004975634805
ENSMUSG00000085229,1.0
ENSMUSG00000040699,0.697775384196762
ENSMUSG00000069631,0.6357550188606423
ENSMUSG00000078622,0.5742211377951068
ENSMUSG00000020705,0.5878250317962245
ENSMUSG00000020706,0.8730827959134903
ENSMUSG00000020708,0.607263984251068
ENSMUSG00000078619,0.7392458026405859
ENSMUSG00000020712,1.0
ENSMUSG00000020713,1.0
ENSMUSG00000040592,1.0
ENSMUSG00000001027,1.0
ENSMUSG00000009210,1.0
ENSMUSG00000001029,0.9879611599390674
ENSMUSG00000020715,0.7354752334033985
ENSMUSG00000040548,0.6262907648472524
ENSMUSG00000020717,0.5159698916371065
ENSMUSG00000040528,1.0
ENSMUSG00000020718,0.8320908409641757
ENSMUSG00000020719,0.3414257502923417
ENSMUSG00000018372,0.6635353169006263
ENSMUSG00000084930,1.0
ENSMUSG00000018363,0.5165374901030039
ENSMUSG00000086481,1.0
ENSMUSG00000018362,1.0
ENSMUSG00000078607,0.9660103946868496
ENSMUSG00000040481,0.4451498398274369
ENSMUSG00000087596,1.0
ENSMUSG00000018433,0.7384819500412863
ENSMUSG00000040430,0.2937422984931785
ENSMUSG00000086298,1.0
ENSMUSG00000087683,1.0
ENSMUSG00000085245,0.6386944306609347
ENSMUSG00000087113,0.8195391059684412
ENSMUSG00000020720,0.6555987074064294
ENSMUSG00000086442,1.0
ENSMUSG00000085864,1.0
ENSMUSG00000059706,1.0
ENSMUSG00000020721,0.5429931590493084
ENSMUSG00000020722,1.0
ENSMUSG00000020723,0.5980810635666151
ENSMUSG00000087184,1.0
ENSMUSG00000040373,0.8857910067825783
ENSMUSG00000050965,0.4285419092922113
ENSMUSG00000086078,1.0
ENSMUSG00000084978,1.0
ENSMUSG00000000049,1.0
ENSMUSG00000084916,
ENSMUSG00000020728,0.6249834388457818
ENSMUSG00000086761,1.0
ENSMUSG00000085811,1.0
ENSMUSG00000000142,0.6752701313087089
ENSMUSG00000086268,1.0
ENSMUSG00000078605,1.0
ENSMUSG00000020599,0.8348905106432295
ENSMUSG00000099630,1.0
ENSMUSG00000056687,0.9903593737185528
ENSMUSG00000020611,0.5111281472452263
ENSMUSG00000045065,1.0
ENSMUSG00000020610,0.7015595743642675
ENSMUSG00000085326,1.0
ENSMUSG00000041920,0.5822965459242777
ENSMUSG00000020604,0.6063299220894766
ENSMUSG00000041895,0.5948051985247022
ENSMUSG00000086733,1.0
ENSMUSG00000020612,0.45378772838361864
ENSMUSG00000020614,0.5183233029337297
ENSMUSG00000085734,1.0
ENSMUSG00000020617,1.0
ENSMUSG00000087139,1.0
ENSMUSG00000087393,1.0
ENSMUSG00000020620,0.7072515149962684
ENSMUSG00000085629,1.0
ENSMUSG00000041828,0.689431965720294
ENSMUSG00000041797,0.5512663764841667
ENSMUSG00000044749,0.9168168776764204
ENSMUSG00000018800,0.7459286221217548
ENSMUSG00000020623,0.5838708409340808
ENSMUSG00000085985,1.0
ENSMUSG00000051497,0.6919546558231248
ENSMUSG00000041695,0.924326916448973
ENSMUSG00000086752,1.0
ENSMUSG00000085324,1.0
ENSMUSG00000041674,0.8693625061642178
ENSMUSG00000000567,0.5207846816347883
ENSMUSG00000075437,1.0
ENSMUSG00000020624,1.0
ENSMUSG00000087259,0.4949130079875246
ENSMUSG00000085421,1.0
ENSMUSG00000041654,0.7707422897523037
ENSMUSG00000047904,0.9997041832482106
ENSMUSG00000018661,0.815819719633883
ENSMUSG00000041629,0.5975654113073161
ENSMUSG00000041623,0.9497997999907812
ENSMUSG00000018727,0.9825447698054821
ENSMUSG00000041598,0.6231930268933644
ENSMUSG00000041592,0.7266331421124578
ENSMUSG00000086760,1.0
ENSMUSG00000086135,1.0
ENSMUSG00000078600,1.0
ENSMUSG00000085844,1.0
ENSMUSG00000075431,
ENSMUSG00000062391,1.0
ENSMUSG00000057322,0.29252262153154834
ENSMUSG00000034714,0.44746471475850014
ENSMUSG00000034706,0.9514325621345202
ENSMUSG00000010021,0.9846835592124834
ENSMUSG00000000202,0.657489002517947
ENSMUSG00000034677,1.0
ENSMUSG00000051043,0.7668319062039417
ENSMUSG00000034652,0.7391051318748668
ENSMUSG00000063193,1.0
ENSMUSG00000058728,1.0
ENSMUSG00000034641,1.0
ENSMUSG00000044811,0.5763328741870181
ENSMUSG00000089753,1.0
ENSMUSG00000069609,1.0
ENSMUSG00000089722,1.0
ENSMUSG00000069607,1.0
ENSMUSG00000048498,1.0
ENSMUSG00000020732,0.7954193749742743
ENSMUSG00000047798,1.0
ENSMUSG00000020733,0.6185040376898634
ENSMUSG00000015542,0.8251190601301923
ENSMUSG00000045980,0.6718935586022954
ENSMUSG00000020734,0.580936694926859
ENSMUSG00000018861,0.7857821048476081
ENSMUSG00000044788,0.7191533394944517
ENSMUSG00000050201,1.0
ENSMUSG00000045288,1.0
ENSMUSG00000018862,1.0
ENSMUSG00000034586,0.718159140126805
ENSMUSG00000050910,0.696598037040571
ENSMUSG00000018858,0.7045058977655368
ENSMUSG00000085072,1.0
ENSMUSG00000034566,0.4634511265520573
ENSMUSG00000016940,0.6864307940059889
ENSMUSG00000070332,1.0
ENSMUSG00000085651,1.0
ENSMUSG00000045775,1.0
ENSMUSG00000057219,0.8944781019675917
ENSMUSG00000020736,0.7679985669562297
ENSMUSG00000020737,0.69857237984049
ENSMUSG00000020738,0.431589369125051
ENSMUSG00000020739,0.8079433803161475
ENSMUSG00000020740,0.7389320160356153
ENSMUSG00000046756,0.6737685596004698
ENSMUSG00000020743,0.6809301230764642
ENSMUSG00000020744,0.7605669425531402
ENSMUSG00000059923,0.5094975824978937
ENSMUSG00000020747,0.7399700164105788
ENSMUSG00000034471,0.6806463255959463
ENSMUSG00000020781,0.950910413369617
ENSMUSG00000020782,1.0
ENSMUSG00000034427,1.0
ENSMUSG00000020752,0.7524880552198792
ENSMUSG00000048442,1.0
ENSMUSG00000075420,1.0
ENSMUSG00000087072,1.0
ENSMUSG00000020755,0.709723896574873
ENSMUSG00000087064,1.0
ENSMUSG00000020758,0.8181797598011789
ENSMUSG00000020766,0.9043896768848312
ENSMUSG00000016559,0.2760252103136348
ENSMUSG00000020770,0.6963093601909434
ENSMUSG00000057948,0.9977022994329652
ENSMUSG00000034341,0.47892412590371586
ENSMUSG00000020773,0.7004325909625155
ENSMUSG00000054517,0.7675160360202908
ENSMUSG00000020775,0.7658788316481505
ENSMUSG00000020776,0.7773879175105225
ENSMUSG00000020777,0.5622745649396188
ENSMUSG00000020778,0.7439430181533511
ENSMUSG00000034282,1.0
ENSMUSG00000020780,0.6858221207790475
ENSMUSG00000020793,1.0
ENSMUSG00000020792,0.7103038605620641
ENSMUSG00000034227,0.873553122399756
ENSMUSG00000052949,0.6860751046477145
ENSMUSG00000050628,0.6823585326433947
ENSMUSG00000070331,1.0
ENSMUSG00000086826,1.0
ENSMUSG00000015869,0.6591718138265942
ENSMUSG00000100779,1.0
ENSMUSG00000061878,1.0
ENSMUSG00000020802,0.6868308116013926
ENSMUSG00000020804,1.0
ENSMUSG00000020806,0.9073658478445606
ENSMUSG00000020810,0.782469985277984
ENSMUSG00000075410,1.0
ENSMUSG00000020812,0.9335369245027112
ENSMUSG00000057286,0.8304882550646453
ENSMUSG00000110170,1.0
ENSMUSG00000056032,1.0
ENSMUSG00000009588,1.0
ENSMUSG00000020814,0.6831396572745524
ENSMUSG00000056962,0.7472649133486501
ENSMUSG00000090266,0.6721065601734809
ENSMUSG00000034120,0.4800829167114834
ENSMUSG00000020818,0.6843619428460359
ENSMUSG00000043857,0.8369139616714935
ENSMUSG00000086902,1.0
ENSMUSG00000085104,1.0
ENSMUSG00000086859,0.6036532107901698
ENSMUSG00000087057,1.0
ENSMUSG00000020823,0.5373866379010711
ENSMUSG00000059248,0.7097994655064035
ENSMUSG00000086050,1.0
ENSMUSG00000086588,1.0
ENSMUSG00000085336,1.0
ENSMUSG00000110653,1.0
ENSMUSG00000069588,1.0
ENSMUSG00000085419,1.0
ENSMUSG00000054418,1.0
ENSMUSG00000025571,0.4302172424690455
ENSMUSG00000025572,0.9100607325607809
ENSMUSG00000050106,1.0
ENSMUSG00000087486,1.0
ENSMUSG00000087669,1.0
ENSMUSG00000025573,1.0
ENSMUSG00000048277,0.6454877214733699
ENSMUSG00000025574,1.0
ENSMUSG00000017718,0.913771460786275
ENSMUSG00000017716,1.0
ENSMUSG00000070330,1.0
ENSMUSG00000017713,0.9463446417462692
ENSMUSG00000085434,1.0
ENSMUSG00000053113,0.5992595290256466
ENSMUSG00000017715,0.7429536260790965
ENSMUSG00000033987,1.0
ENSMUSG00000085511,1.0
ENSMUSG00000017132,0.5190361126531904
ENSMUSG00000033909,0.6928109118980387
ENSMUSG00000017466,0.4995930640544254
ENSMUSG00000076433,1.0
ENSMUSG00000033880,0.806077796230617
ENSMUSG00000025575,0.7005364384536231
ENSMUSG00000017446,1.0
ENSMUSG00000086514,1.0
ENSMUSG00000087036,1.0
ENSMUSG00000033857,0.9628092094169995
ENSMUSG00000025576,0.4918896424055228
ENSMUSG00000085059,1.0
ENSMUSG00000084887,1.0
ENSMUSG00000046697,1.0
ENSMUSG00000025577,1.0
ENSMUSG00000025578,0.9645214643019794
ENSMUSG00000039989,0.6497238459110781
ENSMUSG00000086306,1.0
ENSMUSG00000086547,1.0
ENSMUSG00000039976,0.5754013347825679
ENSMUSG00000085548,1.0
ENSMUSG00000087404,1.0
ENSMUSG00000039963,1.0
ENSMUSG00000025579,0.6358123636065879
ENSMUSG00000025580,0.7504037953398511
ENSMUSG00000013483,1.0
ENSMUSG00000005043,0.891415124160519
ENSMUSG00000039908,0.8193427448244756
ENSMUSG00000070327,0.6520238775811623
ENSMUSG00000109408,0.8237940698257104
ENSMUSG00000039850,0.8179145454933427
ENSMUSG00000025582,0.6928468732974611
ENSMUSG00000087675,1.0
ENSMUSG00000025583,0.51821291290008
ENSMUSG00000085081,1.0
ENSMUSG00000025371,0.8000703626059541
ENSMUSG00000085207,1.0
ENSMUSG00000086924,1.0
ENSMUSG00000025372,0.6251756386477988
ENSMUSG00000025375,0.46596840651147114
ENSMUSG00000039781,0.9595138330914771
ENSMUSG00000025377,0.8811626734585568
ENSMUSG00000078572,0.6528725095108965
ENSMUSG00000061306,0.6629795333541577
ENSMUSG00000085636,1.0
ENSMUSG00000075389,0.7992130036403946
ENSMUSG00000086750,1.0
ENSMUSG00000043993,0.7642457583003756
ENSMUSG00000039741,0.735033039168201
ENSMUSG00000085501,1.0
ENSMUSG00000062825,0.33379550449138956
ENSMUSG00000043644,0.8563546223721121
ENSMUSG00000025380,1.0
ENSMUSG00000025384,0.8157664292018679
ENSMUSG00000039703,0.6579084347808921
ENSMUSG00000039691,1.0
ENSMUSG00000025386,1.0
ENSMUSG00000039670,0.8671439569496041
ENSMUSG00000049957,0.8038354653684865
ENSMUSG00000057594,0.8500333006732453
ENSMUSG00000025793,0.7075434600149428
ENSMUSG00000039640,0.7029787011741654
ENSMUSG00000086929,1.0
ENSMUSG00000025792,0.9663194045854786
ENSMUSG00000084983,1.0
ENSMUSG00000025127,1.0
ENSMUSG00000061111,0.5701641785222294
ENSMUSG00000025129,1.0
ENSMUSG00000025130,0.5492196090412526
ENSMUSG00000025132,0.47399747640480483
ENSMUSG00000025134,0.6929576971530645
ENSMUSG00000025135,0.5863194749869249
ENSMUSG00000044034,1.0
ENSMUSG00000025137,0.5442016566005428
ENSMUSG00000025138,0.6849059232575199
ENSMUSG00000051510,0.5434951795719605
ENSMUSG00000025140,1.0
ENSMUSG00000025141,1.0
ENSMUSG00000084822,1.0
ENSMUSG00000042988,0.909669162887633
ENSMUSG00000053613,1.0
ENSMUSG00000025142,0.744117064549992
ENSMUSG00000090758,0.9087435191127496
ENSMUSG00000025144,0.6495598006140152
ENSMUSG00000025145,0.8117330052324411
ENSMUSG00000018012,0.8730779200779492
ENSMUSG00000039450,0.9337799317639316
ENSMUSG00000025150,1.0
ENSMUSG00000078249,1.0
ENSMUSG00000025158,0.7569861003038145
ENSMUSG00000025156,0.7095199024984821
ENSMUSG00000025155,0.8681284983875375
ENSMUSG00000025153,0.6168769824718563
ENSMUSG00000048445,0.7755605749608412
ENSMUSG00000087638,1.0
ENSMUSG00000025161,1.0
ENSMUSG00000025162,0.5985275572284541
ENSMUSG00000100629,1.0
ENSMUSG00000086835,1.0
ENSMUSG00000025163,1.0
ENSMUSG00000039364,1.0
ENSMUSG00000025165,1.0
ENSMUSG00000084853,
ENSMUSG00000039337,1.0
ENSMUSG00000039329,1.0
ENSMUSG00000039321,1.0
ENSMUSG00000025169,0.9142779274739505
ENSMUSG00000039307,0.79492692507708
ENSMUSG00000039294,0.7404952943217914
ENSMUSG00000000056,0.6511568775888299
ENSMUSG00000039275,0.6151975996467699
ENSMUSG00000025173,0.6210434430882699
ENSMUSG00000025170,0.8651794181106681
ENSMUSG00000039253,0.9005014144928952
ENSMUSG00000025175,0.8317820780276265
ENSMUSG00000039230,0.6238724562494433
ENSMUSG00000039238,1.0
ENSMUSG00000046605,0.7535569353106224
ENSMUSG00000039208,0.9081908710733856
ENSMUSG00000085126,1.0
ENSMUSG00000099690,
ENSMUSG00000085970,
ENSMUSG00000039198,1.0
ENSMUSG00000086684,1.0
ENSMUSG00000079179,0.6762287869912069
ENSMUSG00000020671,0.42741199685181397
ENSMUSG00000097429,1.0
ENSMUSG00000020668,0.6082234547572444
ENSMUSG00000112308,0.8157806312348702
ENSMUSG00000071456,0.7752070636297885
ENSMUSG00000037486,0.5368790515274778
ENSMUSG00000071454,0.6235617659240502
ENSMUSG00000092286,0.8886788400138128
ENSMUSG00000020661,0.46261985070586886
ENSMUSG00000073242,1.0
ENSMUSG00000020660,0.9711361989215952
ENSMUSG00000020658,0.4684365001605266
ENSMUSG00000112517,1.0
ENSMUSG00000020657,0.7225067977055404
ENSMUSG00000020654,0.7708200377067248
ENSMUSG00000020652,0.9378603162916599
ENSMUSG00000096199,0.8143643119142333
ENSMUSG00000111916,1.0
ENSMUSG00000020647,0.4000744644285686
ENSMUSG00000111938,1.0
ENSMUSG00000112422,1.0
ENSMUSG00000112819,1.0
ENSMUSG00000112505,1.0
ENSMUSG00000118449,1.0
ENSMUSG00000020640,0.4444232893366261
ENSMUSG00000111971,0.6042748452168093
ENSMUSG00000079177,0.7967926159796668
ENSMUSG00000050545,0.6462676923565639
ENSMUSG00000020639,0.9545106409029361
ENSMUSG00000037361,0.57248916413625
ENSMUSG00000020635,0.9681910020461668
ENSMUSG00000051721,0.7569126870871895
ENSMUSG00000037336,0.994401706212153
ENSMUSG00000020634,0.6026365164121205
ENSMUSG00000052812,0.49938416450789713
ENSMUSG00000020627,0.6418770185866968
ENSMUSG00000037735,0.9966573774247113
ENSMUSG00000112404,1.0
ENSMUSG00000112454,1.0
ENSMUSG00000102096,1.0
ENSMUSG00000112323,1.0
ENSMUSG00000112006,1.0
ENSMUSG00000020609,1.0
ENSMUSG00000112694,1.0
ENSMUSG00000037669,0.6166472786554877
ENSMUSG00000112441,1.0
ENSMUSG00000037660,1.0
ENSMUSG00000020605,0.7805625376979537
ENSMUSG00000111889,1.0
ENSMUSG00000112452,1.0
ENSMUSG00000054364,0.29928683913666243
ENSMUSG00000112276,0.7740422685621687
ENSMUSG00000020600,1.0
ENSMUSG00000020594,0.47982817696852964
ENSMUSG00000096940,1.0
ENSMUSG00000020592,1.0
ENSMUSG00000042976,1.0
ENSMUSG00000112891,1.0
ENSMUSG00000020585,0.4301298018754078
ENSMUSG00000020583,1.0
ENSMUSG00000066643,0.719493596312865
ENSMUSG00000066637,0.8382457158972436
ENSMUSG00000113913,1.0
ENSMUSG00000114000,1.0
ENSMUSG00000112496,1.0
ENSMUSG00000099360,1.0
ENSMUSG00000048387,1.0
ENSMUSG00000112787,1.0
ENSMUSG00000111925,1.0
ENSMUSG00000020622,1.0
ENSMUSG00000020621,0.702213329693784
ENSMUSG00000112792,1.0
ENSMUSG00000113620,1.0
ENSMUSG00000043673,0.998847361561521
ENSMUSG00000112041,1.0
ENSMUSG00000047002,
ENSMUSG00000051235,1.0
ENSMUSG00000020608,0.5274332766871849
ENSMUSG00000054459,0.5258671827740744
ENSMUSG00000097841,1.0
ENSMUSG00000086022,1.0
ENSMUSG00000113226,1.0
ENSMUSG00000113013,1.0
ENSMUSG00000113330,1.0
ENSMUSG00000020589,0.6441096543397452
ENSMUSG00000114136,0.999795863985246
ENSMUSG00000091430,1.0
ENSMUSG00000113363,1.0
ENSMUSG00000097627,1.0
ENSMUSG00000113465,1.0
ENSMUSG00000037169,1.0
ENSMUSG00000113220,1.0
ENSMUSG00000113928,1.0
ENSMUSG00000112988,1.0
ENSMUSG00000113284,1.0
ENSMUSG00000037149,0.6566993250181339
ENSMUSG00000020576,0.534585875059861
ENSMUSG00000113058,1.0
ENSMUSG00000113666,1.0
ENSMUSG00000113283,1.0
ENSMUSG00000113522,1.0
ENSMUSG00000114026,
ENSMUSG00000020607,0.9422999404812602
ENSMUSG00000113336,1.0
ENSMUSG00000113644,1.0
ENSMUSG00000113734,1.0
ENSMUSG00000020601,0.6168086009536672
ENSMUSG00000097580,1.0
ENSMUSG00000113629,1.0
ENSMUSG00000113739,1.0
ENSMUSG00000113930,1.0
ENSMUSG00000113735,1.0
ENSMUSG00000113975,1.0
ENSMUSG00000113586,1.0
ENSMUSG00000113892,1.0
ENSMUSG00000020593,0.6413453453547305
ENSMUSG00000020591,0.4404153243395766
ENSMUSG00000036523,0.9870002764199193
ENSMUSG00000114049,1.0
ENSMUSG00000113897,1.0
ENSMUSG00000057469,0.7500584551730578
ENSMUSG00000114018,1.0
ENSMUSG00000020580,0.4246741102014172
ENSMUSG00000045679,1.0
ENSMUSG00000071398,1.0
ENSMUSG00000113447,1.0
ENSMUSG00000051726,0.9321139062757047
ENSMUSG00000020571,0.6104582774822499
ENSMUSG00000020566,1.0
ENSMUSG00000114024,1.0
ENSMUSG00000061458,0.7714573907953883
ENSMUSG00000113246,1.0
ENSMUSG00000011179,0.6890181440324962
ENSMUSG00000113093,1.0
ENSMUSG00000114062,1.0
ENSMUSG00000071379,0.6474179915474452
ENSMUSG00000073197,1.0
ENSMUSG00000116744,
ENSMUSG00000114188,1.0
ENSMUSG00000073184,1.0
ENSMUSG00000093908,1.0
ENSMUSG00000116705,1.0
ENSMUSG00000116775,1.0
ENSMUSG00000113300,1.0
ENSMUSG00000095470,
ENSMUSG00000116736,1.0
ENSMUSG00000116606,1.0
ENSMUSG00000116537,1.0
ENSMUSG00000113157,1.0
ENSMUSG00000116883,1.0
ENSMUSG00000052632,0.5536634227868512
ENSMUSG00000116627,1.0
ENSMUSG00000062352,0.7562350584257569
ENSMUSG00000092373,1.0
ENSMUSG00000054309,0.7077802929014775
ENSMUSG00000062054,0.7993139235708724
ENSMUSG00000052593,0.5878690677456313
ENSMUSG00000116819,1.0
ENSMUSG00000076432,0.38699210212053486
ENSMUSG00000097055,0.9632756578998655
ENSMUSG00000093846,1.0
ENSMUSG00000114006,1.0
ENSMUSG00000073164,1.0
ENSMUSG00000073158,1.0
ENSMUSG00000059669,0.7077916658635233
ENSMUSG00000020656,0.8169844032971599
ENSMUSG00000020653,0.9260858581182375
ENSMUSG00000062563,0.9182328107848206
ENSMUSG00000020649,1.0
ENSMUSG00000114076,1.0
ENSMUSG00000113621,0.8834179365752477
ENSMUSG00000020646,0.5070474935939162
ENSMUSG00000113774,1.0
ENSMUSG00000036333,0.45557503952357076
ENSMUSG00000114148,1.0
ENSMUSG00000020644,0.4773322060693492
ENSMUSG00000112937,1.0
ENSMUSG00000113587,1.0
ENSMUSG00000114033,1.0
ENSMUSG00000114105,1.0
ENSMUSG00000113669,1.0
ENSMUSG00000113827,1.0
ENSMUSG00000113550,1.0
ENSMUSG00000113115,1.0
ENSMUSG00000113813,1.0
ENSMUSG00000020642,0.607715918689314
ENSMUSG00000114048,0.9084941022456076
ENSMUSG00000020641,0.9693936281752682
ENSMUSG00000020638,0.902129855640331
ENSMUSG00000113628,1.0
ENSMUSG00000113524,1.0
ENSMUSG00000113218,1.0
ENSMUSG00000094002,0.9522309328846469
ENSMUSG00000063632,0.7497914584121261
ENSMUSG00000113421,1.0
ENSMUSG00000113616,1.0
ENSMUSG00000113967,1.0
ENSMUSG00000113235,1.0
ENSMUSG00000113939,1.0
ENSMUSG00000020633,1.0
ENSMUSG00000020636,1.0
ENSMUSG00000036655,1.0
ENSMUSG00000061477,0.308017419090076
ENSMUSG00000020630,0.8511783963901381
ENSMUSG00000020629,0.6682120104166427
ENSMUSG00000020628,0.7077914615001312
ENSMUSG00000036613,0.7205255785311642
ENSMUSG00000113886,1.0
ENSMUSG00000113387,0.9195804069401335
ENSMUSG00000113544,1.0
ENSMUSG00000113986,1.0
ENSMUSG00000112390,1.0
ENSMUSG00000061911,0.5463441741768951
ENSMUSG00000112663,1.0
ENSMUSG00000020674,0.8372507698144441
ENSMUSG00000020673,1.0
ENSMUSG00000085472,1.0
ENSMUSG00000020672,0.9289001199153157
ENSMUSG00000102098,1.0
ENSMUSG00000100674,1.0
ENSMUSG00000043061,0.7689850930741259
ENSMUSG00000054204,1.0
ENSMUSG00000044573,0.5587724446666923
ENSMUSG00000020669,0.9022228307723114
ENSMUSG00000036136,1.0
ENSMUSG00000112876,1.0
ENSMUSG00000095953,1.0
ENSMUSG00000112187,
ENSMUSG00000002900,0.9698233991910252
ENSMUSG00000020664,0.6658929575608743
ENSMUSG00000001225,1.0
ENSMUSG00000020659,0.7035754265259205
ENSMUSG00000099851,1.0
ENSMUSG00000020651,1.0
ENSMUSG00000020650,0.6672179915314065
ENSMUSG00000020648,0.8376619177072857
ENSMUSG00000035933,0.5187130007381469
ENSMUSG00000044067,0.7996472963190968
ENSMUSG00000111987,1.0
ENSMUSG00000002996,0.6365765187086495
ENSMUSG00000002997,0.7746276038492929
ENSMUSG00000112569,1.0
ENSMUSG00000112071,1.0
ENSMUSG00000020573,0.6900543795221816
ENSMUSG00000112578,1.0
ENSMUSG00000090946,0.847585392229705
ENSMUSG00000112865,1.0
ENSMUSG00000020572,0.6116708774818712
ENSMUSG00000112166,1.0
ENSMUSG00000097494,0.9725976288264325
ENSMUSG00000020570,0.5213026739105322
ENSMUSG00000035860,1.0
ENSMUSG00000052125,0.8244207462054639
ENSMUSG00000084979,1.0
ENSMUSG00000020564,0.5621312015906824
ENSMUSG00000079143,1.0
ENSMUSG00000085664,1.0
ENSMUSG00000020562,1.0
ENSMUSG00000020561,0.7169114744522953
ENSMUSG00000114082,1.0
ENSMUSG00000046518,1.0
ENSMUSG00000035799,1.0
ENSMUSG00000004698,0.47848494212845644
ENSMUSG00000113386,1.0
ENSMUSG00000092305,1.0
ENSMUSG00000020590,0.5375879360195738
ENSMUSG00000019256,0.9746542731073617
ENSMUSG00000113741,1.0
ENSMUSG00000113580,1.0
ENSMUSG00000113548,1.0
ENSMUSG00000113985,1.0
ENSMUSG00000036231,1.0
ENSMUSG00000020581,1.0
ENSMUSG00000020577,0.48497167910607103
ENSMUSG00000020547,0.7240706790271474
ENSMUSG00000036188,0.7589765794951434
ENSMUSG00000020545,1.0
ENSMUSG00000113832,1.0
ENSMUSG00000036169,1.0
ENSMUSG00000114141,1.0
ENSMUSG00000091007,1.0
ENSMUSG00000043153,0.6550571769028068
ENSMUSG00000113064,1.0
ENSMUSG00000113507,1.0
ENSMUSG00000114052,1.0
ENSMUSG00000113764,1.0
ENSMUSG00000101067,1.0
ENSMUSG00000036144,1.0
ENSMUSG00000050103,0.46298212391763693
ENSMUSG00000113005,1.0
ENSMUSG00000036095,0.3632658476849757
ENSMUSG00000113608,0.9502076044921006
ENSMUSG00000112967,0.9978062245757668
ENSMUSG00000004151,0.4077422081702496
ENSMUSG00000113933,
ENSMUSG00000113092,1.0
ENSMUSG00000113272,1.0
ENSMUSG00000114079,1.0
ENSMUSG00000113343,1.0
ENSMUSG00000113384,
ENSMUSG00000113874,1.0
ENSMUSG00000047446,0.5244489363131108
ENSMUSG00000086315,1.0
ENSMUSG00000002565,1.0
ENSMUSG00000071342,1.0
ENSMUSG00000090387,0.9186095457712408
ENSMUSG00000001627,0.5049992563858935
ENSMUSG00000090582,1.0
ENSMUSG00000035983,1.0
ENSMUSG00000055917,0.655072761204261
ENSMUSG00000035954,0.33130086279283294
ENSMUSG00000056899,0.537516502587939
ENSMUSG00000113994,1.0
ENSMUSG00000113086,1.0
ENSMUSG00000113454,1.0
ENSMUSG00000113516,1.0
ENSMUSG00000036295,0.7339875152343697
ENSMUSG00000113105,0.928483988118536
ENSMUSG00000113370,1.0
ENSMUSG00000113989,1.0
ENSMUSG00000112898,1.0
ENSMUSG00000112407,1.0
ENSMUSG00000112904,1.0
ENSMUSG00000112258,1.0
ENSMUSG00000111960,1.0
ENSMUSG00000014905,0.6252124534734199
ENSMUSG00000112547,0.8595734292550679
ENSMUSG00000036257,0.5452842357460331
ENSMUSG00000020598,0.44171845817910105
ENSMUSG00000046314,0.5106807769730292
ENSMUSG00000086012,1.0
ENSMUSG00000112112,0.8299739441423123
ENSMUSG00000092404,1.0
ENSMUSG00000112054,0.7228376046945179
ENSMUSG00000112859,1.0
ENSMUSG00000112174,1.0
ENSMUSG00000112410,1.0
ENSMUSG00000021047,0.601265867346451
ENSMUSG00000112232,1.0
ENSMUSG00000112763,1.0
ENSMUSG00000020950,0.7533422283753668
ENSMUSG00000104861,0.8851536985776344
ENSMUSG00000100844,1.0
ENSMUSG00000112353,1.0
ENSMUSG00000002688,0.5104319421492199
ENSMUSG00000112372,1.0
ENSMUSG00000112685,1.0
ENSMUSG00000111986,1.0
ENSMUSG00000035293,0.7372202115894804
ENSMUSG00000020952,0.6324771420309072
ENSMUSG00000020953,0.9987042512398834
ENSMUSG00000020954,0.43268765187000496
ENSMUSG00000020955,0.6353934879681836
ENSMUSG00000035247,0.5037083057635818
ENSMUSG00000035181,0.5509146842724794
ENSMUSG00000020956,0.801125400363373
ENSMUSG00000035148,1.0
ENSMUSG00000035142,0.7583546458514616
ENSMUSG00000112139,1.0
ENSMUSG00000111982,1.0
ENSMUSG00000112437,0.5345729281965044
ENSMUSG00000035133,0.3604584364763712
ENSMUSG00000100315,1.0
ENSMUSG00000112412,1.0
ENSMUSG00000061603,0.46833675753207604
ENSMUSG00000021010,0.32370017226657344
ENSMUSG00000113179,1.0
ENSMUSG00000099407,1.0
ENSMUSG00000112549,1.0
ENSMUSG00000035105,0.9940278190560593
ENSMUSG00000112821,1.0
ENSMUSG00000112705,1.0
ENSMUSG00000113970,1.0
ENSMUSG00000112053,1.0
ENSMUSG00000113947,1.0
ENSMUSG00000044408,0.5457248388274466
ENSMUSG00000113096,1.0
ENSMUSG00000054302,0.644087666450395
ENSMUSG00000005656,0.5735192259792482
ENSMUSG00000062929,0.5132637349276814
ENSMUSG00000113209,0.9979232410988517
ENSMUSG00000035021,0.7168947509367313
ENSMUSG00000092233,1.0
ENSMUSG00000062198,0.705408834106987
ENSMUSG00000073079,0.7546050032402916
ENSMUSG00000095595,0.7990903798202155
ENSMUSG00000112449,1.0
ENSMUSG00000094103,1.0
ENSMUSG00000079108,0.9313765734768386
ENSMUSG00000021022,0.7541018108551805
ENSMUSG00000021023,0.8148161528607342
ENSMUSG00000021024,0.6574968978893452
ENSMUSG00000021025,0.3464129274299869
ENSMUSG00000112348,1.0
ENSMUSG00000063129,1.0
ENSMUSG00000045440,1.0
ENSMUSG00000021027,0.4169656937812476
ENSMUSG00000012076,0.6756806287761606
ENSMUSG00000112211,1.0
ENSMUSG00000112164,1.0
ENSMUSG00000021028,0.7102845603367192
ENSMUSG00000112343,1.0
ENSMUSG00000001496,1.0
ENSMUSG00000098172,1.0
ENSMUSG00000092515,1.0
ENSMUSG00000058669,1.0
ENSMUSG00000089894,1.0
ENSMUSG00000001497,1.0
ENSMUSG00000035472,0.7512320275750859
ENSMUSG00000079104,1.0
ENSMUSG00000047022,0.6927525224653255
ENSMUSG00000086372,1.0
ENSMUSG00000035451,1.0
ENSMUSG00000046782,1.0
ENSMUSG00000085851,1.0
ENSMUSG00000112911,1.0
ENSMUSG00000112704,1.0
ENSMUSG00000035431,1.0
ENSMUSG00000045930,0.9751140169002278
ENSMUSG00000112785,1.0
ENSMUSG00000097443,0.9824397268147933
ENSMUSG00000020986,0.6796121806990273
ENSMUSG00000060121,0.8880715454702227
ENSMUSG00000020993,0.557223996081351
ENSMUSG00000020994,0.5537806941507678
ENSMUSG00000021000,0.5430367112383394
ENSMUSG00000035329,0.6645534419970558
ENSMUSG00000114112,1.0
ENSMUSG00000113429,1.0
ENSMUSG00000035653,0.6211258135463158
ENSMUSG00000113208,1.0
ENSMUSG00000113152,1.0
ENSMUSG00000043060,1.0
ENSMUSG00000047227,0.9682680008286644
ENSMUSG00000020948,0.7194807538609495
ENSMUSG00000035614,0.6373164276116893
ENSMUSG00000113298,1.0
ENSMUSG00000035597,0.6006486992886292
ENSMUSG00000020949,0.6295482017281127
ENSMUSG00000055884,0.8291857884517667
ENSMUSG00000047534,1.0
ENSMUSG00000113228,1.0
ENSMUSG00000113233,1.0
ENSMUSG00000035560,1.0
ENSMUSG00000060499,1.0
ENSMUSG00000114093,1.0
ENSMUSG00000034912,0.2958102971508277
ENSMUSG00000114010,1.0
ENSMUSG00000113526,1.0
ENSMUSG00000113867,1.0
ENSMUSG00000113433,1.0
ENSMUSG00000113320,1.0
ENSMUSG00000113098,1.0
ENSMUSG00000113716,1.0
ENSMUSG00000113158,1.0
ENSMUSG00000034892,0.23375574780627395
ENSMUSG00000034883,1.0
ENSMUSG00000049751,0.47411548819743937
ENSMUSG00000043998,0.7205445443286355
ENSMUSG00000020973,0.9274671369113641
ENSMUSG00000097061,0.8586924494070737
ENSMUSG00000020974,1.0
ENSMUSG00000113190,1.0
ENSMUSG00000051890,0.7755056058019996
ENSMUSG00000085539,1.0
ENSMUSG00000020978,0.6701914361966858
ENSMUSG00000020982,0.5812821737958662
ENSMUSG00000052673,1.0
ENSMUSG00000044147,0.6946384658653253
ENSMUSG00000113035,1.0
ENSMUSG00000049882,0.9572002724873239
ENSMUSG00000034801,0.5407374909262348
ENSMUSG00000020988,0.8333256100702474
ENSMUSG00000054894,0.804525981035316
ENSMUSG00000020990,0.9228734849380144
ENSMUSG00000020992,0.9249518342417773
ENSMUSG00000034761,0.5383393667231745
ENSMUSG00000021066,0.6761952483459106
ENSMUSG00000021067,0.7067445999271645
ENSMUSG00000021068,0.6983580709299814
ENSMUSG00000114099,1.0
ENSMUSG00000090121,1.0
ENSMUSG00000021069,0.9577779956718773
ENSMUSG00000085298,1.0
ENSMUSG00000021071,0.4589865707284362
ENSMUSG00000113694,0.7995801014015591
ENSMUSG00000112945,1.0
ENSMUSG00000021072,0.6844195940722104
ENSMUSG00000113944,1.0
ENSMUSG00000113302,1.0
ENSMUSG00000114005,1.0
ENSMUSG00000114159,1.0
ENSMUSG00000112950,1.0
ENSMUSG00000113900,0.9987395048724236
ENSMUSG00000048285,0.6549885369125561
ENSMUSG00000113584,1.0
ENSMUSG00000113707,1.0
ENSMUSG00000021076,0.6192059015444049
ENSMUSG00000060073,0.49826303580098746
ENSMUSG00000085622,0.6766685684734588
ENSMUSG00000048118,0.5018578797449067
ENSMUSG00000021078,1.0
ENSMUSG00000021079,0.6702675517597246
ENSMUSG00000034601,0.7162646387959158
ENSMUSG00000044548,0.8985857138328766
ENSMUSG00000087109,1.0
ENSMUSG00000113278,1.0
ENSMUSG00000113441,1.0
ENSMUSG00000100668,1.0
ENSMUSG00000113630,1.0
ENSMUSG00000114028,1.0
ENSMUSG00000034574,0.4605714578887928
ENSMUSG00000043398,0.9738232982512119
ENSMUSG00000019718,1.0
ENSMUSG00000005078,0.6160482233074069
ENSMUSG00000021086,1.0
ENSMUSG00000021087,0.43343049635943215
ENSMUSG00000021090,0.8269797606696538
ENSMUSG00000034501,0.7403721444952025
ENSMUSG00000109482,1.0
ENSMUSG00000021094,0.753164279743255
ENSMUSG00000021096,0.5295648848197729
ENSMUSG00000113779,1.0
ENSMUSG00000021098,0.9885247300993198
ENSMUSG00000021099,1.0
ENSMUSG00000097010,1.0
ENSMUSG00000051367,1.0
ENSMUSG00000034460,1.0
ENSMUSG00000021103,0.6232096896647694
ENSMUSG00000034442,0.9940514955483764
ENSMUSG00000044712,0.6702271016737359
ENSMUSG00000113425,1.0
ENSMUSG00000056359,1.0
ENSMUSG00000113582,1.0
ENSMUSG00000114178,1.0
ENSMUSG00000113099,1.0
ENSMUSG00000034435,1.0
ENSMUSG00000113800,1.0
ENSMUSG00000021108,0.5732063082083924
ENSMUSG00000113321,1.0
ENSMUSG00000113699,1.0
ENSMUSG00000087700,0.7367915881484466
ENSMUSG00000021109,0.5546461981685774
ENSMUSG00000021113,0.7075207977670069
ENSMUSG00000044912,0.7892407291657652
ENSMUSG00000100192,1.0
ENSMUSG00000029878,0.8586138978940308
ENSMUSG00000113031,0.9857529956766375
ENSMUSG00000079061,
ENSMUSG00000113845,1.0
ENSMUSG00000113974,1.0
ENSMUSG00000034402,0.7982914265806537
ENSMUSG00000046768,0.5449676343798514
ENSMUSG00000048982,1.0
ENSMUSG00000021051,0.5650486271446592
ENSMUSG00000112459,1.0
ENSMUSG00000045690,0.812079867120417
ENSMUSG00000118552,
ENSMUSG00000021054,0.6624701381028312
ENSMUSG00000063450,0.551187756816243
ENSMUSG00000021055,1.0
ENSMUSG00000021056,1.0
ENSMUSG00000112274,1.0
ENSMUSG00000021048,0.7585405199485108
ENSMUSG00000112784,1.0
ENSMUSG00000021057,0.8535439738181896
ENSMUSG00000056459,0.829820525370475
ENSMUSG00000033454,0.7475507286096861
ENSMUSG00000097323,0.98181710525122
ENSMUSG00000059970,0.7329964657916453
ENSMUSG00000052221,1.0
ENSMUSG00000073000,1.0
ENSMUSG00000052609,0.5904718636178575
ENSMUSG00000112388,1.0
ENSMUSG00000021061,0.7118560009928468
ENSMUSG00000090258,0.6988798087220994
ENSMUSG00000033373,0.7257231408466586
ENSMUSG00000042808,1.0
ENSMUSG00000021062,0.7811895002851132
ENSMUSG00000059436,0.6196417627724016
ENSMUSG00000112857,1.0
ENSMUSG00000112030,1.0
ENSMUSG00000112150,1.0
ENSMUSG00000021065,0.4468174566932505
ENSMUSG00000112392,1.0
ENSMUSG00000111903,1.0
ENSMUSG00000099418,1.0
ENSMUSG00000112302,0.7781834722460792
ENSMUSG00000047454,0.3342286902221835
ENSMUSG00000056987,0.9710598274392988
ENSMUSG00000021112,0.5663312459913654
ENSMUSG00000021114,0.6129136058137008
ENSMUSG00000021116,0.7315364826954301
ENSMUSG00000021118,1.0
ENSMUSG00000046157,0.7678948934718813
ENSMUSG00000060716,0.4952060986495511
ENSMUSG00000021120,0.8423095862142452
ENSMUSG00000112489,1.0
ENSMUSG00000021125,1.0
ENSMUSG00000111929,1.0
ENSMUSG00000021124,0.570193633732363
ENSMUSG00000066441,0.7634745528776167
ENSMUSG00000021123,0.9999650842787974
ENSMUSG00000066440,0.6701212642727261
ENSMUSG00000059060,0.7059952552773935
ENSMUSG00000112765,1.0
ENSMUSG00000111933,1.0
ENSMUSG00000112386,1.0
ENSMUSG00000021127,0.3859883663103182
ENSMUSG00000112545,1.0
ENSMUSG00000097729,0.7877007816132694
ENSMUSG00000015143,0.6645993799696033
ENSMUSG00000112830,1.0
ENSMUSG00000112852,1.0
ENSMUSG00000112336,1.0
ENSMUSG00000049106,0.6116825785188582
ENSMUSG00000112285,1.0
ENSMUSG00000112278,0.8562829016834755
ENSMUSG00000032705,0.6737386237029231
ENSMUSG00000112701,1.0
ENSMUSG00000097801,1.0
ENSMUSG00000021130,0.6155399814587138
ENSMUSG00000112421,1.0
ENSMUSG00000021131,0.6990818462465791
ENSMUSG00000112288,1.0
ENSMUSG00000048833,0.6927106671028647
ENSMUSG00000044062,1.0
ENSMUSG00000066438,1.0
ENSMUSG00000062961,0.9652518213741381
ENSMUSG00000097575,1.0
ENSMUSG00000112093,1.0
ENSMUSG00000021133,0.45720526476082507
ENSMUSG00000101912,1.0
ENSMUSG00000112880,1.0
ENSMUSG00000021134,0.4435783961858648
ENSMUSG00000021135,1.0
ENSMUSG00000021136,0.7532635557641295
ENSMUSG00000079055,0.6879544410792887
ENSMUSG00000098128,1.0
ENSMUSG00000091803,0.463786754102218
ENSMUSG00000072974,1.0
ENSMUSG00000072972,1.0
ENSMUSG00000099478,0.8832749094831687
ENSMUSG00000090935,0.5783758428366452
ENSMUSG00000091587,1.0
ENSMUSG00000091947,0.9231871518507148
ENSMUSG00000008438,1.0
ENSMUSG00000002679,0.73092267360826
ENSMUSG00000090244,1.0
ENSMUSG00000042734,0.7759523237310162
ENSMUSG00000113184,1.0
ENSMUSG00000042724,0.9865849466292242
ENSMUSG00000113303,1.0
ENSMUSG00000113950,1.0
ENSMUSG00000021140,0.5607890831660345
ENSMUSG00000113622,
ENSMUSG00000113746,1.0
ENSMUSG00000042700,0.5639233656195983
ENSMUSG00000021219,0.4257507312863631
ENSMUSG00000100890,1.0
ENSMUSG00000102029,1.0
ENSMUSG00000021221,0.5796961092494906
ENSMUSG00000021222,0.8661625881379539
ENSMUSG00000042628,0.655214938679383
ENSMUSG00000010608,0.4505954889369779
ENSMUSG00000099708,1.0
ENSMUSG00000019969,0.6363861892774338
ENSMUSG00000114050,1.0
ENSMUSG00000021223,1.0
ENSMUSG00000021224,0.425463299367016
ENSMUSG00000114150,0.5927015788874226
ENSMUSG00000096953,1.0
ENSMUSG00000046791,0.9586091792475531
ENSMUSG00000090843,1.0
ENSMUSG00000021226,0.8211047061503567
ENSMUSG00000072949,0.8498414658734001
ENSMUSG00000052392,1.0
ENSMUSG00000097762,1.0
ENSMUSG00000021228,1.0
ENSMUSG00000042540,1.0
ENSMUSG00000043487,0.9074782379634653
ENSMUSG00000042523,0.7026873653013661
ENSMUSG00000054383,1.0
ENSMUSG00000042507,0.6231688684860534
ENSMUSG00000113052,1.0
ENSMUSG00000113094,1.0
ENSMUSG00000072946,0.7167838619734896
ENSMUSG00000113529,0.9913450585002526
ENSMUSG00000042472,0.7417414345478158
ENSMUSG00000021234,0.9229806980302886
ENSMUSG00000021235,0.9037232435932271
ENSMUSG00000021236,0.7457489233178258
ENSMUSG00000057265,0.7788901887057991
ENSMUSG00000098134,0.8376990268752641
ENSMUSG00000021238,0.6034764863284939
ENSMUSG00000085793,0.6216831164218181
ENSMUSG00000021239,1.0
ENSMUSG00000021240,0.7267075685317351
ENSMUSG00000071235,1.0
ENSMUSG00000071234,0.9041882096263816
ENSMUSG00000113317,1.0
ENSMUSG00000021242,0.49060292764414765
ENSMUSG00000021241,0.6493557505199298
ENSMUSG00000002020,1.0
ENSMUSG00000092130,1.0
ENSMUSG00000113079,1.0
ENSMUSG00000092006,1.0
ENSMUSG00000042350,0.6729432855142604
ENSMUSG00000079645,1.0
ENSMUSG00000021243,0.7722502954844259
ENSMUSG00000021244,0.5554116296161796
ENSMUSG00000093629,1.0
ENSMUSG00000042320,0.9173228212481875
ENSMUSG00000004789,0.5953338409901824
ENSMUSG00000019235,0.897784065974277
ENSMUSG00000004791,0.910436839007989
ENSMUSG00000004788,0.7996410201365298
ENSMUSG00000021245,0.7218837633617848
ENSMUSG00000008822,0.776020372959402
ENSMUSG00000045064,1.0
ENSMUSG00000034290,0.620273186747525
ENSMUSG00000021248,0.45745792237401217
ENSMUSG00000113488,1.0
ENSMUSG00000113940,1.0
ENSMUSG00000021250,0.4486220006695466
ENSMUSG00000114163,1.0
ENSMUSG00000113165,0.9745374187460385
ENSMUSG00000034271,0.6957053972810846
ENSMUSG00000034266,1.0
ENSMUSG00000034258,0.7809144834577054
ENSMUSG00000021252,0.6607353823908582
ENSMUSG00000012609,0.5528063949910837
ENSMUSG00000097902,1.0
ENSMUSG00000021253,0.8462578308876518
ENSMUSG00000114051,1.0
ENSMUSG00000007867,0.6553253409821932
ENSMUSG00000097543,1.0
ENSMUSG00000021254,0.6721662555895999
ENSMUSG00000097488,1.0
ENSMUSG00000021255,1.0
ENSMUSG00000021256,0.8071867227050735
ENSMUSG00000021257,0.8819490460377347
ENSMUSG00000059114,1.0
ENSMUSG00000034168,0.5615072358087471
ENSMUSG00000034157,0.5584840345925184
ENSMUSG00000048483,0.9577264791196303
ENSMUSG00000034145,0.7725892454848066
ENSMUSG00000021032,0.9936705702086751
ENSMUSG00000034126,0.7733218743597997
ENSMUSG00000021033,0.7003305190493101
ENSMUSG00000113918,1.0
ENSMUSG00000034111,0.7636654530724816
ENSMUSG00000090812,1.0
ENSMUSG00000072919,1.0
ENSMUSG00000021038,0.7266438012945329
ENSMUSG00000021037,0.6782651341126177
ENSMUSG00000050671,1.0
ENSMUSG00000021036,0.5886113780599607
ENSMUSG00000079036,0.6954370308289278
ENSMUSG00000100306,1.0
ENSMUSG00000021040,0.6553380394868848
ENSMUSG00000021039,0.6102900896408227
ENSMUSG00000113805,
ENSMUSG00000079034,1.0
ENSMUSG00000096576,
ENSMUSG00000092019,
ENSMUSG00000113489,1.0
ENSMUSG00000095724,1.0
ENSMUSG00000113201,
ENSMUSG00000079031,1.0
ENSMUSG00000113951,1.0
ENSMUSG00000072905,
ENSMUSG00000113971,
ENSMUSG00000096619,
ENSMUSG00000096276,1.0
ENSMUSG00000096049,
ENSMUSG00000096803,
ENSMUSG00000095717,
ENSMUSG00000114075,1.0
ENSMUSG00000066027,
ENSMUSG00000095799,
ENSMUSG00000079029,1.0
ENSMUSG00000093847,1.0
ENSMUSG00000021044,0.7307013840936076
ENSMUSG00000113434,1.0
ENSMUSG00000113087,1.0
ENSMUSG00000113538,1.0
ENSMUSG00000114001,1.0
ENSMUSG00000113997,1.0
ENSMUSG00000066392,0.32855674996193623
ENSMUSG00000113884,1.0
ENSMUSG00000113539,1.0
ENSMUSG00000113001,1.0
ENSMUSG00000007682,0.6605587526509317
ENSMUSG00000097157,0.6513560937220632
ENSMUSG00000097071,0.8691223516551749
ENSMUSG00000113747,1.0
ENSMUSG00000061533,0.7273386986163354
ENSMUSG00000085004,1.0
ENSMUSG00000020963,1.0
ENSMUSG00000020962,0.5989464390109551
ENSMUSG00000113943,1.0
ENSMUSG00000020961,0.5649735062486189
ENSMUSG00000090722,1.0
ENSMUSG00000086689,1.0
ENSMUSG00000020964,0.5072014514905774
ENSMUSG00000113236,1.0
ENSMUSG00000113164,1.0
ENSMUSG00000047414,0.6395495939784207
ENSMUSG00000112040,
ENSMUSG00000112635,1.0
ENSMUSG00000112598,1.0
ENSMUSG00000112524,1.0
ENSMUSG00000111885,1.0
ENSMUSG00000112812,1.0
ENSMUSG00000021003,0.726044770680739
ENSMUSG00000112860,1.0
ENSMUSG00000021886,1.0
ENSMUSG00000112510,1.0
ENSMUSG00000033854,0.6316478699358955
ENSMUSG00000113613,1.0
ENSMUSG00000021007,0.6869823363608916
ENSMUSG00000021009,0.7949119600265315
ENSMUSG00000021012,0.6350618778850037
ENSMUSG00000051166,0.5737377089044227
ENSMUSG00000021013,0.6736655288001719
ENSMUSG00000114021,1.0
ENSMUSG00000114089,1.0
ENSMUSG00000113210,1.0
ENSMUSG00000033713,0.3111992375379221
ENSMUSG00000093465,0.9763736321291414
ENSMUSG00000033731,1.0
ENSMUSG00000097917,1.0
ENSMUSG00000113138,1.0
ENSMUSG00000100211,1.0
ENSMUSG00000113136,0.9756739788476253
ENSMUSG00000021176,1.0
ENSMUSG00000113147,1.0
ENSMUSG00000021177,0.7890505338975384
ENSMUSG00000045404,0.5516885865076709
ENSMUSG00000113268,1.0
ENSMUSG00000021178,0.6240532386486577
ENSMUSG00000021179,0.823449582243738
ENSMUSG00000072884,1.0
ENSMUSG00000001175,0.31165226340146523
ENSMUSG00000113362,1.0
ENSMUSG00000113679,1.0
ENSMUSG00000033530,0.5652603635043264
ENSMUSG00000113895,0.9192904339345391
ENSMUSG00000021180,0.5494903100810543
ENSMUSG00000021185,0.7507089433528242
ENSMUSG00000047415,0.9367282285363473
ENSMUSG00000021182,0.7201432955737682
ENSMUSG00000097160,1.0
ENSMUSG00000113634,1.0
ENSMUSG00000114113,1.0
ENSMUSG00000041846,0.6010134562528384
ENSMUSG00000097121,0.9546454074590351
ENSMUSG00000047014,1.0
ENSMUSG00000021187,1.0
ENSMUSG00000021186,0.954434691853473
ENSMUSG00000021188,0.5140704799225985
ENSMUSG00000093579,1.0
ENSMUSG00000021189,0.7137711864242272
ENSMUSG00000113902,0.5055782229654366
ENSMUSG00000041781,0.7366311760324615
ENSMUSG00000090050,1.0
ENSMUSG00000041771,0.7844089609575059
ENSMUSG00000044456,0.6495690108274544
ENSMUSG00000021190,0.40738675837830357
ENSMUSG00000113265,1.0
ENSMUSG00000021192,0.6660166734646411
ENSMUSG00000021194,0.8670366126250955
ENSMUSG00000057963,0.5592036628220463
ENSMUSG00000095174,1.0
ENSMUSG00000096458,1.0
ENSMUSG00000046675,0.8218373593093078
ENSMUSG00000041712,0.7334767669029381
ENSMUSG00000041702,0.4988692364818557
ENSMUSG00000113907,0.849605050639632
ENSMUSG00000043319,1.0
ENSMUSG00000021198,0.6353728741830293
ENSMUSG00000041669,0.8048694486816711
ENSMUSG00000096753,0.9999953547064825
ENSMUSG00000100789,1.0
ENSMUSG00000021200,0.8441023288287924
ENSMUSG00000090185,1.0
ENSMUSG00000021203,0.9004229116340673
ENSMUSG00000041645,0.5404044422434172
ENSMUSG00000064215,0.6058917827599493
ENSMUSG00000079017,1.0
ENSMUSG00000021208,1.0
ENSMUSG00000113383,1.0
ENSMUSG00000021209,0.8479631478606613
ENSMUSG00000061947,1.0
ENSMUSG00000060807,1.0
ENSMUSG00000071179,1.0
ENSMUSG00000021081,
ENSMUSG00000071178,1.0
ENSMUSG00000071177,1.0
ENSMUSG00000066366,1.0
ENSMUSG00000079015,1.0
ENSMUSG00000086432,1.0
ENSMUSG00000072849,1.0
ENSMUSG00000063232,1.0
ENSMUSG00000058260,1.0
ENSMUSG00000041567,1.0
ENSMUSG00000041550,1.0
ENSMUSG00000041536,
ENSMUSG00000066364,1.0
ENSMUSG00000066361,1.0
ENSMUSG00000066363,1.0
ENSMUSG00000041481,1.0
ENSMUSG00000079014,1.0
ENSMUSG00000079013,
ENSMUSG00000058207,
ENSMUSG00000079012,1.0
ENSMUSG00000021091,0.9485754021953123
ENSMUSG00000021095,1.0
ENSMUSG00000114826,1.0
ENSMUSG00000112954,1.0
ENSMUSG00000041415,0.5743801041369082
ENSMUSG00000021097,0.4413663123182692
ENSMUSG00000021101,1.0
ENSMUSG00000100975,0.9956973102661049
ENSMUSG00000054150,0.9723050169870898
ENSMUSG00000113995,1.0
ENSMUSG00000113722,0.9294610402068053
ENSMUSG00000021102,0.6542412406895086
ENSMUSG00000060863,1.0
ENSMUSG00000066359,1.0
ENSMUSG00000000701,1.0
ENSMUSG00000068940,1.0
ENSMUSG00000079007,1.0
ENSMUSG00000041359,1.0
ENSMUSG00000097929,0.9243498783139362
ENSMUSG00000113314,1.0
ENSMUSG00000114181,1.0
ENSMUSG00000094910,0.9128951000552734
ENSMUSG00000113535,1.0
ENSMUSG00000113479,1.0
ENSMUSG00000021070,1.0
ENSMUSG00000041347,1.0
ENSMUSG00000041341,0.745963814143491
ENSMUSG00000044715,0.7410850427776433
ENSMUSG00000041323,1.0
ENSMUSG00000021111,0.49233609473662593
ENSMUSG00000113537,1.0
ENSMUSG00000113835,1.0
ENSMUSG00000021115,0.7684853136919241
ENSMUSG00000113427,1.0
ENSMUSG00000113390,1.0
ENSMUSG00000114149,1.0
ENSMUSG00000091280,1.0
ENSMUSG00000092066,1.0
ENSMUSG00000091583,1.0
ENSMUSG00000085820,1.0
ENSMUSG00000085801,1.0
ENSMUSG00000086319,1.0
ENSMUSG00000085120,1.0
ENSMUSG00000086037,1.0
ENSMUSG00000086060,1.0
ENSMUSG00000084871,1.0
ENSMUSG00000113415,1.0
ENSMUSG00000060375,
ENSMUSG00000085641,1.0
ENSMUSG00000086975,1.0
ENSMUSG00000048251,0.7453102707237312
ENSMUSG00000056770,0.5643238608562301
ENSMUSG00000021258,0.7229668639773723
ENSMUSG00000084883,0.788050200430914
ENSMUSG00000021260,0.9679310842348979
ENSMUSG00000097847,1.0
ENSMUSG00000021259,0.8052895766074755
ENSMUSG00000058070,0.48899382426891647
ENSMUSG00000097788,1.0
ENSMUSG00000021262,0.5373673449098773
ENSMUSG00000021263,0.7917100503680508
ENSMUSG00000113396,1.0
ENSMUSG00000112971,1.0
ENSMUSG00000021264,0.5801110467739998
ENSMUSG00000021265,0.8210833389169532
ENSMUSG00000048856,0.8174241003315224
ENSMUSG00000021266,0.7065225934494669
ENSMUSG00000040877,0.8929288108821124
ENSMUSG00000040867,0.8569152204759497
ENSMUSG00000040856,0.9321707979512505
ENSMUSG00000112977,1.0
ENSMUSG00000021268,0.32491014603782264
ENSMUSG00000085925,0.9997703594797565
ENSMUSG00000097451,0.5520638393966913
ENSMUSG00000098202,0.8156964774908939
ENSMUSG00000097391,0.7956167194338839
ENSMUSG00000112940,1.0
ENSMUSG00000113063,1.0
ENSMUSG00000113868,1.0
ENSMUSG00000113331,1.0
ENSMUSG00000113733,1.0
ENSMUSG00000113193,1.0
ENSMUSG00000113581,1.0
ENSMUSG00000075707,1.0
ENSMUSG00000017843,0.48236425106750314
ENSMUSG00000113585,0.9372350303298106
ENSMUSG00000113361,1.0
ENSMUSG00000113702,1.0
ENSMUSG00000113781,1.0
ENSMUSG00000018707,0.48750958769899144
ENSMUSG00000090327,1.0
ENSMUSG00000056508,1.0
ENSMUSG00000021270,0.3883087198825524
ENSMUSG00000037957,0.6193964147752367
ENSMUSG00000056458,0.8465756567939573
ENSMUSG00000097650,1.0
ENSMUSG00000097832,1.0
ENSMUSG00000021271,0.7853022327347374
ENSMUSG00000021276,0.7653640779931485
ENSMUSG00000021275,0.6601835599735404
ENSMUSG00000037904,0.9152195194215654
ENSMUSG00000113056,1.0
ENSMUSG00000037896,0.6017387876647544
ENSMUSG00000083193,1.0
ENSMUSG00000021277,0.6456302493677365
ENSMUSG00000021278,1.0
ENSMUSG00000097381,1.0
ENSMUSG00000021279,0.5621921573808488
ENSMUSG00000087075,1.0
ENSMUSG00000021280,0.9271335068262493
ENSMUSG00000097081,1.0
ENSMUSG00000021281,1.0
ENSMUSG00000113029,0.6075262494293315
ENSMUSG00000010529,0.7977267451573505
ENSMUSG00000021282,0.4679291152517031
ENSMUSG00000096995,0.9775822766015325
ENSMUSG00000007411,0.5016064418249133
ENSMUSG00000113910,1.0
ENSMUSG00000001270,0.3626476024160281
ENSMUSG00000060950,0.9556223699414155
ENSMUSG00000112991,1.0
ENSMUSG00000049792,0.7268600868122976
ENSMUSG00000037787,0.6338326487046007
ENSMUSG00000090193,1.0
ENSMUSG00000090026,1.0
ENSMUSG00000021288,0.5149469442742244
ENSMUSG00000021287,0.9174585026698165
ENSMUSG00000021286,0.7485912088664092
ENSMUSG00000021285,0.5859229309801325
ENSMUSG00000113769,1.0
ENSMUSG00000113088,1.0
ENSMUSG00000021290,0.5140979919281458
ENSMUSG00000054003,1.0
ENSMUSG00000091402,1.0
ENSMUSG00000037686,1.0
ENSMUSG00000021294,0.791553842175517
ENSMUSG00000113120,1.0
ENSMUSG00000047828,1.0
ENSMUSG00000113189,1.0
ENSMUSG00000043122,1.0
ENSMUSG00000054013,0.867630060320353
ENSMUSG00000037679,0.5604450802437771
ENSMUSG00000011148,0.7873702990739785
ENSMUSG00000064326,0.7310036362221013
ENSMUSG00000001729,0.611413531418953
ENSMUSG00000037638,1.0
ENSMUSG00000072825,0.7669292119335911
ENSMUSG00000052160,0.6620508750308013
ENSMUSG00000072812,1.0
ENSMUSG00000037594,0.9927058309387331
ENSMUSG00000047832,0.9725008061542539
ENSMUSG00000021298,1.0
ENSMUSG00000113830,1.0
ENSMUSG00000002799,0.7329712198063565
ENSMUSG00000002804,0.9997814606133559
ENSMUSG00000097476,1.0
ENSMUSG00000011158,0.6970169738698097
ENSMUSG00000113519,1.0
ENSMUSG00000002803,0.8637201441982979
ENSMUSG00000097100,1.0
ENSMUSG00000021143,0.47504198840417683
ENSMUSG00000012211,0.9908927797494858
ENSMUSG00000021144,0.6605455808362769
ENSMUSG00000006356,0.4914745250824196
ENSMUSG00000006360,0.5562612721763694
ENSMUSG00000037466,1.0
ENSMUSG00000049036,0.7907875370306384
ENSMUSG00000095079,1.0
ENSMUSG00000087642,1.0
ENSMUSG00000076612,1.0
ENSMUSG00000076613,1.0
ENSMUSG00000102962,
ENSMUSG00000076614,1.0
ENSMUSG00000076615,1.0
ENSMUSG00000104213,1.0
ENSMUSG00000076617,0.7404533594489677
ENSMUSG00000076618,1.0
ENSMUSG00000076619,1.0
ENSMUSG00000076620,
ENSMUSG00000076621,1.0
ENSMUSG00000094028,
ENSMUSG00000094552,
ENSMUSG00000096420,
ENSMUSG00000095656,
ENSMUSG00000094957,
ENSMUSG00000094057,
ENSMUSG00000094268,
ENSMUSG00000096884,
ENSMUSG00000096250,
ENSMUSG00000095592,
ENSMUSG00000093876,
ENSMUSG00000095897,
ENSMUSG00000103203,
ENSMUSG00000096396,
ENSMUSG00000095444,
ENSMUSG00000096568,
ENSMUSG00000076630,
ENSMUSG00000051804,
ENSMUSG00000093818,
ENSMUSG00000076632,
ENSMUSG00000043945,
ENSMUSG00000102901,
ENSMUSG00000091606,
ENSMUSG00000076633,
ENSMUSG00000096464,
ENSMUSG00000103934,
ENSMUSG00000095612,
ENSMUSG00000103111,
ENSMUSG00000094164,
ENSMUSG00000102645,
ENSMUSG00000094951,
ENSMUSG00000102848,
ENSMUSG00000095866,
ENSMUSG00000103262,
ENSMUSG00000090395,
ENSMUSG00000095285,
ENSMUSG00000104278,
ENSMUSG00000096498,
ENSMUSG00000103185,
ENSMUSG00000095429,
ENSMUSG00000096670,
ENSMUSG00000103240,1.0
ENSMUSG00000103860,
ENSMUSG00000095210,
ENSMUSG00000103446,
ENSMUSG00000103033,
ENSMUSG00000103604,
ENSMUSG00000095565,
ENSMUSG00000102910,
ENSMUSG00000103184,
ENSMUSG00000076646,
ENSMUSG00000104355,1.0
ENSMUSG00000096824,
ENSMUSG00000094134,
ENSMUSG00000094194,
ENSMUSG00000095571,
ENSMUSG00000103893,
ENSMUSG00000102878,
ENSMUSG00000096638,
ENSMUSG00000104319,
ENSMUSG00000076665,1.0
ENSMUSG00000076653,
ENSMUSG00000094509,
ENSMUSG00000076655,
ENSMUSG00000093838,
ENSMUSG00000104393,
ENSMUSG00000094533,
ENSMUSG00000095583,
ENSMUSG00000103271,
ENSMUSG00000103297,
ENSMUSG00000096108,
ENSMUSG00000095642,
ENSMUSG00000076661,
ENSMUSG00000104129,
ENSMUSG00000096805,
ENSMUSG00000103918,
ENSMUSG00000094102,
ENSMUSG00000102515,
ENSMUSG00000096459,
ENSMUSG00000076652,
ENSMUSG00000103121,
ENSMUSG00000076666,
ENSMUSG00000094029,
ENSMUSG00000076668,
ENSMUSG00000103939,
ENSMUSG00000076670,
ENSMUSG00000102497,
ENSMUSG00000076672,
ENSMUSG00000094322,
ENSMUSG00000102601,
ENSMUSG00000103989,
ENSMUSG00000076674,
ENSMUSG00000104115,
ENSMUSG00000103340,
ENSMUSG00000076671,
ENSMUSG00000076676,
ENSMUSG00000076677,
ENSMUSG00000094174,
ENSMUSG00000096407,
ENSMUSG00000076680,
ENSMUSG00000087582,
ENSMUSG00000102301,
ENSMUSG00000102524,
ENSMUSG00000095981,
ENSMUSG00000102641,
ENSMUSG00000095442,
ENSMUSG00000103875,
ENSMUSG00000096499,
ENSMUSG00000095700,
ENSMUSG00000103915,
ENSMUSG00000095200,
ENSMUSG00000104152,
ENSMUSG00000103667,
ENSMUSG00000076688,
ENSMUSG00000094694,
ENSMUSG00000102502,
ENSMUSG00000102888,
ENSMUSG00000095416,
ENSMUSG00000090765,
ENSMUSG00000102587,
ENSMUSG00000104422,
ENSMUSG00000103254,
ENSMUSG00000095554,
ENSMUSG00000102773,
ENSMUSG00000103790,
ENSMUSG00000076695,
ENSMUSG00000102806,
ENSMUSG00000096410,
ENSMUSG00000095761,
ENSMUSG00000102678,
ENSMUSG00000102654,
ENSMUSG00000094561,
ENSMUSG00000103290,
ENSMUSG00000094241,
ENSMUSG00000102952,
ENSMUSG00000094546,
ENSMUSG00000103395,
ENSMUSG00000102315,
ENSMUSG00000102512,
ENSMUSG00000102281,
ENSMUSG00000096649,
ENSMUSG00000102656,
ENSMUSG00000102942,
ENSMUSG00000093955,
ENSMUSG00000103554,
ENSMUSG00000094051,
ENSMUSG00000095923,
ENSMUSG00000103873,
ENSMUSG00000095130,
ENSMUSG00000102991,
ENSMUSG00000102535,
ENSMUSG00000094652,
ENSMUSG00000095859,
ENSMUSG00000103300,
ENSMUSG00000102528,
ENSMUSG00000102928,
ENSMUSG00000076709,
ENSMUSG00000103990,
ENSMUSG00000096355,
ENSMUSG00000102453,
ENSMUSG00000076710,
ENSMUSG00000102364,
ENSMUSG00000094198,
ENSMUSG00000104176,
ENSMUSG00000095204,
ENSMUSG00000093894,
ENSMUSG00000094505,
ENSMUSG00000094787,
ENSMUSG00000095589,
ENSMUSG00000094862,
ENSMUSG00000102381,
ENSMUSG00000103168,1.0
ENSMUSG00000102295,
ENSMUSG00000104452,
ENSMUSG00000095889,
ENSMUSG00000095197,
ENSMUSG00000104320,
ENSMUSG00000094087,
ENSMUSG00000102765,
ENSMUSG00000102313,
ENSMUSG00000102332,1.0
ENSMUSG00000104373,
ENSMUSG00000103470,
ENSMUSG00000096078,
ENSMUSG00000096767,
ENSMUSG00000095117,
ENSMUSG00000096672,
ENSMUSG00000094088,
ENSMUSG00000106325,
ENSMUSG00000104593,
ENSMUSG00000095170,
ENSMUSG00000095519,
ENSMUSG00000095863,
ENSMUSG00000105582,
ENSMUSG00000094502,
ENSMUSG00000076731,
ENSMUSG00000106601,
ENSMUSG00000096577,
ENSMUSG00000096074,
ENSMUSG00000076733,
ENSMUSG00000106599,
ENSMUSG00000094124,
ENSMUSG00000091087,
ENSMUSG00000096020,
ENSMUSG00000104542,
ENSMUSG00000093896,
ENSMUSG00000106482,
ENSMUSG00000096452,
ENSMUSG00000096326,
ENSMUSG00000106645,
ENSMUSG00000105123,
ENSMUSG00000094075,
ENSMUSG00000094689,1.0
ENSMUSG00000106434,
ENSMUSG00000095127,1.0
ENSMUSG00000105757,
ENSMUSG00000094940,
ENSMUSG00000096150,
ENSMUSG00000105605,
ENSMUSG00000042063,0.7223702711632728
ENSMUSG00000011171,0.9402433716660046
ENSMUSG00000093765,1.0
ENSMUSG00000042050,0.7161472981991587
ENSMUSG00000078984,1.0
ENSMUSG00000113527,1.0
ENSMUSG00000021171,0.4448459548052572
ENSMUSG00000112980,1.0
ENSMUSG00000042029,0.9490701172145921
ENSMUSG00000056553,0.5766904754597199
ENSMUSG00000099907,1.0
ENSMUSG00000101930,0.9591756243645841
ENSMUSG00000041992,0.39532046713859353
ENSMUSG00000113575,1.0
ENSMUSG00000021175,1.0
ENSMUSG00000018581,0.8366467306275401
ENSMUSG00000113831,0.8894094334552155
ENSMUSG00000025323,0.6477477498002951
ENSMUSG00000113875,1.0
ENSMUSG00000048562,0.9772549471790385
ENSMUSG00000072791,1.0
ENSMUSG00000025321,0.5167949367704016
ENSMUSG00000041886,1.0
ENSMUSG00000114186,1.0
ENSMUSG00000048004,0.7924603162433357
ENSMUSG00000113784,1.0
ENSMUSG00000113271,1.0
ENSMUSG00000112968,1.0
ENSMUSG00000097709,0.8997481587392138
ENSMUSG00000021218,0.4983780908979195
ENSMUSG00000033799,0.6249856556693869
ENSMUSG00000033781,0.7387179867256028
ENSMUSG00000113759,1.0
ENSMUSG00000113259,1.0
ENSMUSG00000063130,1.0
ENSMUSG00000114091,1.0
ENSMUSG00000033765,1.0
ENSMUSG00000099269,1.0
ENSMUSG00000021215,0.6856902910669276
ENSMUSG00000021216,1.0
ENSMUSG00000044988,1.0
ENSMUSG00000033715,1.0
ENSMUSG00000113788,1.0
ENSMUSG00000021214,1.0
ENSMUSG00000113744,1.0
ENSMUSG00000021213,1.0
ENSMUSG00000071551,1.0
ENSMUSG00000021211,1.0
ENSMUSG00000021210,1.0
ENSMUSG00000113214,1.0
ENSMUSG00000054757,1.0
ENSMUSG00000021207,1.0
ENSMUSG00000045410,0.7982901004360816
ENSMUSG00000113717,1.0
ENSMUSG00000053499,1.0
ENSMUSG00000113866,1.0
ENSMUSG00000114098,1.0
ENSMUSG00000114053,1.0
ENSMUSG00000100625,1.0
ENSMUSG00000000078,0.4667350810036051
ENSMUSG00000113757,1.0
ENSMUSG00000113017,1.0
ENSMUSG00000113054,
ENSMUSG00000113483,
ENSMUSG00000113765,1.0
ENSMUSG00000114097,1.0
ENSMUSG00000101540,1.0
ENSMUSG00000021193,0.7596610852840027
ENSMUSG00000021196,0.609174695760499
ENSMUSG00000114017,1.0
ENSMUSG00000113241,1.0
ENSMUSG00000113225,1.0
ENSMUSG00000114126,1.0
ENSMUSG00000052551,0.5059127135663799
ENSMUSG00000021147,0.6034690813234841
ENSMUSG00000058258,0.6714905408940749
ENSMUSG00000021148,1.0
ENSMUSG00000033520,1.0
ENSMUSG00000021149,0.6903236275977251
ENSMUSG00000113543,1.0
ENSMUSG00000033499,0.5186265488150644
ENSMUSG00000113455,1.0
ENSMUSG00000048264,0.47353091257760427
ENSMUSG00000114138,1.0
ENSMUSG00000021156,0.4685272393847543
ENSMUSG00000113885,0.987203917563028
ENSMUSG00000046159,0.6823921210382584
ENSMUSG00000113680,1.0
ENSMUSG00000113261,1.0
ENSMUSG00000097009,1.0
ENSMUSG00000113758,1.0
ENSMUSG00000113243,1.0
ENSMUSG00000114134,1.0
ENSMUSG00000113673,1.0
ENSMUSG00000021313,0.5463638663542064
ENSMUSG00000021311,0.6907703508620471
ENSMUSG00000052374,0.9905337602031444
ENSMUSG00000050244,0.8153639538165961
ENSMUSG00000057554,0.6558443318969492
ENSMUSG00000095105,1.0
ENSMUSG00000114115,1.0
ENSMUSG00000057069,0.7996897711861927
ENSMUSG00000056457,1.0
ENSMUSG00000079092,1.0
ENSMUSG00000113049,1.0
ENSMUSG00000055360,1.0
ENSMUSG00000021306,0.7743616653572082
ENSMUSG00000005397,0.618684573931545
ENSMUSG00000113380,1.0
ENSMUSG00000019726,0.5703987447703504
ENSMUSG00000021303,0.8218956573592874
ENSMUSG00000113811,1.0
ENSMUSG00000113310,1.0
ENSMUSG00000039242,0.7689046010417465
ENSMUSG00000039233,0.6555115195790723
ENSMUSG00000021302,0.5541524413869029
ENSMUSG00000039219,0.47032101631301904
ENSMUSG00000113775,0.9782382721333894
ENSMUSG00000021301,0.6870900216379744
ENSMUSG00000113654,1.0
ENSMUSG00000015672,0.7269701713929636
ENSMUSG00000015671,0.6070349797704352
ENSMUSG00000039182,0.8377872699337331
ENSMUSG00000113410,1.0
ENSMUSG00000097806,1.0
ENSMUSG00000097684,1.0
ENSMUSG00000021318,0.5565032467046287
ENSMUSG00000113960,1.0
ENSMUSG00000113338,1.0
ENSMUSG00000114057,1.0
ENSMUSG00000041324,0.9227795205387196
ENSMUSG00000113224,1.0
ENSMUSG00000113038,1.0
ENSMUSG00000113322,1.0
ENSMUSG00000055137,0.6903238720714975
ENSMUSG00000113851,1.0
ENSMUSG00000012429,0.7532740904198886
ENSMUSG00000041297,0.5282447183282355
ENSMUSG00000008859,0.5753703365074561
ENSMUSG00000113100,1.0
ENSMUSG00000075054,0.6310028258988022
ENSMUSG00000113847,1.0
ENSMUSG00000113470,1.0
ENSMUSG00000009734,0.9545872769293351
ENSMUSG00000114118,1.0
ENSMUSG00000041236,0.5800422797180506
ENSMUSG00000021314,0.5368177352842717
ENSMUSG00000113576,1.0
ENSMUSG00000114080,1.0
ENSMUSG00000105715,1.0
ENSMUSG00000076744,1.0
ENSMUSG00000076745,1.0
ENSMUSG00000076746,1.0
ENSMUSG00000076747,
ENSMUSG00000104962,
ENSMUSG00000076749,1.0
ENSMUSG00000076750,1.0
ENSMUSG00000104630,
ENSMUSG00000091682,
ENSMUSG00000076752,1.0
ENSMUSG00000105830,
ENSMUSG00000076754,1.0
ENSMUSG00000076755,1.0
ENSMUSG00000098799,
ENSMUSG00000076757,1.0
ENSMUSG00000003062,0.5503893555242825
ENSMUSG00000114189,0.9476536291941068
ENSMUSG00000002808,0.6327304997648948
ENSMUSG00000021319,1.0
ENSMUSG00000041138,1.0
ENSMUSG00000047462,1.0
ENSMUSG00000053101,1.0
ENSMUSG00000041112,0.32127348283167584
ENSMUSG00000113313,0.7342885224055259
ENSMUSG00000113183,0.7568164722307992
ENSMUSG00000021322,1.0
ENSMUSG00000042869,
ENSMUSG00000060404,1.0
ENSMUSG00000071522,1.0
ENSMUSG00000045474,
ENSMUSG00000113104,1.0
ENSMUSG00000021326,0.8336020899404494
ENSMUSG00000004344,1.0
ENSMUSG00000004341,1.0
ENSMUSG00000045508,
ENSMUSG00000036721,0.8838133242026394
ENSMUSG00000021327,0.5768472174184103
ENSMUSG00000055313,0.9528787817142573
ENSMUSG00000085788,1.0
ENSMUSG00000022228,0.5722531464180429
ENSMUSG00000059395,0.9999922365215714
ENSMUSG00000114702,1.0
ENSMUSG00000054931,1.0
ENSMUSG00000078139,1.0
ENSMUSG00000079941,1.0
ENSMUSG00000063894,0.8024195237278966
ENSMUSG00000048996,1.0
ENSMUSG00000054890,1.0
ENSMUSG00000046016,1.0
ENSMUSG00000051258,1.0
ENSMUSG00000036658,1.0
ENSMUSG00000049737,1.0
ENSMUSG00000108534,1.0
ENSMUSG00000108674,1.0
ENSMUSG00000094338,1.0
ENSMUSG00000071516,1.0
ENSMUSG00000101355,1.0
ENSMUSG00000114279,1.0
ENSMUSG00000067455,1.0
ENSMUSG00000064288,1.0
ENSMUSG00000063021,1.0
ENSMUSG00000095217,1.0
ENSMUSG00000085331,1.0
ENSMUSG00000058773,1.0
ENSMUSG00000101972,1.0
ENSMUSG00000069309,1.0
ENSMUSG00000069308,1.0
ENSMUSG00000069307,1.0
ENSMUSG00000094248,1.0
ENSMUSG00000069306,1.0
ENSMUSG00000069305,1.0
ENSMUSG00000094777,0.958787742842154
ENSMUSG00000069303,1.0
ENSMUSG00000085393,1.0
ENSMUSG00000006720,1.0
ENSMUSG00000016982,1.0
ENSMUSG00000006179,1.0
ENSMUSG00000085827,0.8572487190458503
ENSMUSG00000043145,1.0
ENSMUSG00000069302,1.0
ENSMUSG00000062727,1.0
ENSMUSG00000060639,0.8648277042686068
ENSMUSG00000069301,1.0
ENSMUSG00000069300,1.0
ENSMUSG00000069299,1.0
ENSMUSG00000099611,1.0
ENSMUSG00000095916,1.0
ENSMUSG00000099787,1.0
ENSMUSG00000046932,1.0
ENSMUSG00000069297,
ENSMUSG00000069296,1.0
ENSMUSG00000069295,1.0
ENSMUSG00000069294,1.0
ENSMUSG00000095125,1.0
ENSMUSG00000069292,1.0
ENSMUSG00000101073,1.0
ENSMUSG00000094898,1.0
ENSMUSG00000094379,1.0
ENSMUSG00000069289,1.0
ENSMUSG00000087688,1.0
ENSMUSG00000094637,1.0
ENSMUSG00000100296,1.0
ENSMUSG00000101578,1.0
ENSMUSG00000085221,1.0
ENSMUSG00000084136,1.0
ENSMUSG00000071493,1.0
ENSMUSG00000087643,1.0
ENSMUSG00000071491,1.0
ENSMUSG00000061296,1.0
ENSMUSG00000063998,1.0
ENSMUSG00000071490,1.0
ENSMUSG00000060024,1.0
ENSMUSG00000061829,1.0
ENSMUSG00000099917,1.0
ENSMUSG00000116057,
ENSMUSG00000115791,1.0
ENSMUSG00000115020,1.0
ENSMUSG00000061376,1.0
ENSMUSG00000096099,1.0
ENSMUSG00000082316,1.0
ENSMUSG00000061022,1.0
ENSMUSG00000069280,1.0
ENSMUSG00000085488,1.0
ENSMUSG00000085122,1.0
ENSMUSG00000087097,1.0
ENSMUSG00000046351,0.6664115619041282
ENSMUSG00000036376,0.884283112422447
ENSMUSG00000085024,0.9471986847240418
ENSMUSG00000113440,0.9779181547784453
ENSMUSG00000000706,1.0
ENSMUSG00000053216,1.0
ENSMUSG00000085016,1.0
ENSMUSG00000060981,0.8574582857175266
ENSMUSG00000061991,1.0
ENSMUSG00000099517,1.0
ENSMUSG00000114456,1.0
ENSMUSG00000100210,1.0
ENSMUSG00000069274,1.0
ENSMUSG00000052565,0.7218353849254714
ENSMUSG00000069273,1.0
ENSMUSG00000069272,1.0
ENSMUSG00000058385,1.0
ENSMUSG00000069268,1.0
ENSMUSG00000071478,1.0
ENSMUSG00000099583,0.9627850897990995
ENSMUSG00000061482,0.8359061575483017
ENSMUSG00000047246,0.6067075889609875
ENSMUSG00000051627,0.6411603414482443
ENSMUSG00000069270,0.9226194157697987
ENSMUSG00000018102,0.4837190376405171
ENSMUSG00000036211,1.0
ENSMUSG00000060678,0.9854243601066277
ENSMUSG00000006611,0.8289673539704628
ENSMUSG00000036181,0.5308585197486598
ENSMUSG00000069310,1.0
ENSMUSG00000075031,1.0
ENSMUSG00000061615,1.0
ENSMUSG00000069267,1.0
ENSMUSG00000075029,1.0
ENSMUSG00000069266,1.0
ENSMUSG00000060093,1.0
ENSMUSG00000069265,1.0
ENSMUSG00000049539,1.0
ENSMUSG00000064140,1.0
ENSMUSG00000087173,1.0
ENSMUSG00000036110,1.0
ENSMUSG00000036083,1.0
ENSMUSG00000021335,1.0
ENSMUSG00000021336,1.0
ENSMUSG00000050799,
ENSMUSG00000060081,1.0
ENSMUSG00000021337,1.0
ENSMUSG00000087603,1.0
ENSMUSG00000021338,0.5074273304895351
ENSMUSG00000016756,1.0
ENSMUSG00000084788,1.0
ENSMUSG00000036006,0.6419934326462676
ENSMUSG00000085861,1.0
ENSMUSG00000006715,0.9995789892679078
ENSMUSG00000019132,0.5276479256575889
ENSMUSG00000006717,0.7089134162944807
ENSMUSG00000035958,0.81150505901675
ENSMUSG00000006711,0.9403652077305513
ENSMUSG00000086796,1.0
ENSMUSG00000035936,0.7251900135950393
ENSMUSG00000086448,0.9091768920409239
ENSMUSG00000021340,0.5526940120212165
ENSMUSG00000021339,0.6711966736884487
ENSMUSG00000035910,0.7591166160987917
ENSMUSG00000048978,0.6723162133113576
ENSMUSG00000086531,1.0
ENSMUSG00000084811,1.0
ENSMUSG00000045835,1.0
ENSMUSG00000114342,
ENSMUSG00000114646,1.0
ENSMUSG00000021342,1.0
ENSMUSG00000057170,1.0
ENSMUSG00000062737,1.0
ENSMUSG00000062201,1.0
ENSMUSG00000017922,1.0
ENSMUSG00000038891,1.0
ENSMUSG00000038883,1.0
ENSMUSG00000086698,1.0
ENSMUSG00000069259,1.0
ENSMUSG00000018259,1.0
ENSMUSG00000069258,1.0
ENSMUSG00000021345,1.0
ENSMUSG00000021346,1.0
ENSMUSG00000006490,1.0
ENSMUSG00000019756,1.0
ENSMUSG00000021347,
ENSMUSG00000006488,1.0
ENSMUSG00000046899,1.0
ENSMUSG00000021348,1.0
ENSMUSG00000060738,1.0
ENSMUSG00000022886,1.0
ENSMUSG00000062551,1.0
ENSMUSG00000005891,1.0
ENSMUSG00000017064,1.0
ENSMUSG00000113061,1.0
ENSMUSG00000113216,0.6947472852373517
ENSMUSG00000085936,0.7142468378477775
ENSMUSG00000113352,1.0
ENSMUSG00000076431,0.5336807138432897
ENSMUSG00000086363,0.8720224939948377
ENSMUSG00000006191,0.5312777414400361
ENSMUSG00000086423,1.0
ENSMUSG00000016477,0.6526681735690733
ENSMUSG00000086893,1.0
ENSMUSG00000085188,1.0
ENSMUSG00000038732,0.7653254382655116
ENSMUSG00000049115,1.0
ENSMUSG00000113424,1.0
ENSMUSG00000038462,0.6250668033266575
ENSMUSG00000086263,1.0
ENSMUSG00000069255,0.683769241759064
ENSMUSG00000021356,1.0
ENSMUSG00000113515,1.0
ENSMUSG00000021357,0.5909779142701908
ENSMUSG00000076430,1.0
ENSMUSG00000114161,1.0
ENSMUSG00000087460,1.0
ENSMUSG00000087662,1.0
ENSMUSG00000085620,1.0
ENSMUSG00000087140,1.0
ENSMUSG00000090863,1.0
ENSMUSG00000038415,0.665142622757244
ENSMUSG00000087220,1.0
ENSMUSG00000038408,0.9989982041203892
ENSMUSG00000087276,1.0
ENSMUSG00000038402,0.716116812662393
ENSMUSG00000086144,1.0
ENSMUSG00000050295,0.6310176832771275
ENSMUSG00000038372,0.5322146031716778
ENSMUSG00000113935,1.0
ENSMUSG00000085770,
ENSMUSG00000113449,1.0
ENSMUSG00000044951,1.0
ENSMUSG00000042874,1.0
ENSMUSG00000021400,0.7423641299363843
ENSMUSG00000044734,0.8175814020461489
ENSMUSG00000079049,1.0
ENSMUSG00000042842,0.9994675392249416
ENSMUSG00000114185,1.0
ENSMUSG00000045827,0.8627273447386488
ENSMUSG00000021403,1.0
ENSMUSG00000113726,1.0
ENSMUSG00000051029,1.0
ENSMUSG00000021404,1.0
ENSMUSG00000054266,1.0
ENSMUSG00000062342,1.0
ENSMUSG00000038327,1.0
ENSMUSG00000071452,1.0
ENSMUSG00000057726,1.0
ENSMUSG00000112963,1.0
ENSMUSG00000113016,
ENSMUSG00000047889,1.0
ENSMUSG00000069248,1.0
ENSMUSG00000052180,1.0
ENSMUSG00000060147,0.6365175288421292
ENSMUSG00000085457,0.8518975125030523
ENSMUSG00000046949,0.8567122911758868
ENSMUSG00000021408,0.7173746476741601
ENSMUSG00000038286,0.762206178506208
ENSMUSG00000058672,0.6261030065259388
ENSMUSG00000113591,1.0
ENSMUSG00000113645,1.0
ENSMUSG00000045136,0.6418984356504635
ENSMUSG00000113883,1.0
ENSMUSG00000071451,0.7635463527712533
ENSMUSG00000038267,0.5922593047116328
ENSMUSG00000113998,1.0
ENSMUSG00000113185,1.0
ENSMUSG00000021411,0.7759373185042969
ENSMUSG00000086786,1.0
ENSMUSG00000113615,1.0
ENSMUSG00000113822,1.0
ENSMUSG00000113457,1.0
ENSMUSG00000038246,1.0
ENSMUSG00000113484,1.0
ENSMUSG00000113170,0.9474492280547826
ENSMUSG00000021413,0.441083194939205
ENSMUSG00000021414,1.0
ENSMUSG00000021415,1.0
ENSMUSG00000021416,1.0
ENSMUSG00000085962,1.0
ENSMUSG00000021417,0.6081395891665011
ENSMUSG00000114061,1.0
ENSMUSG00000113738,1.0
ENSMUSG00000114233,1.0
ENSMUSG00000113906,1.0
ENSMUSG00000102099,1.0
ENSMUSG00000113770,1.0
ENSMUSG00000114237,1.0
ENSMUSG00000114838,1.0
ENSMUSG00000114337,1.0
ENSMUSG00000114661,1.0
ENSMUSG00000059288,0.6717403417959111
ENSMUSG00000114373,1.0
ENSMUSG00000021418,1.0
ENSMUSG00000114270,1.0
ENSMUSG00000114647,1.0
ENSMUSG00000050423,0.8432733150555444
ENSMUSG00000046573,0.8196420087042754
ENSMUSG00000114857,1.0
ENSMUSG00000114407,0.7821728271151678
ENSMUSG00000021420,0.5393508064308031
ENSMUSG00000114387,1.0
ENSMUSG00000114851,1.0
ENSMUSG00000039114,0.6859902860710445
ENSMUSG00000114708,1.0
ENSMUSG00000114483,1.0
ENSMUSG00000114884,1.0
ENSMUSG00000039109,1.0
ENSMUSG00000114329,1.0
ENSMUSG00000114428,1.0
ENSMUSG00000114297,1.0
ENSMUSG00000114249,1.0
ENSMUSG00000114508,1.0
ENSMUSG00000021423,0.4465322414436394
ENSMUSG00000100760,1.0
ENSMUSG00000114791,
ENSMUSG00000100932,1.0
ENSMUSG00000099847,1.0
ENSMUSG00000114701,1.0
ENSMUSG00000114573,1.0
ENSMUSG00000114389,1.0
ENSMUSG00000100022,1.0
ENSMUSG00000114665,1.0
ENSMUSG00000114724,1.0
ENSMUSG00000114784,1.0
ENSMUSG00000114404,1.0
ENSMUSG00000114355,1.0
ENSMUSG00000114828,1.0
ENSMUSG00000114546,1.0
ENSMUSG00000114732,1.0
ENSMUSG00000114800,1.0
ENSMUSG00000039087,0.44180612563000043
ENSMUSG00000114370,1.0
ENSMUSG00000021427,0.5167960559715076
ENSMUSG00000044566,0.9787062268000707
ENSMUSG00000021428,0.6994504533410636
ENSMUSG00000054889,1.0
ENSMUSG00000021431,0.5808206808306912
ENSMUSG00000114525,1.0
ENSMUSG00000039004,0.9262496807227013
ENSMUSG00000114895,1.0
ENSMUSG00000038991,0.6946697919722158
ENSMUSG00000114638,1.0
ENSMUSG00000114331,1.0
ENSMUSG00000114866,1.0
ENSMUSG00000038982,0.8182759597546897
ENSMUSG00000114830,1.0
ENSMUSG00000001707,0.7983635040968048
ENSMUSG00000114767,1.0
ENSMUSG00000114813,1.0
ENSMUSG00000114845,1.0
ENSMUSG00000114319,1.0
ENSMUSG00000021432,0.7882996740420303
ENSMUSG00000096932,1.0
ENSMUSG00000114512,1.0
ENSMUSG00000114821,1.0
ENSMUSG00000114330,1.0
ENSMUSG00000114221,1.0
ENSMUSG00000114841,0.9996628240266081
ENSMUSG00000114300,1.0
ENSMUSG00000114710,1.0
ENSMUSG00000114491,1.0
ENSMUSG00000114957,1.0
ENSMUSG00000047094,1.0
ENSMUSG00000114198,1.0
ENSMUSG00000055732,1.0
ENSMUSG00000021359,0.9968370303407594
ENSMUSG00000114936,1.0
ENSMUSG00000097752,1.0
ENSMUSG00000114597,1.0
ENSMUSG00000114640,1.0
ENSMUSG00000021360,0.5800341781132702
ENSMUSG00000114662,1.0
ENSMUSG00000086693,0.7318067127254512
ENSMUSG00000038683,0.7040961886470054
ENSMUSG00000021361,0.6366150555012765
ENSMUSG00000021363,1.0
ENSMUSG00000021362,1.0
ENSMUSG00000038651,1.0
ENSMUSG00000114388,1.0
ENSMUSG00000021364,0.7874261808410109
ENSMUSG00000114247,1.0
ENSMUSG00000091264,0.6217154224268899
ENSMUSG00000090853,
ENSMUSG00000021365,0.6568154010082802
ENSMUSG00000097373,1.0
ENSMUSG00000114914,1.0
ENSMUSG00000114552,1.0
ENSMUSG00000114585,1.0
ENSMUSG00000114545,1.0
ENSMUSG00000087370,0.648168487134404
ENSMUSG00000054258,1.0
ENSMUSG00000058022,1.0
ENSMUSG00000085759,1.0
ENSMUSG00000099672,1.0
ENSMUSG00000113856,0.5661024768699637
ENSMUSG00000100071,1.0
ENSMUSG00000021366,0.6215618603176162
ENSMUSG00000021367,0.8609761732088483
ENSMUSG00000113619,1.0
ENSMUSG00000054728,0.41013093663496736
ENSMUSG00000089710,0.9721658629122034
ENSMUSG00000090135,1.0
ENSMUSG00000087202,1.0
ENSMUSG00000021368,0.8177810919341266
ENSMUSG00000051335,0.6269474818565269
ENSMUSG00000054021,0.7895411504904166
ENSMUSG00000063200,0.5724635433634158
ENSMUSG00000038546,0.5303185183292349
ENSMUSG00000113891,1.0
ENSMUSG00000112983,1.0
ENSMUSG00000021371,0.6576603415771463
ENSMUSG00000044164,0.648923033282803
ENSMUSG00000114121,0.9660251657708455
ENSMUSG00000110016,1.0
ENSMUSG00000015396,0.4241116529591682
ENSMUSG00000114192,1.0
ENSMUSG00000113780,1.0
ENSMUSG00000113671,1.0
ENSMUSG00000113252,1.0
ENSMUSG00000113276,1.0
ENSMUSG00000089815,1.0
ENSMUSG00000113458,1.0
ENSMUSG00000113186,0.6918353062606345
ENSMUSG00000113727,1.0
ENSMUSG00000113689,1.0
ENSMUSG00000112936,1.0
ENSMUSG00000098107,1.0
ENSMUSG00000098144,1.0
ENSMUSG00000113010,1.0
ENSMUSG00000113492,1.0
ENSMUSG00000113977,1.0
ENSMUSG00000113730,1.0
ENSMUSG00000038518,0.5384161988509816
ENSMUSG00000057531,0.6670029567776155
ENSMUSG00000113553,1.0
ENSMUSG00000113772,1.0
ENSMUSG00000113919,1.0
ENSMUSG00000038175,0.45948526725614
ENSMUSG00000000253,0.7690210684541663
ENSMUSG00000046876,0.4192727002783156
ENSMUSG00000114131,1.0
ENSMUSG00000113987,1.0
ENSMUSG00000038152,1.0
ENSMUSG00000113860,1.0
ENSMUSG00000062282,1.0
ENSMUSG00000063529,1.0
ENSMUSG00000038132,0.8718421051575184
ENSMUSG00000114752,1.0
ENSMUSG00000021373,0.5523143510592132
ENSMUSG00000114596,1.0
ENSMUSG00000069237,0.6792775331089329
ENSMUSG00000021374,0.667904407222337
ENSMUSG00000021375,0.46508289525424223
ENSMUSG00000114917,1.0
ENSMUSG00000051606,1.0
ENSMUSG00000044231,0.9488521749173153
ENSMUSG00000021376,0.7677555548935023
ENSMUSG00000038080,0.8622840676412681
ENSMUSG00000021377,0.5484096251888094
ENSMUSG00000114681,1.0
ENSMUSG00000038068,0.6575825398747432
ENSMUSG00000114961,1.0
ENSMUSG00000114958,1.0
ENSMUSG00000114843,1.0
ENSMUSG00000114509,1.0
ENSMUSG00000114959,1.0
ENSMUSG00000047324,1.0
ENSMUSG00000114810,1.0
ENSMUSG00000097622,1.0
ENSMUSG00000114457,1.0
ENSMUSG00000114860,1.0
ENSMUSG00000021379,0.528943928577632
ENSMUSG00000097326,0.9998467340846137
ENSMUSG00000114695,1.0
ENSMUSG00000050954,0.80521639975289
ENSMUSG00000053181,1.0
ENSMUSG00000097375,0.653629864728988
ENSMUSG00000038042,0.7088065512312968
ENSMUSG00000113037,1.0
ENSMUSG00000021381,1.0
ENSMUSG00000038025,0.6758351986931146
ENSMUSG00000086889,0.9530765713647417
ENSMUSG00000038014,0.5541928164409029
ENSMUSG00000037989,0.56562858483417
ENSMUSG00000037966,0.7207086636349795
ENSMUSG00000037960,0.6729703287423107
ENSMUSG00000021384,0.747486943350947
ENSMUSG00000037946,0.7165137508374214
ENSMUSG00000037933,0.5960151081682076
ENSMUSG00000021385,0.7823017694699553
ENSMUSG00000021391,0.7724843095307609
ENSMUSG00000113255,1.0
ENSMUSG00000043631,0.6864311975594195
ENSMUSG00000021388,0.9016757603854725
ENSMUSG00000048368,1.0
ENSMUSG00000021390,0.9830974510694761
ENSMUSG00000021392,0.7561956683523413
ENSMUSG00000037851,0.6623269262925462
ENSMUSG00000114073,1.0
ENSMUSG00000112995,
ENSMUSG00000114175,1.0
ENSMUSG00000113227,1.0
ENSMUSG00000095300,1.0
ENSMUSG00000114035,1.0
ENSMUSG00000101136,1.0
ENSMUSG00000037816,0.9161017868609562
ENSMUSG00000114559,1.0
ENSMUSG00000071909,1.0
ENSMUSG00000096641,1.0
ENSMUSG00000094918,
ENSMUSG00000113652,1.0
ENSMUSG00000021395,0.6210466315531222
ENSMUSG00000021396,1.0
ENSMUSG00000112959,0.930430502138613
ENSMUSG00000067586,0.7327220840494838
ENSMUSG00000021448,0.645716012381708
ENSMUSG00000062248,1.0
ENSMUSG00000035139,0.6869647070824287
ENSMUSG00000021451,0.5194680906933807
ENSMUSG00000021453,0.6208316883781174
ENSMUSG00000097495,1.0
ENSMUSG00000113090,1.0
ENSMUSG00000113211,1.0
ENSMUSG00000113399,
ENSMUSG00000047842,0.6349487206778347
ENSMUSG00000021457,0.696592015292291
ENSMUSG00000113737,1.0
ENSMUSG00000021460,0.6100107882529636
ENSMUSG00000056749,0.9570749547982508
ENSMUSG00000113101,1.0
ENSMUSG00000112952,1.0
ENSMUSG00000021464,0.8961453685517785
ENSMUSG00000021468,0.687660538796533
ENSMUSG00000107008,1.0
ENSMUSG00000107305,1.0
ENSMUSG00000021469,1.0
ENSMUSG00000113834,1.0
ENSMUSG00000113599,1.0
ENSMUSG00000113329,
ENSMUSG00000112965,1.0
ENSMUSG00000114143,1.0
ENSMUSG00000114069,1.0
ENSMUSG00000113982,1.0
ENSMUSG00000113882,1.0
ENSMUSG00000021478,0.9766317105470484
ENSMUSG00000021474,0.6313000963519853
ENSMUSG00000034987,0.9842333436470089
ENSMUSG00000090016,1.0
ENSMUSG00000113327,1.0
ENSMUSG00000112941,0.8583182039583069
ENSMUSG00000113404,1.0
ENSMUSG00000025867,0.5133194893145298
ENSMUSG00000086137,1.0
ENSMUSG00000025872,0.8253912569779974
ENSMUSG00000043183,0.7312931265654172
ENSMUSG00000025871,0.5717360179851195
ENSMUSG00000025870,0.8519736745728296
ENSMUSG00000025869,0.905551256046645
ENSMUSG00000025868,0.5646698779892647
ENSMUSG00000047547,0.5604346766968679
ENSMUSG00000025873,0.6258285204831062
ENSMUSG00000034928,0.6601034642136797
ENSMUSG00000034918,1.0
ENSMUSG00000069227,0.8782257885184279
ENSMUSG00000034891,0.5865481267685727
ENSMUSG00000084949,1.0
ENSMUSG00000074895,1.0
ENSMUSG00000025875,0.7292012245019706
ENSMUSG00000100728,1.0
ENSMUSG00000085896,1.0
ENSMUSG00000087335,1.0
ENSMUSG00000025876,0.9082821150506762
ENSMUSG00000025877,0.9817834582389517
ENSMUSG00000025878,0.6338709269428829
ENSMUSG00000021481,0.7152123229122098
ENSMUSG00000091768,
ENSMUSG00000005320,1.0
ENSMUSG00000021488,0.43115709938057456
ENSMUSG00000034789,0.6651359656727502
ENSMUSG00000021486,0.6493543588460278
ENSMUSG00000021485,1.0
ENSMUSG00000021484,0.6166510936851571
ENSMUSG00000052087,1.0
ENSMUSG00000021490,1.0
ENSMUSG00000044444,1.0
ENSMUSG00000021492,1.0
ENSMUSG00000074886,0.7778419344268874
ENSMUSG00000034686,0.875568984699921
ENSMUSG00000034675,0.7878071362514893
ENSMUSG00000021493,0.7788578833253211
ENSMUSG00000035711,0.9148929998100728
ENSMUSG00000021494,0.8048672456937733
ENSMUSG00000114633,1.0
ENSMUSG00000021495,0.5974559710640797
ENSMUSG00000058569,0.5523007719173414
ENSMUSG00000021504,0.8503388213033225
ENSMUSG00000086506,1.0
ENSMUSG00000021501,0.6469236103060981
ENSMUSG00000021500,0.6041930825054628
ENSMUSG00000045767,0.493171744508281
ENSMUSG00000021497,0.6192552395212325
ENSMUSG00000021496,0.6569217124267596
ENSMUSG00000069223,1.0
ENSMUSG00000021499,1.0
ENSMUSG00000021506,1.0
ENSMUSG00000114493,0.9971956099030075
ENSMUSG00000100096,1.0
ENSMUSG00000015937,0.5565738420292619
ENSMUSG00000049625,0.8772214508815003
ENSMUSG00000097361,1.0
ENSMUSG00000048904,1.0
ENSMUSG00000021508,0.5319773719356055
ENSMUSG00000074885,1.0
ENSMUSG00000110477,1.0
ENSMUSG00000021509,1.0
ENSMUSG00000021538,1.0
ENSMUSG00000035509,1.0
ENSMUSG00000021539,1.0
ENSMUSG00000114604,1.0
ENSMUSG00000035493,0.8616887224647736
ENSMUSG00000021540,0.6598958356908567
ENSMUSG00000110086,1.0
ENSMUSG00000021541,0.9505181032978604
ENSMUSG00000056222,0.4742356816511789
ENSMUSG00000014164,0.7227952518842564
ENSMUSG00000007836,0.5298895838882645
ENSMUSG00000097717,1.0
ENSMUSG00000114309,1.0
ENSMUSG00000050002,0.712702071454783
ENSMUSG00000005312,0.6109254247246347
ENSMUSG00000114524,1.0
ENSMUSG00000114929,1.0
ENSMUSG00000021552,0.5343337030152274
ENSMUSG00000097399,1.0
ENSMUSG00000060176,1.0
ENSMUSG00000021550,0.854328809851849
ENSMUSG00000021546,0.46008993550501254
ENSMUSG00000035367,0.8083158780002325
ENSMUSG00000114654,1.0
ENSMUSG00000021553,1.0
ENSMUSG00000114384,1.0
ENSMUSG00000114808,1.0
ENSMUSG00000114231,1.0
ENSMUSG00000055254,0.366483936884508
ENSMUSG00000114218,0.8367993196565345
ENSMUSG00000114437,0.8699816665880801
ENSMUSG00000114208,1.0
ENSMUSG00000114854,1.0
ENSMUSG00000114393,1.0
ENSMUSG00000114478,1.0
ENSMUSG00000114743,1.0
ENSMUSG00000114240,1.0
ENSMUSG00000114200,1.0
ENSMUSG00000114623,1.0
ENSMUSG00000114787,1.0
ENSMUSG00000021557,0.5541673330236331
ENSMUSG00000021555,0.6319885694497817
ENSMUSG00000021556,0.5980187011173496
ENSMUSG00000049902,1.0
ENSMUSG00000050876,1.0
ENSMUSG00000091311,1.0
ENSMUSG00000043986,1.0
ENSMUSG00000114903,1.0
ENSMUSG00000097502,1.0
ENSMUSG00000051054,1.0
ENSMUSG00000044792,0.7456382177372223
ENSMUSG00000089875,0.9877333129252419
ENSMUSG00000035248,0.5171532012057997
ENSMUSG00000114835,1.0
ENSMUSG00000114354,0.9999104495435278
ENSMUSG00000114669,1.0
ENSMUSG00000114490,1.0
ENSMUSG00000114531,1.0
ENSMUSG00000114795,1.0
ENSMUSG00000114734,1.0
ENSMUSG00000052957,0.7434798842802647
ENSMUSG00000114433,1.0
ENSMUSG00000050765,1.0
ENSMUSG00000114274,1.0
ENSMUSG00000114566,1.0
ENSMUSG00000114452,1.0
ENSMUSG00000021559,0.5995074265591827
ENSMUSG00000042243,1.0
ENSMUSG00000056728,1.0
ENSMUSG00000050345,1.0
ENSMUSG00000074874,0.9307672926927909
ENSMUSG00000062705,1.0
ENSMUSG00000044258,0.6210348894141263
ENSMUSG00000033834,1.0
ENSMUSG00000114502,1.0
ENSMUSG00000055298,
ENSMUSG00000021439,1.0
ENSMUSG00000055679,1.0
ENSMUSG00000021441,
ENSMUSG00000057446,1.0
ENSMUSG00000021440,1.0
ENSMUSG00000074871,1.0
ENSMUSG00000074870,
ENSMUSG00000113295,1.0
ENSMUSG00000113471,1.0
ENSMUSG00000114036,1.0
ENSMUSG00000113566,1.0
ENSMUSG00000074867,0.8562066136434641
ENSMUSG00000113495,1.0
ENSMUSG00000094942,1.0
ENSMUSG00000113450,0.7846004387876073
ENSMUSG00000074865,0.6704650345936487
ENSMUSG00000072066,0.9427476948948833
ENSMUSG00000074863,0.7782151235882634
ENSMUSG00000091183,0.865002142583746
ENSMUSG00000114117,1.0
ENSMUSG00000021456,1.0
ENSMUSG00000069805,1.0
ENSMUSG00000113057,1.0
ENSMUSG00000021458,0.46576092646991263
ENSMUSG00000113257,1.0
ENSMUSG00000113203,1.0
ENSMUSG00000021461,0.7197905930281713
ENSMUSG00000089854,1.0
ENSMUSG00000090232,1.0
ENSMUSG00000021466,0.44748602035024926
ENSMUSG00000113459,0.9630821775917469
ENSMUSG00000113453,1.0
ENSMUSG00000113825,1.0
ENSMUSG00000114071,1.0
ENSMUSG00000114092,1.0
ENSMUSG00000021470,0.6430161563444454
ENSMUSG00000114095,1.0
ENSMUSG00000033122,1.0
ENSMUSG00000033114,0.9598733535470907
ENSMUSG00000044934,0.808202318599383
ENSMUSG00000021476,0.7306642806963972
ENSMUSG00000033102,0.7208613515395533
ENSMUSG00000097101,0.8682633062569023
ENSMUSG00000021482,0.6574692447228128
ENSMUSG00000113816,1.0
ENSMUSG00000021477,0.5270870767128522
ENSMUSG00000113683,1.0
ENSMUSG00000113696,1.0
ENSMUSG00000021483,0.9429276833423825
ENSMUSG00000113244,1.0
ENSMUSG00000096537,1.0
ENSMUSG00000113124,1.0
ENSMUSG00000114168,1.0
ENSMUSG00000033063,0.9764489763223612
ENSMUSG00000056223,1.0
ENSMUSG00000074849,1.0
ENSMUSG00000090658,1.0
ENSMUSG00000038212,0.6195270736564844
ENSMUSG00000108426,1.0
ENSMUSG00000049806,1.0
ENSMUSG00000032999,1.0
ENSMUSG00000113500,1.0
ENSMUSG00000110393,1.0
ENSMUSG00000113238,1.0
ENSMUSG00000074847,1.0
ENSMUSG00000021514,0.7506739260829987
ENSMUSG00000113406,1.0
ENSMUSG00000112935,1.0
ENSMUSG00000113955,1.0
ENSMUSG00000113618,1.0
ENSMUSG00000063905,
ENSMUSG00000097562,
ENSMUSG00000113135,1.0
ENSMUSG00000113559,1.0
ENSMUSG00000113173,
ENSMUSG00000113760,
ENSMUSG00000095909,1.0
ENSMUSG00000118427,1.0
ENSMUSG00000113156,
ENSMUSG00000091347,
ENSMUSG00000114616,1.0
ENSMUSG00000074832,1.0
ENSMUSG00000097483,1.0
ENSMUSG00000114327,1.0
ENSMUSG00000114226,1.0
ENSMUSG00000021520,0.5081144301227272
ENSMUSG00000074826,1.0
ENSMUSG00000021519,0.7649838878280819
ENSMUSG00000021518,0.6817132101526296
ENSMUSG00000114362,0.9305155974138564
ENSMUSG00000090641,0.9731885686893563
ENSMUSG00000114516,0.9604609391209548
ENSMUSG00000058883,1.0
ENSMUSG00000100235,1.0
ENSMUSG00000074824,1.0
ENSMUSG00000057396,0.9897968752580445
ENSMUSG00000114568,1.0
ENSMUSG00000058900,0.9919103580628226
ENSMUSG00000051037,1.0
ENSMUSG00000114771,1.0
ENSMUSG00000055480,0.8813864585081871
ENSMUSG00000114442,1.0
ENSMUSG00000055341,0.9954766312799861
ENSMUSG00000114863,1.0
ENSMUSG00000057842,0.8964787731053442
ENSMUSG00000092103,1.0
ENSMUSG00000078995,1.0
ENSMUSG00000078994,0.98191452518773
ENSMUSG00000114726,1.0
ENSMUSG00000055560,1.0
ENSMUSG00000069206,0.8797096794952997
ENSMUSG00000059839,0.8399718141577183
ENSMUSG00000114788,1.0
ENSMUSG00000071291,0.929519531893703
ENSMUSG00000097333,0.8887442587096601
ENSMUSG00000095432,0.8713736572529387
ENSMUSG00000097360,0.9864624930038932
ENSMUSG00000058093,0.7898489079880959
ENSMUSG00000021510,0.8044031039530699
ENSMUSG00000114264,1.0
ENSMUSG00000048280,0.7359671644355916
ENSMUSG00000071281,0.8712754479772823
ENSMUSG00000044081,1.0
ENSMUSG00000058331,0.98709702956366
ENSMUSG00000090659,0.9999821581646348
ENSMUSG00000097276,1.0
ENSMUSG00000030446,0.8917731585256313
ENSMUSG00000058246,0.983514493458748
ENSMUSG00000064063,1.0
ENSMUSG00000113095,
ENSMUSG00000112984,
ENSMUSG00000113273,
ENSMUSG00000113050,1.0
ENSMUSG00000113394,
ENSMUSG00000034617,0.9206226872760481
ENSMUSG00000021532,0.9418824951775452
ENSMUSG00000112985,1.0
ENSMUSG00000021534,1.0
ENSMUSG00000021536,0.5496410084653075
ENSMUSG00000113121,1.0
ENSMUSG00000097522,1.0
ENSMUSG00000113595,
ENSMUSG00000034575,0.7609046715591269
ENSMUSG00000021595,0.7247882382699171
ENSMUSG00000051805,1.0
ENSMUSG00000021594,0.7958431646096388
ENSMUSG00000091133,1.0
ENSMUSG00000113299,1.0
ENSMUSG00000113324,1.0
ENSMUSG00000052981,0.7849836287401409
ENSMUSG00000112957,1.0
ENSMUSG00000021598,0.7338562221941727
ENSMUSG00000113802,1.0
ENSMUSG00000099639,1.0
ENSMUSG00000113074,1.0
ENSMUSG00000113573,1.0
ENSMUSG00000113463,1.0
ENSMUSG00000034525,0.6245055904076239
ENSMUSG00000101051,1.0
ENSMUSG00000113334,1.0
ENSMUSG00000113909,1.0
ENSMUSG00000113796,1.0
ENSMUSG00000113794,1.0
ENSMUSG00000049538,0.8718960859507
ENSMUSG00000113771,1.0
ENSMUSG00000021600,1.0
ENSMUSG00000113358,1.0
ENSMUSG00000114038,1.0
ENSMUSG00000060969,0.9675477939323449
ENSMUSG00000093587,1.0
ENSMUSG00000001504,0.904995605932787
ENSMUSG00000113837,1.0
ENSMUSG00000113082,1.0
ENSMUSG00000021604,1.0
ENSMUSG00000021606,0.5629120599180922
ENSMUSG00000021607,0.7069458546702423
ENSMUSG00000113346,1.0
ENSMUSG00000021608,0.6918069469683402
ENSMUSG00000021609,1.0
ENSMUSG00000021610,0.6680769064719636
ENSMUSG00000021611,1.0
ENSMUSG00000021612,1.0
ENSMUSG00000021565,1.0
ENSMUSG00000021566,1.0
ENSMUSG00000017756,1.0
ENSMUSG00000021567,0.9996710914126516
ENSMUSG00000021569,1.0
ENSMUSG00000057649,0.5724719837099296
ENSMUSG00000113274,1.0
ENSMUSG00000069189,1.0
ENSMUSG00000085881,0.917712093943319
ENSMUSG00000021573,0.46391346727885974
ENSMUSG00000021572,1.0
ENSMUSG00000036123,1.0
ENSMUSG00000034152,0.605255373410736
ENSMUSG00000021575,1.0
ENSMUSG00000021576,0.6568001046148962
ENSMUSG00000021577,0.5111730407233326
ENSMUSG00000021578,0.665893575110785
ENSMUSG00000021579,1.0
ENSMUSG00000069184,0.902685080326611
ENSMUSG00000062382,0.8809660441041959
ENSMUSG00000113311,1.0
ENSMUSG00000112964,0.7834924215600011
ENSMUSG00000116765,1.0
ENSMUSG00000069208,0.879515971315128
ENSMUSG00000116646,1.0
ENSMUSG00000113019,1.0
ENSMUSG00000113047,0.9841669047530706
ENSMUSG00000113204,0.7903775269049048
ENSMUSG00000021583,0.7541843969830854
ENSMUSG00000021585,0.6435596107160737
ENSMUSG00000021587,0.9452473913708729
ENSMUSG00000114125,1.0
ENSMUSG00000001542,0.6538745577305808
ENSMUSG00000113041,1.0
ENSMUSG00000021591,0.8203023043538007
ENSMUSG00000021589,0.6258104033599892
ENSMUSG00000021590,1.0
ENSMUSG00000043190,0.837770800864049
ENSMUSG00000045509,1.0
ENSMUSG00000021592,0.6710001929778618
ENSMUSG00000033991,0.6718577418088054
ENSMUSG00000109228,1.0
ENSMUSG00000114242,1.0
ENSMUSG00000021596,0.4507128808279514
ENSMUSG00000021597,0.6416053773449347
ENSMUSG00000071252,0.579468323836051
ENSMUSG00000064138,0.43514091552722434
ENSMUSG00000093668,0.9421775903120543
ENSMUSG00000114401,0.7652980059356658
ENSMUSG00000114649,1.0
ENSMUSG00000069171,0.5623525776181614
ENSMUSG00000087143,0.6448319217181344
ENSMUSG00000114632,1.0
ENSMUSG00000114639,1.0
ENSMUSG00000114522,1.0
ENSMUSG00000114594,1.0
ENSMUSG00000101416,1.0
ENSMUSG00000100168,1.0
ENSMUSG00000074794,0.5628234648742249
ENSMUSG00000089827,1.0
ENSMUSG00000114554,1.0
ENSMUSG00000097146,1.0
ENSMUSG00000097098,0.7997777319283971
ENSMUSG00000114479,1.0
ENSMUSG00000069170,0.8100671731972623
ENSMUSG00000035840,0.7640446570637403
ENSMUSG00000035834,0.9393718980070047
ENSMUSG00000051098,0.7031260723393358
ENSMUSG00000097793,0.979200458763984
ENSMUSG00000021537,0.6170297875330316
ENSMUSG00000114461,1.0
ENSMUSG00000114372,1.0
ENSMUSG00000005583,0.35901627464490843
ENSMUSG00000050334,0.5178203344400517
ENSMUSG00000097265,0.9789038058070851
ENSMUSG00000100891,0.9074859446642028
ENSMUSG00000114379,1.0
ENSMUSG00000098087,0.8083039312882961
ENSMUSG00000097292,1.0
ENSMUSG00000035762,0.6410038981121247
ENSMUSG00000114602,1.0
ENSMUSG00000021548,0.6415227403708604
ENSMUSG00000021549,0.5477379343471523
ENSMUSG00000017778,0.385203401440443
ENSMUSG00000114273,1.0
ENSMUSG00000034488,0.3338684773663292
ENSMUSG00000021613,0.7370788463096515
ENSMUSG00000021614,0.6515840653995856
ENSMUSG00000089940,0.8559779390236455
ENSMUSG00000021615,0.5644950005988872
ENSMUSG00000012422,0.5606853310032534
ENSMUSG00000114541,1.0
ENSMUSG00000114204,1.0
ENSMUSG00000078958,1.0
ENSMUSG00000049517,0.27259004322946107
ENSMUSG00000021619,0.6162466961052877
ENSMUSG00000114688,1.0
ENSMUSG00000097182,1.0
ENSMUSG00000099340,1.0
ENSMUSG00000003992,0.4913254020397858
ENSMUSG00000074782,0.7981222636602979
ENSMUSG00000021620,1.0
ENSMUSG00000021621,0.6698278587126791
ENSMUSG00000021622,1.0
ENSMUSG00000082488,1.0
ENSMUSG00000021708,0.7985004612879296
ENSMUSG00000014850,0.7076616060548728
ENSMUSG00000100622,1.0
ENSMUSG00000021707,0.8963090370850386
ENSMUSG00000090907,1.0
ENSMUSG00000045034,0.9368595016960582
ENSMUSG00000034334,0.8844618327637644
ENSMUSG00000021706,0.69693668880331
ENSMUSG00000046957,1.0
ENSMUSG00000021703,0.5278696575734748
ENSMUSG00000021702,1.0
ENSMUSG00000021704,0.7970521050494869
ENSMUSG00000114823,1.0
ENSMUSG00000047419,0.8069652276339624
ENSMUSG00000114382,1.0
ENSMUSG00000114968,1.0
ENSMUSG00000042167,0.6191247702941324
ENSMUSG00000007617,0.6357623698395549
ENSMUSG00000021690,0.600196187764492
ENSMUSG00000074768,1.0
ENSMUSG00000085834,1.0
ENSMUSG00000042118,1.0
ENSMUSG00000042102,1.0
ENSMUSG00000087334,1.0
ENSMUSG00000113647,1.0
ENSMUSG00000042082,0.5057463230660838
ENSMUSG00000113791,1.0
ENSMUSG00000045312,0.5395338634506391
ENSMUSG00000087319,1.0
ENSMUSG00000021687,0.5544087606651285
ENSMUSG00000114055,1.0
ENSMUSG00000113494,1.0
ENSMUSG00000042857,0.9999932984384555
ENSMUSG00000021686,0.5267735311335359
ENSMUSG00000113598,1.0
ENSMUSG00000112934,1.0
ENSMUSG00000113904,1.0
ENSMUSG00000042043,0.5601706213123014
ENSMUSG00000021685,1.0
ENSMUSG00000042015,0.6794394006303421
ENSMUSG00000114014,1.0
ENSMUSG00000113070,1.0
ENSMUSG00000021684,0.4293729364622118
ENSMUSG00000090033,1.0
ENSMUSG00000041995,0.8069691035183995
ENSMUSG00000021681,0.6507158066189792
ENSMUSG00000021680,1.0
ENSMUSG00000021679,1.0
ENSMUSG00000021678,1.0
ENSMUSG00000113359,1.0
ENSMUSG00000048376,0.9602291064800976
ENSMUSG00000021676,0.8548983048316684
ENSMUSG00000021675,1.0
ENSMUSG00000118445,1.0
ENSMUSG00000118436,1.0
ENSMUSG00000051111,0.8304503682008689
ENSMUSG00000114133,1.0
ENSMUSG00000099115,1.0
ENSMUSG00000100475,1.0
ENSMUSG00000021671,0.7673649510241229
ENSMUSG00000047117,1.0
ENSMUSG00000021668,0.5600184629657512
ENSMUSG00000091109,1.0
ENSMUSG00000021669,0.45599333141113085
ENSMUSG00000113068,1.0
ENSMUSG00000021670,0.6286383479425968
ENSMUSG00000109561,1.0
ENSMUSG00000091387,0.8594916350615346
ENSMUSG00000114154,1.0
ENSMUSG00000052075,1.0
ENSMUSG00000041817,0.8481738246318485
ENSMUSG00000057762,1.0
ENSMUSG00000060739,0.5399535967685813
ENSMUSG00000021666,0.6405416887704624
ENSMUSG00000021665,0.3603428741206754
ENSMUSG00000041773,0.6571576911324754
ENSMUSG00000097932,1.0
ENSMUSG00000114425,1.0
ENSMUSG00000078952,1.0
ENSMUSG00000114926,1.0
ENSMUSG00000114415,1.0
ENSMUSG00000110235,0.6926812959522852
ENSMUSG00000054944,1.0
ENSMUSG00000097346,1.0
ENSMUSG00000069117,1.0
ENSMUSG00000114348,1.0
ENSMUSG00000114474,1.0
ENSMUSG00000021662,0.5729180620603564
ENSMUSG00000041747,0.8325082601059655
ENSMUSG00000021661,0.6567131658871895
ENSMUSG00000096330,1.0
ENSMUSG00000021660,0.5218048985160916
ENSMUSG00000048603,0.8823596051984683
ENSMUSG00000078302,0.8269882374845492
ENSMUSG00000099446,1.0
ENSMUSG00000100416,1.0
ENSMUSG00000092116,1.0
ENSMUSG00000114521,1.0
ENSMUSG00000046082,1.0
ENSMUSG00000052485,1.0
ENSMUSG00000114689,1.0
ENSMUSG00000041685,0.4520923427913575
ENSMUSG00000114598,1.0
ENSMUSG00000114458,1.0
ENSMUSG00000009470,0.5295944467385546
ENSMUSG00000114569,1.0
ENSMUSG00000045022,
ENSMUSG00000114203,1.0
ENSMUSG00000114414,1.0
ENSMUSG00000100410,1.0
ENSMUSG00000097848,1.0
ENSMUSG00000050919,0.5688284220046611
ENSMUSG00000021650,0.7736125204297222
ENSMUSG00000041632,0.828741443437624
ENSMUSG00000097828,1.0
ENSMUSG00000052727,0.4623912942988508
ENSMUSG00000097027,1.0
ENSMUSG00000021647,0.9860751015085999
ENSMUSG00000021646,0.730951164206401
ENSMUSG00000049658,0.5877861079627813
ENSMUSG00000097022,1.0
ENSMUSG00000021643,0.7523126608270938
ENSMUSG00000021645,0.7951778402583424
ENSMUSG00000078945,0.8843577836492753
ENSMUSG00000071203,1.0
ENSMUSG00000078942,1.0
ENSMUSG00000021640,1.0
ENSMUSG00000021639,0.6020577711463461
ENSMUSG00000021638,0.632382234589271
ENSMUSG00000114360,1.0
ENSMUSG00000021636,0.9410498567937744
ENSMUSG00000021635,0.6802306422324605
ENSMUSG00000078941,0.767058458130072
ENSMUSG00000052293,1.0
ENSMUSG00000048924,1.0
ENSMUSG00000069089,0.7111953323014868
ENSMUSG00000061474,0.6256199467272718
ENSMUSG00000045273,1.0
ENSMUSG00000041431,1.0
ENSMUSG00000021629,0.6679343421437015
ENSMUSG00000100596,0.988887096210412
ENSMUSG00000114590,1.0
ENSMUSG00000100733,1.0
ENSMUSG00000114652,1.0
ENSMUSG00000114400,1.0
ENSMUSG00000099774,1.0
ENSMUSG00000041417,0.37607075923386557
ENSMUSG00000114762,1.0
ENSMUSG00000114846,1.0
ENSMUSG00000021624,0.6738465935603816
ENSMUSG00000034751,0.30238584023805565
ENSMUSG00000091906,1.0
ENSMUSG00000090329,1.0
ENSMUSG00000114206,1.0
ENSMUSG00000032621,0.5057367615463126
ENSMUSG00000021709,0.4139534448862967
ENSMUSG00000114276,1.0
ENSMUSG00000114637,1.0
ENSMUSG00000021710,0.7251550889306765
ENSMUSG00000042743,0.8382392215659897
ENSMUSG00000021711,0.6666653545518512
ENSMUSG00000118537,1.0
ENSMUSG00000021712,0.7207096804438468
ENSMUSG00000021713,0.6969145072445148
ENSMUSG00000021714,1.0
ENSMUSG00000046169,0.6670563891166649
ENSMUSG00000021715,0.6003721759311942
ENSMUSG00000084860,1.0
ENSMUSG00000021716,0.686716795413074
ENSMUSG00000042655,1.0
ENSMUSG00000021719,0.49850745105822797
ENSMUSG00000021718,1.0
ENSMUSG00000021720,0.562351025325727
ENSMUSG00000021721,1.0
ENSMUSG00000114564,1.0
ENSMUSG00000114422,1.0
ENSMUSG00000101308,1.0
ENSMUSG00000042590,0.659484994564133
ENSMUSG00000100833,1.0
ENSMUSG00000021692,0.8170955567649446
ENSMUSG00000021693,0.57947873322166
ENSMUSG00000071181,0.9152922469522125
ENSMUSG00000114893,1.0
ENSMUSG00000114311,1.0
ENSMUSG00000114780,1.0
ENSMUSG00000114534,1.0
ENSMUSG00000114807,1.0
ENSMUSG00000102000,1.0
ENSMUSG00000032846,0.43957133637256585
ENSMUSG00000114627,1.0
ENSMUSG00000068184,0.644264581103581
ENSMUSG00000071180,0.6322467176446454
ENSMUSG00000021694,0.8200024305110563
ENSMUSG00000021696,0.561669747668517
ENSMUSG00000090358,1.0
ENSMUSG00000021697,1.0
ENSMUSG00000021699,0.3504015311482096
ENSMUSG00000021700,0.5405742863900754
ENSMUSG00000046006,1.0
ENSMUSG00000021701,0.7088415101570995
ENSMUSG00000109853,1.0
ENSMUSG00000114775,1.0
ENSMUSG00000114307,1.0
ENSMUSG00000114472,1.0
ENSMUSG00000114824,1.0
ENSMUSG00000055194,1.0
ENSMUSG00000086201,1.0
ENSMUSG00000032745,0.5371418163543257
ENSMUSG00000085634,1.0
ENSMUSG00000086870,1.0
ENSMUSG00000086649,1.0
ENSMUSG00000067122,
ENSMUSG00000032727,0.6972158261049757
ENSMUSG00000086480,1.0
ENSMUSG00000021754,0.5964120664418633
ENSMUSG00000085204,1.0
ENSMUSG00000086861,1.0
ENSMUSG00000086057,1.0
ENSMUSG00000086111,1.0
ENSMUSG00000086402,1.0
ENSMUSG00000086092,1.0
ENSMUSG00000114745,1.0
ENSMUSG00000049985,0.9579217438943263
ENSMUSG00000114536,1.0
ENSMUSG00000114656,1.0
ENSMUSG00000114869,1.0
ENSMUSG00000114468,1.0
ENSMUSG00000021756,0.5294591126920729
ENSMUSG00000050377,0.8883086647860606
ENSMUSG00000021758,1.0
ENSMUSG00000047789,0.5419302155587561
ENSMUSG00000114438,1.0
ENSMUSG00000114286,1.0
ENSMUSG00000021759,0.7691448104154337
ENSMUSG00000016018,0.6769189862552193
ENSMUSG00000042426,0.7618290730319778
ENSMUSG00000042417,1.0
ENSMUSG00000074651,1.0
ENSMUSG00000078926,1.0
ENSMUSG00000021760,0.9317509058478436
ENSMUSG00000116554,1.0
ENSMUSG00000023132,1.0
ENSMUSG00000114333,1.0
ENSMUSG00000042385,1.0
ENSMUSG00000042379,1.0
ENSMUSG00000021763,1.0
ENSMUSG00000114864,1.0
ENSMUSG00000114790,1.0
ENSMUSG00000114715,1.0
ENSMUSG00000042364,0.5421304286483583
ENSMUSG00000051456,1.0
ENSMUSG00000114417,1.0
ENSMUSG00000042348,0.42816308669891223
ENSMUSG00000114213,1.0
ENSMUSG00000021764,0.5186164774756244
ENSMUSG00000021765,1.0
ENSMUSG00000114935,1.0
ENSMUSG00000114879,1.0
ENSMUSG00000051758,1.0
ENSMUSG00000015536,0.6497713149326496
ENSMUSG00000015533,1.0
ENSMUSG00000042284,0.427940876007138
ENSMUSG00000042275,0.8301468760419883
ENSMUSG00000114255,1.0
ENSMUSG00000042258,1.0
ENSMUSG00000114731,1.0
ENSMUSG00000114347,1.0
ENSMUSG00000114290,1.0
ENSMUSG00000021725,0.5477643324252844
ENSMUSG00000114792,1.0
ENSMUSG00000021728,0.8750509413367875
ENSMUSG00000091423,1.0
ENSMUSG00000021730,0.5832703930457844
ENSMUSG00000079048,0.9527294892772292
ENSMUSG00000021731,0.8716215950280505
ENSMUSG00000097411,1.0
ENSMUSG00000100727,1.0
ENSMUSG00000114613,1.0
ENSMUSG00000021732,0.9987442591318118
ENSMUSG00000086709,1.0
ENSMUSG00000114736,1.0
ENSMUSG00000025453,0.9986191167426913
ENSMUSG00000116207,
ENSMUSG00000025451,0.6030418442080288
ENSMUSG00000062822,0.6398135625675491
ENSMUSG00000025450,1.0
ENSMUSG00000074635,1.0
ENSMUSG00000074634,0.8864844837789978
ENSMUSG00000114945,1.0
ENSMUSG00000074715,1.0
ENSMUSG00000099872,1.0
ENSMUSG00000093930,0.545346625618419
ENSMUSG00000114934,1.0
ENSMUSG00000095930,0.5780225147867952
ENSMUSG00000114369,0.8601345540303688
ENSMUSG00000094870,0.6288773424770658
ENSMUSG00000094237,1.0
ENSMUSG00000095514,1.0
ENSMUSG00000096284,1.0
ENSMUSG00000096175,1.0
ENSMUSG00000078537,
ENSMUSG00000114608,1.0
ENSMUSG00000095029,
ENSMUSG00000095609,1.0
ENSMUSG00000096323,1.0
ENSMUSG00000095653,1.0
ENSMUSG00000094027,1.0
ENSMUSG00000063846,
ENSMUSG00000095071,1.0
ENSMUSG00000094796,1.0
ENSMUSG00000095821,
ENSMUSG00000090487,1.0
ENSMUSG00000079410,1.0
ENSMUSG00000071613,1.0
ENSMUSG00000091849,1.0
ENSMUSG00000079409,1.0
ENSMUSG00000096039,1.0
ENSMUSG00000079407,1.0
ENSMUSG00000096574,1.0
ENSMUSG00000095533,
ENSMUSG00000096488,1.0
ENSMUSG00000095195,1.0
ENSMUSG00000072739,1.0
ENSMUSG00000095368,
ENSMUSG00000079402,1.0
ENSMUSG00000090364,
ENSMUSG00000096793,1.0
ENSMUSG00000097127,1.0
ENSMUSG00000093887,1.0
ENSMUSG00000096218,1.0
ENSMUSG00000096901,1.0
ENSMUSG00000091756,1.0
ENSMUSG00000095686,1.0
ENSMUSG00000096775,1.0
ENSMUSG00000091022,1.0
ENSMUSG00000091563,1.0
ENSMUSG00000090764,1.0
ENSMUSG00000079391,1.0
ENSMUSG00000091114,1.0
ENSMUSG00000079389,
ENSMUSG00000079388,1.0
ENSMUSG00000095056,1.0
ENSMUSG00000091418,1.0
ENSMUSG00000079386,1.0
ENSMUSG00000091148,
ENSMUSG00000097822,1.0
ENSMUSG00000090472,1.0
ENSMUSG00000094258,1.0
ENSMUSG00000090872,1.0
ENSMUSG00000091700,1.0
ENSMUSG00000094628,1.0
ENSMUSG00000090539,
ENSMUSG00000091494,1.0
ENSMUSG00000094132,1.0
ENSMUSG00000097278,1.0
ENSMUSG00000091185,1.0
ENSMUSG00000090827,1.0
ENSMUSG00000079383,1.0
ENSMUSG00000096197,
ENSMUSG00000095681,1.0
ENSMUSG00000079378,1.0
ENSMUSG00000097218,1.0
ENSMUSG00000095912,
ENSMUSG00000079380,1.0
ENSMUSG00000094929,1.0
ENSMUSG00000096023,
ENSMUSG00000096003,1.0
ENSMUSG00000094825,1.0
ENSMUSG00000095797,1.0
ENSMUSG00000094578,1.0
ENSMUSG00000095295,1.0
ENSMUSG00000097450,1.0
ENSMUSG00000097853,
ENSMUSG00000096629,1.0
ENSMUSG00000090547,1.0
ENSMUSG00000096470,
ENSMUSG00000094370,1.0
ENSMUSG00000090512,1.0
ENSMUSG00000090707,1.0
ENSMUSG00000091275,1.0
ENSMUSG00000090643,1.0
ENSMUSG00000091568,1.0
ENSMUSG00000091882,1.0
ENSMUSG00000094634,1.0
ENSMUSG00000079371,1.0
ENSMUSG00000094460,1.0
ENSMUSG00000079396,1.0
ENSMUSG00000094811,1.0
ENSMUSG00000097447,1.0
ENSMUSG00000072738,1.0
ENSMUSG00000096904,1.0
ENSMUSG00000095360,1.0
ENSMUSG00000090627,1.0
ENSMUSG00000093898,1.0
ENSMUSG00000096839,1.0
ENSMUSG00000094590,1.0
ENSMUSG00000097901,1.0
ENSMUSG00000091814,1.0
ENSMUSG00000091754,1.0
ENSMUSG00000090404,1.0
ENSMUSG00000096685,1.0
ENSMUSG00000090691,1.0
ENSMUSG00000091400,1.0
ENSMUSG00000093985,1.0
ENSMUSG00000094021,1.0
ENSMUSG00000092167,1.0
ENSMUSG00000096869,
ENSMUSG00000090363,1.0
ENSMUSG00000095015,
ENSMUSG00000096183,1.0
ENSMUSG00000091472,0.9991971165495865
ENSMUSG00000072726,1.0
ENSMUSG00000091676,1.0
ENSMUSG00000071591,1.0
ENSMUSG00000090585,1.0
ENSMUSG00000091227,1.0
ENSMUSG00000091617,1.0
ENSMUSG00000079364,1.0
ENSMUSG00000094706,1.0
ENSMUSG00000063277,1.0
ENSMUSG00000084775,1.0
ENSMUSG00000025278,0.5347437237472701
ENSMUSG00000109649,1.0
ENSMUSG00000025279,1.0
ENSMUSG00000025277,0.618303778023637
ENSMUSG00000023156,0.7476734157387598
ENSMUSG00000033885,0.589621948615291
ENSMUSG00000021748,0.6458257734649635
ENSMUSG00000021752,0.7737466275830736
ENSMUSG00000021751,1.0
ENSMUSG00000021750,0.47298254344120133
ENSMUSG00000021749,1.0
ENSMUSG00000114532,1.0
ENSMUSG00000021747,0.9978966222351848
ENSMUSG00000097898,1.0
ENSMUSG00000114615,0.9486303107256329
ENSMUSG00000114298,0.8821705845111943
ENSMUSG00000060579,0.5156020860191479
ENSMUSG00000114391,1.0
ENSMUSG00000089833,1.0
ENSMUSG00000097148,1.0
ENSMUSG00000114786,1.0
ENSMUSG00000114849,1.0
ENSMUSG00000021745,0.32941708623662597
ENSMUSG00000085883,1.0
ENSMUSG00000033111,0.6522134629963481
ENSMUSG00000114853,1.0
ENSMUSG00000021743,0.9500766615569078
ENSMUSG00000054423,0.501016947658658
ENSMUSG00000114230,1.0
ENSMUSG00000114421,1.0
ENSMUSG00000051729,0.902517619135364
ENSMUSG00000056296,0.5877109413249638
ENSMUSG00000044772,1.0
ENSMUSG00000084902,1.0
ENSMUSG00000079357,1.0
ENSMUSG00000053453,0.5839718000808497
ENSMUSG00000021738,0.5435494989674462
ENSMUSG00000021737,0.7231931814120546
ENSMUSG00000052417,1.0
ENSMUSG00000114768,1.0
ENSMUSG00000072707,1.0
ENSMUSG00000114883,1.0
ENSMUSG00000068758,1.0
ENSMUSG00000091809,1.0
ENSMUSG00000021733,0.6409776892304355
ENSMUSG00000042567,1.0
ENSMUSG00000114538,1.0
ENSMUSG00000114770,1.0
ENSMUSG00000114323,1.0
ENSMUSG00000114789,1.0
ENSMUSG00000045201,0.7283775096183202
ENSMUSG00000097547,1.0
ENSMUSG00000114794,1.0
ENSMUSG00000114586,1.0
ENSMUSG00000114513,1.0
ENSMUSG00000114390,1.0
ENSMUSG00000021786,0.879418825112081
ENSMUSG00000114907,1.0
ENSMUSG00000021785,0.6710143360665458
ENSMUSG00000114419,1.0
ENSMUSG00000114253,1.0
ENSMUSG00000114243,1.0
ENSMUSG00000017485,0.5263367881151342
ENSMUSG00000017491,0.6787654238627827
ENSMUSG00000114463,1.0
ENSMUSG00000021779,0.5227589968315902
ENSMUSG00000114504,0.8525483385685133
ENSMUSG00000021775,0.5995448872357471
ENSMUSG00000012405,0.35022731146564945
ENSMUSG00000021772,0.6897977347861954
ENSMUSG00000021774,0.5892581351927054
ENSMUSG00000058317,0.41411526321501646
ENSMUSG00000114304,1.0
ENSMUSG00000095280,1.0
ENSMUSG00000114630,1.0
ENSMUSG00000092036,1.0
ENSMUSG00000093979,1.0
ENSMUSG00000095024,1.0
ENSMUSG00000114214,1.0
ENSMUSG00000068776,1.0
ENSMUSG00000021806,0.8910656868875145
ENSMUSG00000021807,0.5855042049097886
ENSMUSG00000114350,1.0
ENSMUSG00000114436,1.0
ENSMUSG00000043004,0.5578817610937259
ENSMUSG00000045107,0.7449198197953781
ENSMUSG00000023243,1.0
ENSMUSG00000114439,1.0
ENSMUSG00000023387,1.0
ENSMUSG00000021809,0.6854844061467747
ENSMUSG00000021810,0.7124940210534029
ENSMUSG00000039599,0.6754617362468084
ENSMUSG00000114937,0.78913303678177
ENSMUSG00000021811,0.8068620950596405
ENSMUSG00000049960,0.6844944296353741
ENSMUSG00000039543,1.0
ENSMUSG00000084942,1.0
ENSMUSG00000021814,0.6802822139333957
ENSMUSG00000021815,0.9278888648742097
ENSMUSG00000021816,0.5645460276841078
ENSMUSG00000084925,0.8535682108654479
ENSMUSG00000034235,0.4978049384024626
ENSMUSG00000099966,0.8372008387558697
ENSMUSG00000068697,1.0
ENSMUSG00000039376,1.0
ENSMUSG00000039367,0.6802829025146399
ENSMUSG00000097577,0.8854075882434672
ENSMUSG00000039357,0.771008983994842
ENSMUSG00000063787,0.610108310170017
ENSMUSG00000021819,0.6366319074921528
ENSMUSG00000039308,0.7940109629590737
ENSMUSG00000021820,0.4506228934272725
ENSMUSG00000114241,1.0
ENSMUSG00000021822,1.0
ENSMUSG00000021823,0.4935618974656926
ENSMUSG00000021824,0.6167646507591742
ENSMUSG00000039197,0.4424659611599419
ENSMUSG00000114875,1.0
ENSMUSG00000021767,0.5535180051222561
ENSMUSG00000063821,1.0
ENSMUSG00000021768,1.0
ENSMUSG00000084940,1.0
ENSMUSG00000021770,0.6167504518198145
ENSMUSG00000021771,0.5304115600565651
ENSMUSG00000021773,0.8957530943198109
ENSMUSG00000090564,1.0
ENSMUSG00000114352,1.0
ENSMUSG00000039081,0.8574550965781368
ENSMUSG00000063458,0.4336058885461996
ENSMUSG00000114205,1.0
ENSMUSG00000114412,1.0
ENSMUSG00000114496,1.0
ENSMUSG00000068680,1.0
ENSMUSG00000063142,0.4776983105777897
ENSMUSG00000100100,1.0
ENSMUSG00000114953,1.0
ENSMUSG00000114722,1.0
ENSMUSG00000118519,0.8872931364881813
ENSMUSG00000021782,0.6666795098241516
ENSMUSG00000091079,1.0
ENSMUSG00000038925,1.0
ENSMUSG00000114567,1.0
ENSMUSG00000114575,1.0
ENSMUSG00000025280,0.7569569101624354
ENSMUSG00000025290,0.24833903096984689
ENSMUSG00000048628,1.0
ENSMUSG00000089887,1.0
ENSMUSG00000114965,1.0
ENSMUSG00000072686,1.0
ENSMUSG00000114924,1.0
ENSMUSG00000114288,1.0
ENSMUSG00000114271,1.0
ENSMUSG00000114916,1.0
ENSMUSG00000087535,0.8529563117534571
ENSMUSG00000097601,0.9373664479979362
ENSMUSG00000114232,1.0
ENSMUSG00000007817,0.44129832930875995
ENSMUSG00000114709,1.0
ENSMUSG00000114539,1.0
ENSMUSG00000021868,0.8692585368799094
ENSMUSG00000114922,1.0
ENSMUSG00000055538,0.5042815817791371
ENSMUSG00000021866,0.8526735024506786
ENSMUSG00000098609,1.0
ENSMUSG00000095304,1.0
ENSMUSG00000072676,1.0
ENSMUSG00000095975,1.0
ENSMUSG00000048502,1.0
ENSMUSG00000094800,1.0
ENSMUSG00000072680,1.0
ENSMUSG00000098463,1.0
ENSMUSG00000094817,1.0
ENSMUSG00000072675,1.0
ENSMUSG00000072674,1.0
ENSMUSG00000021867,1.0
ENSMUSG00000072672,1.0
ENSMUSG00000114753,1.0
ENSMUSG00000021874,1.0
ENSMUSG00000090104,1.0
ENSMUSG00000021870,0.5260315936876258
ENSMUSG00000040818,0.5607390543561124
ENSMUSG00000090861,0.9742881117915771
ENSMUSG00000021877,0.5217396305516786
ENSMUSG00000043702,0.8603834856654485
ENSMUSG00000096052,1.0
ENSMUSG00000021879,1.0
ENSMUSG00000021898,1.0
ENSMUSG00000040760,0.5906406843994855
ENSMUSG00000040726,1.0
ENSMUSG00000040717,0.7419825301669841
ENSMUSG00000021895,0.6005886863032498
ENSMUSG00000040651,0.5053596098283826
ENSMUSG00000046753,0.6729239727873091
ENSMUSG00000040640,0.6007687808139999
ENSMUSG00000109849,1.0
ENSMUSG00000021994,0.8825711914291898
ENSMUSG00000097002,1.0
ENSMUSG00000114818,1.0
ENSMUSG00000114577,1.0
ENSMUSG00000021991,0.618610974918231
ENSMUSG00000045776,1.0
ENSMUSG00000114595,1.0
ENSMUSG00000114760,1.0
ENSMUSG00000114704,0.9963648878018119
ENSMUSG00000114570,1.0
ENSMUSG00000114815,1.0
ENSMUSG00000114774,1.0
ENSMUSG00000114424,1.0
ENSMUSG00000042682,0.39326131649623686
ENSMUSG00000015971,0.7728696758904537
ENSMUSG00000015966,0.9898038786386426
ENSMUSG00000015970,0.8144168323867891
ENSMUSG00000015968,0.5384725566812826
ENSMUSG00000118437,1.0
ENSMUSG00000021962,0.6961164240968171
ENSMUSG00000021957,0.5743128486175114
ENSMUSG00000021948,0.5879521855411467
ENSMUSG00000114553,1.0
ENSMUSG00000052395,0.778988895611611
ENSMUSG00000006527,0.6080971256561037
ENSMUSG00000115723,0.9976558245527064
ENSMUSG00000006526,0.6409102972642614
ENSMUSG00000042485,1.0
ENSMUSG00000021922,1.0
ENSMUSG00000006522,0.5408824572476167
ENSMUSG00000006529,1.0
ENSMUSG00000021918,0.797139744391517
ENSMUSG00000021917,0.5803448115661792
ENSMUSG00000021916,0.5671299784972003
ENSMUSG00000042354,0.7106155544519935
ENSMUSG00000042323,0.480198840841891
ENSMUSG00000058351,0.6720144871569548
ENSMUSG00000071547,0.9932313216473713
ENSMUSG00000042286,0.5945613675065543
ENSMUSG00000021910,0.47542384060314913
ENSMUSG00000091898,1.0
ENSMUSG00000021904,1.0
ENSMUSG00000021902,0.8807123307363721
ENSMUSG00000021901,0.7573095278480504
ENSMUSG00000019027,1.0
ENSMUSG00000115311,1.0
ENSMUSG00000115468,1.0
ENSMUSG00000115445,1.0
ENSMUSG00000021893,0.6845993987986958
ENSMUSG00000021892,0.6397091245502761
ENSMUSG00000021891,0.7751140043620822
ENSMUSG00000021890,0.8020984626032434
ENSMUSG00000057606,1.0
ENSMUSG00000021884,0.8114371411116887
ENSMUSG00000021900,0.8384618029178574
ENSMUSG00000014496,0.49784138133212563
ENSMUSG00000046005,1.0
ENSMUSG00000115120,1.0
ENSMUSG00000021903,0.8402407628360715
ENSMUSG00000021905,0.6161699684208766
ENSMUSG00000021906,0.8333137225738622
ENSMUSG00000021907,1.0
ENSMUSG00000056234,0.6452989216358498
ENSMUSG00000013701,0.5934775082724717
ENSMUSG00000021911,0.6182058152015126
ENSMUSG00000090459,1.0
ENSMUSG00000115813,1.0
ENSMUSG00000115691,1.0
ENSMUSG00000021913,0.7702772718733986
ENSMUSG00000072473,1.0
ENSMUSG00000021919,1.0
ENSMUSG00000100241,1.0
ENSMUSG00000097794,1.0
ENSMUSG00000054051,0.7851184056496617
ENSMUSG00000041730,1.0
ENSMUSG00000071540,1.0
ENSMUSG00000101086,1.0
ENSMUSG00000041707,0.8238178369239256
ENSMUSG00000078127,1.0
ENSMUSG00000050666,0.7033371212486204
ENSMUSG00000051506,0.7280331860714565
ENSMUSG00000041673,1.0
ENSMUSG00000063506,0.5851562197928407
ENSMUSG00000115597,1.0
ENSMUSG00000087639,1.0
ENSMUSG00000021936,0.6445885080711895
ENSMUSG00000108841,1.0
ENSMUSG00000021940,1.0
ENSMUSG00000115134,1.0
ENSMUSG00000115751,1.0
ENSMUSG00000021943,0.9378094729091186
ENSMUSG00000072625,1.0
ENSMUSG00000041534,1.0
ENSMUSG00000044519,0.9192800305029
ENSMUSG00000115726,1.0
ENSMUSG00000072624,1.0
ENSMUSG00000095493,1.0
ENSMUSG00000047441,1.0
ENSMUSG00000021950,1.0
ENSMUSG00000115180,1.0
ENSMUSG00000048337,1.0
ENSMUSG00000071531,1.0
ENSMUSG00000041479,1.0
ENSMUSG00000115124,1.0
ENSMUSG00000041471,0.7255332220493795
ENSMUSG00000021794,0.4278246820766626
ENSMUSG00000043681,1.0
ENSMUSG00000023064,1.0
ENSMUSG00000041445,0.8222365220728329
ENSMUSG00000021796,0.5204721309832293
ENSMUSG00000090779,1.0
ENSMUSG00000021797,1.0
ENSMUSG00000021798,0.8080966759933804
ENSMUSG00000021799,1.0
ENSMUSG00000115509,1.0
ENSMUSG00000115575,1.0
ENSMUSG00000115451,1.0
ENSMUSG00000115007,0.9757228160303367
ENSMUSG00000041408,0.4984325135495355
ENSMUSG00000097310,1.0
ENSMUSG00000115109,1.0
ENSMUSG00000041078,0.5478728085567249
ENSMUSG00000041068,1.0
ENSMUSG00000096405,1.0
ENSMUSG00000058690,0.5526664875978307
ENSMUSG00000021804,1.0
ENSMUSG00000041044,1.0
ENSMUSG00000043418,1.0
ENSMUSG00000021803,1.0
ENSMUSG00000096001,1.0
ENSMUSG00000041028,0.5494611772516366
ENSMUSG00000114334,1.0
ENSMUSG00000114219,1.0
ENSMUSG00000041014,0.4431754326394728
ENSMUSG00000093556,1.0
ENSMUSG00000093528,0.8426379561091385
ENSMUSG00000093383,0.832078203330702
ENSMUSG00000101261,1.0
ENSMUSG00000037833,0.9999458358236346
ENSMUSG00000037824,0.5338568967791988
ENSMUSG00000021792,0.5422890371375851
ENSMUSG00000021791,1.0
ENSMUSG00000114196,1.0
ENSMUSG00000021790,1.0
ENSMUSG00000037798,1.0
ENSMUSG00000021789,1.0
ENSMUSG00000037780,1.0
ENSMUSG00000021795,1.0
ENSMUSG00000091110,1.0
ENSMUSG00000094925,1.0
ENSMUSG00000091131,1.0
ENSMUSG00000092142,1.0
ENSMUSG00000093863,1.0
ENSMUSG00000090505,1.0
ENSMUSG00000093833,1.0
ENSMUSG00000090440,
ENSMUSG00000091657,1.0
ENSMUSG00000079269,
ENSMUSG00000095518,1.0
ENSMUSG00000091740,1.0
ENSMUSG00000114852,1.0
ENSMUSG00000095551,
ENSMUSG00000079271,
ENSMUSG00000052334,1.0
ENSMUSG00000095044,1.0
ENSMUSG00000093945,1.0
ENSMUSG00000095490,1.0
ENSMUSG00000093926,1.0
ENSMUSG00000091792,1.0
ENSMUSG00000092152,
ENSMUSG00000095371,1.0
ENSMUSG00000094157,1.0
ENSMUSG00000092148,1.0
ENSMUSG00000094954,
ENSMUSG00000090690,1.0
ENSMUSG00000095318,1.0
ENSMUSG00000091140,1.0
ENSMUSG00000095113,1.0
ENSMUSG00000093948,1.0
ENSMUSG00000095466,1.0
ENSMUSG00000095226,
ENSMUSG00000094804,1.0
ENSMUSG00000094349,1.0
ENSMUSG00000072605,1.0
ENSMUSG00000091733,1.0
ENSMUSG00000096446,1.0
ENSMUSG00000115262,1.0
ENSMUSG00000094151,1.0
ENSMUSG00000094784,1.0
ENSMUSG00000090634,1.0
ENSMUSG00000115483,1.0
ENSMUSG00000090713,1.0
ENSMUSG00000095384,1.0
ENSMUSG00000096372,1.0
ENSMUSG00000091477,1.0
ENSMUSG00000095743,1.0
ENSMUSG00000095528,1.0
ENSMUSG00000115050,1.0
ENSMUSG00000093968,1.0
ENSMUSG00000049235,1.0
ENSMUSG00000091718,1.0
ENSMUSG00000091698,1.0
ENSMUSG00000115272,1.0
ENSMUSG00000091584,1.0
ENSMUSG00000115659,1.0
ENSMUSG00000115354,1.0
ENSMUSG00000072601,1.0
ENSMUSG00000090166,1.0
ENSMUSG00000089901,1.0
ENSMUSG00000053961,1.0
ENSMUSG00000115724,1.0
ENSMUSG00000072598,
ENSMUSG00000090249,1.0
ENSMUSG00000115488,
ENSMUSG00000115794,1.0
ENSMUSG00000072596,1.0
ENSMUSG00000090594,1.0
ENSMUSG00000072595,1.0
ENSMUSG00000115294,1.0
ENSMUSG00000094543,1.0
ENSMUSG00000115536,1.0
ENSMUSG00000091725,1.0
ENSMUSG00000079267,1.0
ENSMUSG00000090379,1.0
ENSMUSG00000090716,1.0
ENSMUSG00000091569,1.0
ENSMUSG00000115359,1.0
ENSMUSG00000072145,1.0
ENSMUSG00000091429,1.0
ENSMUSG00000115801,0.9659799556083631
ENSMUSG00000092165,1.0
ENSMUSG00000091122,1.0
ENSMUSG00000079265,1.0
ENSMUSG00000091923,1.0
ENSMUSG00000115321,1.0
ENSMUSG00000115747,1.0
ENSMUSG00000071489,1.0
ENSMUSG00000075042,1.0
ENSMUSG00000090709,1.0
ENSMUSG00000037759,1.0
ENSMUSG00000115735,1.0
ENSMUSG00000021830,0.5757963834113002
ENSMUSG00000049092,0.6104638214295453
ENSMUSG00000115373,1.0
ENSMUSG00000021831,0.7161157885739302
ENSMUSG00000021832,0.5824188309490048
ENSMUSG00000053205,0.7076449023549206
ENSMUSG00000037722,0.8645079707403266
ENSMUSG00000115209,1.0
ENSMUSG00000037712,0.41664474948317426
ENSMUSG00000115324,0.9524109828194616
ENSMUSG00000115846,1.0
ENSMUSG00000115391,1.0
ENSMUSG00000085913,1.0
ENSMUSG00000115553,1.0
ENSMUSG00000037697,0.4443581953441627
ENSMUSG00000086124,1.0
ENSMUSG00000085866,1.0
ENSMUSG00000115000,1.0
ENSMUSG00000079261,1.0
ENSMUSG00000021835,0.9310033147039205
ENSMUSG00000086746,1.0
ENSMUSG00000086168,1.0
ENSMUSG00000115168,1.0
ENSMUSG00000115296,1.0
ENSMUSG00000115083,1.0
ENSMUSG00000115158,1.0
ENSMUSG00000085380,1.0
ENSMUSG00000085123,1.0
ENSMUSG00000115665,1.0
ENSMUSG00000115015,1.0
ENSMUSG00000115421,1.0
ENSMUSG00000115690,1.0
ENSMUSG00000037628,1.0
ENSMUSG00000015759,0.6345355192870583
ENSMUSG00000115003,1.0
ENSMUSG00000062014,0.6202151183276577
ENSMUSG00000061510,1.0
ENSMUSG00000055128,0.7092705305345054
ENSMUSG00000115417,1.0
ENSMUSG00000115100,1.0
ENSMUSG00000021838,0.5412114640921176
ENSMUSG00000115410,1.0
ENSMUSG00000089870,1.0
ENSMUSG00000072589,1.0
ENSMUSG00000037580,0.8120597475403041
ENSMUSG00000037572,0.9534868194420503
ENSMUSG00000115097,1.0
ENSMUSG00000048379,0.711805474761319
ENSMUSG00000021840,0.6489686741281989
ENSMUSG00000115082,1.0
ENSMUSG00000050335,1.0
ENSMUSG00000037544,1.0
ENSMUSG00000115617,1.0
ENSMUSG00000037536,0.7326221222558956
ENSMUSG00000115145,1.0
ENSMUSG00000037526,0.7467106881951923
ENSMUSG00000115823,1.0
ENSMUSG00000021843,0.4348929704075407
ENSMUSG00000115719,
ENSMUSG00000115215,1.0
ENSMUSG00000115046,1.0
ENSMUSG00000115310,1.0
ENSMUSG00000115609,1.0
ENSMUSG00000114989,1.0
ENSMUSG00000115403,1.0
ENSMUSG00000115425,1.0
ENSMUSG00000115060,1.0
ENSMUSG00000021846,0.5344464464387433
ENSMUSG00000114991,1.0
ENSMUSG00000036339,0.6209108288034235
ENSMUSG00000115756,0.8993419065757826
ENSMUSG00000115725,1.0
ENSMUSG00000115636,1.0
ENSMUSG00000115376,1.0
ENSMUSG00000115669,1.0
ENSMUSG00000021848,0.8625270509577897
ENSMUSG00000098682,0.8443355173098631
ENSMUSG00000115579,1.0
ENSMUSG00000115398,1.0
ENSMUSG00000115008,1.0
ENSMUSG00000061244,0.5492851225857269
ENSMUSG00000036291,0.7299924442527108
ENSMUSG00000036282,0.7488735646574345
ENSMUSG00000115772,1.0
ENSMUSG00000021850,1.0
ENSMUSG00000021852,0.7678440456547554
ENSMUSG00000115096,1.0
ENSMUSG00000036242,0.6969124164768111
ENSMUSG00000115787,1.0
ENSMUSG00000048933,1.0
ENSMUSG00000093825,
ENSMUSG00000096254,1.0
ENSMUSG00000068437,1.0
ENSMUSG00000060523,1.0
ENSMUSG00000059488,1.0
ENSMUSG00000050030,1.0
ENSMUSG00000049011,1.0
ENSMUSG00000109835,
ENSMUSG00000048080,1.0
ENSMUSG00000091873,1.0
ENSMUSG00000090874,1.0
ENSMUSG00000045306,1.0
ENSMUSG00000046210,1.0
ENSMUSG00000051969,1.0
ENSMUSG00000047716,1.0
ENSMUSG00000094692,1.0
ENSMUSG00000057903,1.0
ENSMUSG00000095917,1.0
ENSMUSG00000095765,1.0
ENSMUSG00000068431,1.0
ENSMUSG00000094285,
ENSMUSG00000053815,1.0
ENSMUSG00000050028,1.0
ENSMUSG00000058188,1.0
ENSMUSG00000057179,1.0
ENSMUSG00000060084,1.0
ENSMUSG00000059069,1.0
ENSMUSG00000006288,0.7102400399365526
ENSMUSG00000071470,0.9647873256653836
ENSMUSG00000036023,0.7635287919639481
ENSMUSG00000006281,0.820460079098011
ENSMUSG00000097431,0.7408584167490944
ENSMUSG00000090799,0.7782339766476432
ENSMUSG00000006289,0.747127599786797
ENSMUSG00000035960,0.8954974045721059
ENSMUSG00000035953,0.6329926922872388
ENSMUSG00000115338,0.6500376442423217
ENSMUSG00000068417,1.0
ENSMUSG00000021872,1.0
ENSMUSG00000052382,1.0
ENSMUSG00000059648,
ENSMUSG00000068407,1.0
ENSMUSG00000035932,1.0
ENSMUSG00000021876,0.5295655633124958
ENSMUSG00000072115,0.8136431519194576
ENSMUSG00000072575,1.0
ENSMUSG00000021880,1.0
ENSMUSG00000114985,1.0
ENSMUSG00000035896,1.0
ENSMUSG00000059606,1.0
ENSMUSG00000047894,1.0
ENSMUSG00000050766,1.0
ENSMUSG00000047222,1.0
ENSMUSG00000094991,1.0
ENSMUSG00000115540,1.0
ENSMUSG00000068399,1.0
ENSMUSG00000000606,1.0
ENSMUSG00000070448,1.0
ENSMUSG00000079244,1.0
ENSMUSG00000091142,1.0
ENSMUSG00000096024,1.0
ENSMUSG00000094715,1.0
ENSMUSG00000091296,1.0
ENSMUSG00000090740,1.0
ENSMUSG00000068506,1.0
ENSMUSG00000060615,1.0
ENSMUSG00000050961,1.0
ENSMUSG00000062148,
ENSMUSG00000004561,0.8037723646305086
ENSMUSG00000072572,0.9615678763499808
ENSMUSG00000004558,0.37212438877174947
ENSMUSG00000008813,1.0
ENSMUSG00000068392,1.0
ENSMUSG00000115698,1.0
ENSMUSG00000004562,0.6277121073951583
ENSMUSG00000097633,1.0
ENSMUSG00000049295,0.6920810914077119
ENSMUSG00000072571,1.0
ENSMUSG00000115454,1.0
ENSMUSG00000115141,1.0
ENSMUSG00000044286,1.0
ENSMUSG00000060373,0.5012487405512763
ENSMUSG00000057132,0.7063350521197935
ENSMUSG00000035726,0.5994770899935482
ENSMUSG00000097533,0.9344108280168957
ENSMUSG00000053754,0.5549669561621222
ENSMUSG00000022159,0.6972129510290702
ENSMUSG00000016831,0.6245458444726099
ENSMUSG00000022160,0.7925117740684716
ENSMUSG00000049532,0.639120378431015
ENSMUSG00000095030,1.0
ENSMUSG00000094140,1.0
ENSMUSG00000063867,1.0
ENSMUSG00000063106,1.0
ENSMUSG00000076758,1.0
ENSMUSG00000035626,1.0
ENSMUSG00000057564,1.0
ENSMUSG00000059887,1.0
ENSMUSG00000076759,1.0
ENSMUSG00000076760,1.0
ENSMUSG00000106382,
ENSMUSG00000076761,
ENSMUSG00000076762,
ENSMUSG00000104620,
ENSMUSG00000076764,
ENSMUSG00000105533,
ENSMUSG00000082819,
ENSMUSG00000096600,
ENSMUSG00000096746,
ENSMUSG00000095387,
ENSMUSG00000094023,
ENSMUSG00000076770,
ENSMUSG00000096478,
ENSMUSG00000095426,1.0
ENSMUSG00000094792,1.0
ENSMUSG00000094176,
ENSMUSG00000095088,
ENSMUSG00000105393,
ENSMUSG00000095689,
ENSMUSG00000076778,
ENSMUSG00000095854,
ENSMUSG00000096653,
ENSMUSG00000106533,
ENSMUSG00000094914,
ENSMUSG00000093939,
ENSMUSG00000104714,
ENSMUSG00000096129,
ENSMUSG00000095495,
ENSMUSG00000105887,
ENSMUSG00000094607,
ENSMUSG00000094758,
ENSMUSG00000095560,
ENSMUSG00000105953,
ENSMUSG00000093953,
ENSMUSG00000090868,1.0
ENSMUSG00000096505,
ENSMUSG00000096106,
ENSMUSG00000095756,
ENSMUSG00000105721,
ENSMUSG00000104598,1.0
ENSMUSG00000095643,
ENSMUSG00000076795,
ENSMUSG00000076796,
ENSMUSG00000096329,
ENSMUSG00000094619,
ENSMUSG00000106481,1.0
ENSMUSG00000095736,
ENSMUSG00000092251,
ENSMUSG00000076800,
ENSMUSG00000095646,1.0
ENSMUSG00000076802,1.0
ENSMUSG00000106259,
ENSMUSG00000105629,
ENSMUSG00000096055,
ENSMUSG00000104629,
ENSMUSG00000096827,
ENSMUSG00000094413,
ENSMUSG00000105070,
ENSMUSG00000093813,
ENSMUSG00000095572,
ENSMUSG00000105956,
ENSMUSG00000096531,
ENSMUSG00000096541,
ENSMUSG00000105467,
ENSMUSG00000093915,
ENSMUSG00000094779,
ENSMUSG00000093801,
ENSMUSG00000104915,
ENSMUSG00000094877,
ENSMUSG00000094231,1.0
ENSMUSG00000093969,
ENSMUSG00000096168,
ENSMUSG00000095370,
ENSMUSG00000105080,
ENSMUSG00000105418,1.0
ENSMUSG00000096038,1.0
ENSMUSG00000076821,
ENSMUSG00000076822,
ENSMUSG00000076823,1.0
ENSMUSG00000076824,
ENSMUSG00000105548,
ENSMUSG00000096417,
ENSMUSG00000076826,
ENSMUSG00000094220,
ENSMUSG00000096908,
ENSMUSG00000094468,
ENSMUSG00000094766,
ENSMUSG00000076831,1.0
ENSMUSG00000096900,1.0
ENSMUSG00000096149,1.0
ENSMUSG00000096551,1.0
ENSMUSG00000095862,
ENSMUSG00000096615,
ENSMUSG00000106620,1.0
ENSMUSG00000096825,
ENSMUSG00000076839,1.0
ENSMUSG00000076840,
ENSMUSG00000094016,
ENSMUSG00000104738,1.0
ENSMUSG00000094966,1.0
ENSMUSG00000093966,1.0
ENSMUSG00000104815,
ENSMUSG00000096656,1.0
ENSMUSG00000095958,
ENSMUSG00000076846,
ENSMUSG00000095711,
ENSMUSG00000076848,
ENSMUSG00000094828,1.0
ENSMUSG00000096678,1.0
ENSMUSG00000096096,1.0
ENSMUSG00000095607,1.0
ENSMUSG00000095126,1.0
ENSMUSG00000096138,
ENSMUSG00000082663,
ENSMUSG00000085302,
ENSMUSG00000076855,
ENSMUSG00000094562,
ENSMUSG00000094212,
ENSMUSG00000105090,1.0
ENSMUSG00000076858,1.0
ENSMUSG00000105380,1.0
ENSMUSG00000087666,1.0
ENSMUSG00000096397,1.0
ENSMUSG00000076861,
ENSMUSG00000076862,
ENSMUSG00000086858,
ENSMUSG00000076863,1.0
ENSMUSG00000076864,1.0
ENSMUSG00000105963,1.0
ENSMUSG00000104650,1.0
ENSMUSG00000076865,1.0
ENSMUSG00000076866,1.0
ENSMUSG00000106289,1.0
ENSMUSG00000105823,1.0
ENSMUSG00000104658,1.0
ENSMUSG00000076867,1.0
ENSMUSG00000096749,
ENSMUSG00000096176,
ENSMUSG00000076870,1.0
ENSMUSG00000106112,1.0
ENSMUSG00000076871,1.0
ENSMUSG00000104876,1.0
ENSMUSG00000076873,1.0
ENSMUSG00000090574,1.0
ENSMUSG00000090782,1.0
ENSMUSG00000076874,1.0
ENSMUSG00000076875,1.0
ENSMUSG00000076876,1.0
ENSMUSG00000076877,1.0
ENSMUSG00000091005,1.0
ENSMUSG00000091326,
ENSMUSG00000076878,1.0
ENSMUSG00000076879,1.0
ENSMUSG00000076880,
ENSMUSG00000076881,
ENSMUSG00000076882,1.0
ENSMUSG00000076883,1.0
ENSMUSG00000105216,1.0
ENSMUSG00000076884,
ENSMUSG00000076885,1.0
ENSMUSG00000076886,
ENSMUSG00000076887,1.0
ENSMUSG00000076888,
ENSMUSG00000076889,1.0
ENSMUSG00000076890,1.0
ENSMUSG00000076891,
ENSMUSG00000076892,
ENSMUSG00000076893,1.0
ENSMUSG00000090494,1.0
ENSMUSG00000076894,
ENSMUSG00000076895,1.0
ENSMUSG00000076896,1.0
ENSMUSG00000076897,
ENSMUSG00000076898,1.0
ENSMUSG00000076899,
ENSMUSG00000076900,1.0
ENSMUSG00000076901,1.0
ENSMUSG00000076902,1.0
ENSMUSG00000076903,1.0
ENSMUSG00000076904,1.0
ENSMUSG00000076905,1.0
ENSMUSG00000076906,1.0
ENSMUSG00000076907,1.0
ENSMUSG00000076908,1.0
ENSMUSG00000076909,1.0
ENSMUSG00000076910,1.0
ENSMUSG00000076911,1.0
ENSMUSG00000076912,1.0
ENSMUSG00000076913,
ENSMUSG00000076914,1.0
ENSMUSG00000076915,
ENSMUSG00000076916,1.0
ENSMUSG00000076917,1.0
ENSMUSG00000076918,1.0
ENSMUSG00000076919,1.0
ENSMUSG00000076920,1.0
ENSMUSG00000076921,
ENSMUSG00000076922,1.0
ENSMUSG00000076923,1.0
ENSMUSG00000076924,1.0
ENSMUSG00000076925,1.0
ENSMUSG00000076926,1.0
ENSMUSG00000076927,
ENSMUSG00000076928,1.0
ENSMUSG00000022174,0.5948609162637913
ENSMUSG00000040997,0.6380083741879223
ENSMUSG00000048153,1.0
ENSMUSG00000105703,0.8349446887893681
ENSMUSG00000105501,1.0
ENSMUSG00000000959,0.6761833849655391
ENSMUSG00000000958,0.7470419223357454
ENSMUSG00000010406,0.5748781346470326
ENSMUSG00000000957,0.628482248085786
ENSMUSG00000115767,1.0
ENSMUSG00000022175,0.6290895321881478
ENSMUSG00000022176,1.0
ENSMUSG00000023110,0.7691989797897765
ENSMUSG00000022177,0.9991019827655161
ENSMUSG00000022178,1.0
ENSMUSG00000022179,0.8802704290633494
ENSMUSG00000022193,0.6709804495202136
ENSMUSG00000072423,1.0
ENSMUSG00000059674,0.9602953236474407
ENSMUSG00000091306,1.0
ENSMUSG00000022185,0.5016643797441082
ENSMUSG00000040840,1.0
ENSMUSG00000040822,0.7507905855350976
ENSMUSG00000114865,1.0
ENSMUSG00000052435,1.0
ENSMUSG00000022180,0.5569978823925584
ENSMUSG00000112858,1.0
ENSMUSG00000057156,0.8925053573731943
ENSMUSG00000072494,0.833628922837676
ENSMUSG00000089682,0.720276628633515
ENSMUSG00000022194,0.4903152482618092
ENSMUSG00000022199,0.5307127780557231
ENSMUSG00000022203,0.827562418850312
ENSMUSG00000040770,1.0
ENSMUSG00000040759,0.5248678543206308
ENSMUSG00000115234,0.8620001499741651
ENSMUSG00000040752,0.9801149597425355
ENSMUSG00000097652,1.0
ENSMUSG00000053093,0.9986467143713975
ENSMUSG00000101680,1.0
ENSMUSG00000090889,1.0
ENSMUSG00000115610,1.0
ENSMUSG00000022204,0.790744797651885
ENSMUSG00000093452,0.814102356709486
ENSMUSG00000040721,0.6812794454349769
ENSMUSG00000045691,0.8570384064135158
ENSMUSG00000040701,0.9940935108516572
ENSMUSG00000022208,0.5770761921893678
ENSMUSG00000022209,1.0
ENSMUSG00000114987,1.0
ENSMUSG00000022210,0.814204957647273
ENSMUSG00000022211,0.8390581741922335
ENSMUSG00000022212,0.8473036615947284
ENSMUSG00000040632,1.0
ENSMUSG00000115778,1.0
ENSMUSG00000040618,0.8028204671396132
ENSMUSG00000053588,1.0
ENSMUSG00000022214,0.6856170621664419
ENSMUSG00000086341,1.0
ENSMUSG00000022215,1.0
ENSMUSG00000022216,0.7409327302538322
ENSMUSG00000022217,0.8125942228059997
ENSMUSG00000079197,0.7878587502263031
ENSMUSG00000047098,0.8536238605667344
ENSMUSG00000002325,0.7520227311706523
ENSMUSG00000002324,0.9452648495082987
ENSMUSG00000002319,0.818670065188134
ENSMUSG00000002320,0.7435110574896762
ENSMUSG00000115222,1.0
ENSMUSG00000007591,1.0
ENSMUSG00000002329,0.7350706226379066
ENSMUSG00000010376,0.48048235152537816
ENSMUSG00000002326,0.7857483527793941
ENSMUSG00000007589,0.8258666686448427
ENSMUSG00000115154,0.9990779701488922
ENSMUSG00000022218,1.0
ENSMUSG00000040472,0.8903834951414106
ENSMUSG00000002332,0.7412293175113482
ENSMUSG00000019297,0.857037420852241
ENSMUSG00000022219,0.9726081938862058
ENSMUSG00000040432,1.0
ENSMUSG00000046908,1.0
ENSMUSG00000022220,0.9659018987258429
ENSMUSG00000022221,1.0
ENSMUSG00000023411,1.0
ENSMUSG00000075592,0.8552403485841572
ENSMUSG00000040380,0.61997347012507
ENSMUSG00000047153,0.720999520772708
ENSMUSG00000022223,0.8465837177527401
ENSMUSG00000114978,
ENSMUSG00000022225,1.0
ENSMUSG00000068289,1.0
ENSMUSG00000022227,1.0
ENSMUSG00000071361,1.0
ENSMUSG00000022226,1.0
ENSMUSG00000061068,1.0
ENSMUSG00000022157,1.0
ENSMUSG00000040314,1.0
ENSMUSG00000022156,
ENSMUSG00000059256,
ENSMUSG00000040284,
ENSMUSG00000015443,1.0
ENSMUSG00000114303,1.0
ENSMUSG00000015441,1.0
ENSMUSG00000079186,1.0
ENSMUSG00000015437,1.0
ENSMUSG00000022229,1.0
ENSMUSG00000114345,1.0
ENSMUSG00000000365,1.0
ENSMUSG00000064128,0.8958861081216318
ENSMUSG00000054509,0.684202697094257
ENSMUSG00000090038,1.0
ENSMUSG00000079184,0.57841389432609
ENSMUSG00000097743,0.9548738492558899
ENSMUSG00000021938,0.6681182360792188
ENSMUSG00000040123,0.5913310155242371
ENSMUSG00000100017,0.9429168083449903
ENSMUSG00000021945,0.5572141739619674
ENSMUSG00000096144,1.0
ENSMUSG00000048582,1.0
ENSMUSG00000046352,0.8790126617146118
ENSMUSG00000089840,0.8177426520615805
ENSMUSG00000040055,0.5167985726745324
ENSMUSG00000021947,0.6779296083315797
ENSMUSG00000040040,0.7209688653372194
ENSMUSG00000086486,1.0
ENSMUSG00000050222,0.8831979581913275
ENSMUSG00000021951,0.7545593277119076
ENSMUSG00000097933,1.0
ENSMUSG00000021952,0.6413208747647022
ENSMUSG00000021959,0.5556378168893249
ENSMUSG00000021963,0.67747130278201
ENSMUSG00000021965,1.0
ENSMUSG00000021967,0.6933337934092276
ENSMUSG00000021969,0.44021619446992183
ENSMUSG00000021973,0.6324713489051996
ENSMUSG00000097303,1.0
ENSMUSG00000021974,0.8309918066005288
ENSMUSG00000114690,1.0
ENSMUSG00000114486,1.0
ENSMUSG00000114441,1.0
ENSMUSG00000114720,1.0
ENSMUSG00000114289,1.0
ENSMUSG00000021977,1.0
ENSMUSG00000053868,1.0
ENSMUSG00000035469,0.5445070332699796
ENSMUSG00000044703,1.0
ENSMUSG00000091649,1.0
ENSMUSG00000068245,1.0
ENSMUSG00000091144,1.0
ENSMUSG00000071350,0.8696424130891414
ENSMUSG00000021981,0.5671984376278758
ENSMUSG00000021982,0.633597139576886
ENSMUSG00000044461,1.0
ENSMUSG00000021983,0.5244097843245248
ENSMUSG00000086112,1.0
ENSMUSG00000114797,0.6894484850558643
ENSMUSG00000021987,0.5968572867031483
ENSMUSG00000021986,0.5872222924977557
ENSMUSG00000101797,1.0
ENSMUSG00000021990,0.6368191488362438
ENSMUSG00000071347,1.0
ENSMUSG00000084951,1.0
ENSMUSG00000021993,0.811985158719419
ENSMUSG00000060548,0.5520758491802956
ENSMUSG00000115627,1.0
ENSMUSG00000048279,0.7532396181601814
ENSMUSG00000035296,1.0
ENSMUSG00000101505,1.0
ENSMUSG00000043157,1.0
ENSMUSG00000021928,0.7128707220493936
ENSMUSG00000021929,0.6035851851977442
ENSMUSG00000115656,1.0
ENSMUSG00000021930,0.7425895964098733
ENSMUSG00000035235,0.8638252081058322
ENSMUSG00000097589,0.39902916405010636
ENSMUSG00000046168,0.7440112614910435
ENSMUSG00000098183,0.9880151778617184
ENSMUSG00000098088,1.0
ENSMUSG00000097997,0.90791284617355
ENSMUSG00000115531,1.0
ENSMUSG00000098096,1.0
ENSMUSG00000048281,0.9988223161127804
ENSMUSG00000021932,0.877665336852159
ENSMUSG00000021933,1.0
ENSMUSG00000100486,1.0
ENSMUSG00000035184,0.8023295273586449
ENSMUSG00000091155,0.9906914755768562
ENSMUSG00000035161,0.5914214006278009
ENSMUSG00000014547,0.5708465146831504
ENSMUSG00000075574,1.0
ENSMUSG00000075573,1.0
ENSMUSG00000075572,1.0
ENSMUSG00000075571,1.0
ENSMUSG00000054763,0.9987124246897304
ENSMUSG00000021939,0.3929073226423989
ENSMUSG00000021273,0.6688243213039874
ENSMUSG00000035121,1.0
ENSMUSG00000021944,1.0
ENSMUSG00000114898,1.0
ENSMUSG00000114892,1.0
ENSMUSG00000014453,1.0
ENSMUSG00000035095,1.0
ENSMUSG00000021953,1.0
ENSMUSG00000090374,1.0
ENSMUSG00000035078,0.6979523250870455
ENSMUSG00000087652,0.9909564638253572
ENSMUSG00000035067,0.5702232664050533
ENSMUSG00000021958,0.8225826328052345
ENSMUSG00000063060,0.9331436955091187
ENSMUSG00000021961,1.0
ENSMUSG00000046049,1.0
ENSMUSG00000034623,1.0
ENSMUSG00000052099,1.0
ENSMUSG00000091686,1.0
ENSMUSG00000021966,1.0
ENSMUSG00000090785,1.0
ENSMUSG00000114284,1.0
ENSMUSG00000054733,0.5458358883709616
ENSMUSG00000114680,1.0
ENSMUSG00000097545,0.6057639293416263
ENSMUSG00000060012,0.4652186018149631
ENSMUSG00000021972,0.5443081375177928
ENSMUSG00000021975,0.6731836070268129
ENSMUSG00000021978,0.4515462124019967
ENSMUSG00000114658,1.0
ENSMUSG00000114693,1.0
ENSMUSG00000007989,0.6349451069430894
ENSMUSG00000034532,0.9681331338979431
ENSMUSG00000114209,1.0
ENSMUSG00000114357,1.0
ENSMUSG00000034522,0.7326381004875583
ENSMUSG00000045731,0.9938250838002067
ENSMUSG00000022031,0.7375563364405727
ENSMUSG00000061356,1.0
ENSMUSG00000022032,1.0
ENSMUSG00000022033,1.0
ENSMUSG00000022034,1.0
ENSMUSG00000022035,0.7591961300142971
ENSMUSG00000034463,0.7490469252190098
ENSMUSG00000022037,0.3931727167517814
ENSMUSG00000034450,1.0
ENSMUSG00000022039,0.9341722719735602
ENSMUSG00000022040,0.8145793866273408
ENSMUSG00000022041,1.0
ENSMUSG00000059456,0.6196541071217169
ENSMUSG00000085984,1.0
ENSMUSG00000022043,0.5063091815004989
ENSMUSG00000114618,1.0
ENSMUSG00000022044,0.47405757572584095
ENSMUSG00000045875,0.7184144448058414
ENSMUSG00000057913,1.0
ENSMUSG00000022048,0.36258593227820335
ENSMUSG00000075553,1.0
ENSMUSG00000046204,0.9501383110132899
ENSMUSG00000022051,0.4451415483628311
ENSMUSG00000022052,0.5134307727562303
ENSMUSG00000114697,1.0
ENSMUSG00000093744,1.0
ENSMUSG00000022053,0.9815143478937527
ENSMUSG00000075549,1.0
ENSMUSG00000093386,1.0
ENSMUSG00000093472,1.0
ENSMUSG00000093634,1.0
ENSMUSG00000114744,1.0
ENSMUSG00000093726,1.0
ENSMUSG00000048922,1.0
ENSMUSG00000034327,0.8918536400694251
ENSMUSG00000015812,1.0
ENSMUSG00000044447,0.6061152554002887
ENSMUSG00000114621,1.0
ENSMUSG00000022054,0.8415833905624379
ENSMUSG00000022055,0.7392459673320309
ENSMUSG00000114925,1.0
ENSMUSG00000114396,1.0
ENSMUSG00000022056,1.0
ENSMUSG00000022057,1.0
ENSMUSG00000014725,1.0
ENSMUSG00000114833,1.0
ENSMUSG00000014813,1.0
ENSMUSG00000092499,1.0
ENSMUSG00000044186,1.0
ENSMUSG00000022061,1.0
ENSMUSG00000034248,0.7817104817652741
ENSMUSG00000098248,1.0
ENSMUSG00000098255,
ENSMUSG00000047977,1.0
ENSMUSG00000097511,1.0
ENSMUSG00000095463,1.0
ENSMUSG00000098270,
ENSMUSG00000093954,1.0
ENSMUSG00000099315,
ENSMUSG00000098773,
ENSMUSG00000098784,
ENSMUSG00000022066,1.0
ENSMUSG00000099027,
ENSMUSG00000098975,1.0
ENSMUSG00000034205,1.0
ENSMUSG00000034194,0.8727265190239638
ENSMUSG00000034190,0.6818241476967442
ENSMUSG00000022074,1.0
ENSMUSG00000022075,0.7037015710800689
ENSMUSG00000022085,1.0
ENSMUSG00000114446,1.0
ENSMUSG00000033730,0.7957974809053939
ENSMUSG00000022089,0.7722691035883165
ENSMUSG00000033712,0.7970078275557169
ENSMUSG00000044551,1.0
ENSMUSG00000022090,0.6249521090473431
ENSMUSG00000022091,0.7280196594932009
ENSMUSG00000115186,0.7354006646322178
ENSMUSG00000022092,0.625047436400342
ENSMUSG00000022094,0.7482668818646727
ENSMUSG00000033644,1.0
ENSMUSG00000000776,0.8042678059689955
ENSMUSG00000003469,0.7048277934705471
ENSMUSG00000022098,0.6885157058281336
ENSMUSG00000022097,1.0
ENSMUSG00000033595,0.5540232917454037
ENSMUSG00000033589,0.9588165196503521
ENSMUSG00000022096,0.7243266049398505
ENSMUSG00000045211,0.835273832699136
ENSMUSG00000022095,0.7101608275253937
ENSMUSG00000022099,0.7760626888363956
ENSMUSG00000022101,1.0
ENSMUSG00000047911,1.0
ENSMUSG00000022100,0.5477637569217823
ENSMUSG00000022102,1.0
ENSMUSG00000099528,1.0
ENSMUSG00000022103,0.8245399665189437
ENSMUSG00000115671,1.0
ENSMUSG00000115139,1.0
ENSMUSG00000115286,1.0
ENSMUSG00000115304,1.0
ENSMUSG00000109446,1.0
ENSMUSG00000033487,0.552968618602771
ENSMUSG00000090216,1.0
ENSMUSG00000115494,1.0
ENSMUSG00000115532,1.0
ENSMUSG00000033470,1.0
ENSMUSG00000022106,0.64289046899702
ENSMUSG00000090706,1.0
ENSMUSG00000022105,0.5215470544209896
ENSMUSG00000033446,0.6682823466817827
ENSMUSG00000022108,0.3153746552511531
ENSMUSG00000022109,0.7281762057267622
ENSMUSG00000033405,0.9997158774404592
ENSMUSG00000022110,0.6271468617252645
ENSMUSG00000096463,1.0
ENSMUSG00000115088,1.0
ENSMUSG00000115289,0.8557982696828738
ENSMUSG00000115704,1.0
ENSMUSG00000115845,1.0
ENSMUSG00000115449,1.0
ENSMUSG00000034997,0.9638331966631973
ENSMUSG00000021996,0.6661669343101165
ENSMUSG00000068015,0.4546623039820369
ENSMUSG00000115002,1.0
ENSMUSG00000115019,1.0
ENSMUSG00000034959,0.7835924567234293
ENSMUSG00000021997,1.0
ENSMUSG00000021998,0.5741975403875113
ENSMUSG00000089733,1.0
ENSMUSG00000090054,1.0
ENSMUSG00000021999,1.0
ENSMUSG00000022000,0.5497402274561829
ENSMUSG00000115615,1.0
ENSMUSG00000091722,0.9773824199664246
ENSMUSG00000034913,1.0
ENSMUSG00000022002,1.0
ENSMUSG00000034893,0.6951790651537618
ENSMUSG00000022003,0.8203365566662385
ENSMUSG00000085829,0.9819172633482196
ENSMUSG00000060126,0.20516177664244314
ENSMUSG00000067995,0.6847057633497801
ENSMUSG00000046523,0.7386416712434923
ENSMUSG00000022008,0.7829785845096164
ENSMUSG00000022009,0.843667631677168
ENSMUSG00000115625,1.0
ENSMUSG00000022010,0.37567004034729506
ENSMUSG00000115092,1.0
ENSMUSG00000052584,0.6463701549720838
ENSMUSG00000101009,1.0
ENSMUSG00000115709,1.0
ENSMUSG00000115817,1.0
ENSMUSG00000115353,1.0
ENSMUSG00000115596,1.0
ENSMUSG00000044350,0.7276447793191348
ENSMUSG00000034795,0.8418406529622071
ENSMUSG00000022012,0.5048425330679844
ENSMUSG00000115244,1.0
ENSMUSG00000067973,0.920902717924457
ENSMUSG00000115363,0.9556115551276505
ENSMUSG00000115257,1.0
ENSMUSG00000075512,1.0
ENSMUSG00000022013,0.6683607104360926
ENSMUSG00000022014,0.7611238025155783
ENSMUSG00000115517,1.0
ENSMUSG00000092272,1.0
ENSMUSG00000045655,1.0
ENSMUSG00000022015,1.0
ENSMUSG00000022016,0.5352383127695294
ENSMUSG00000034731,0.5560268165839377
ENSMUSG00000058997,0.5581458522866636
ENSMUSG00000115090,1.0
ENSMUSG00000115167,1.0
ENSMUSG00000115111,1.0
ENSMUSG00000071262,1.0
ENSMUSG00000022018,0.4788275683151379
ENSMUSG00000022020,0.6266793273785793
ENSMUSG00000022022,0.9478389092173396
ENSMUSG00000043881,0.8194652864242942
ENSMUSG00000075502,1.0
ENSMUSG00000022023,0.6015053767551061
ENSMUSG00000036461,0.5360285566448519
ENSMUSG00000022024,0.6112313251781835
ENSMUSG00000022025,0.9945363707165357
ENSMUSG00000115740,1.0
ENSMUSG00000115422,1.0
ENSMUSG00000036422,0.9485209127988975
ENSMUSG00000102774,1.0
ENSMUSG00000097927,1.0
ENSMUSG00000095959,1.0
ENSMUSG00000115190,1.0
ENSMUSG00000022026,1.0
ENSMUSG00000115542,1.0
ENSMUSG00000115455,1.0
ENSMUSG00000115825,1.0
ENSMUSG00000115006,1.0
ENSMUSG00000115043,1.0
ENSMUSG00000035566,0.4960679426404127
ENSMUSG00000115529,0.9428905134922597
ENSMUSG00000115217,1.0
ENSMUSG00000115271,1.0
ENSMUSG00000115777,1.0
ENSMUSG00000115664,1.0
ENSMUSG00000022021,0.7350063642304862
ENSMUSG00000022019,0.6376116979221664
ENSMUSG00000115479,1.0
ENSMUSG00000050505,0.9379205081448211
ENSMUSG00000115623,1.0
ENSMUSG00000115313,1.0
ENSMUSG00000115001,1.0
ENSMUSG00000115292,1.0
ENSMUSG00000115368,1.0
ENSMUSG00000115720,1.0
ENSMUSG00000055421,0.2140807216604148
ENSMUSG00000115822,1.0
ENSMUSG00000034689,1.0
ENSMUSG00000022076,0.9081587807649321
ENSMUSG00000115601,1.0
ENSMUSG00000115229,1.0
ENSMUSG00000055639,0.5544805851986947
ENSMUSG00000115242,1.0
ENSMUSG00000060377,1.0
ENSMUSG00000033186,0.6380111172589541
ENSMUSG00000022070,0.9508693179457228
ENSMUSG00000033166,0.8320057223650026
ENSMUSG00000022064,0.5674714854957761
ENSMUSG00000005148,0.9979648263754743
ENSMUSG00000115580,1.0
ENSMUSG00000115550,1.0
ENSMUSG00000072294,0.3920171447296914
ENSMUSG00000054391,0.6472940636090648
ENSMUSG00000110273,1.0
ENSMUSG00000115821,0.9842402834884643
ENSMUSG00000115506,1.0
ENSMUSG00000042888,1.0
ENSMUSG00000033083,0.4588266925106418
ENSMUSG00000075486,0.6462794283184942
ENSMUSG00000022111,0.709857716557495
ENSMUSG00000053821,1.0
ENSMUSG00000033060,0.726275632408669
ENSMUSG00000115696,1.0
ENSMUSG00000115816,1.0
ENSMUSG00000098557,0.4040995608712211
ENSMUSG00000114980,1.0
ENSMUSG00000115855,1.0
ENSMUSG00000022126,1.0
ENSMUSG00000022125,0.7273625529746987
ENSMUSG00000022124,0.5819317585461152
ENSMUSG00000033004,0.37710361862416764
ENSMUSG00000115099,1.0
ENSMUSG00000115762,1.0
ENSMUSG00000022123,0.958159668733614
ENSMUSG00000055717,0.48676398423952405
ENSMUSG00000089707,1.0
ENSMUSG00000022122,0.5013677976419831
ENSMUSG00000115727,1.0
ENSMUSG00000115424,1.0
ENSMUSG00000048349,1.0
ENSMUSG00000022120,0.8242323648551491
ENSMUSG00000115432,1.0
ENSMUSG00000022119,0.4649746503273378
ENSMUSG00000091509,0.8762577680899891
ENSMUSG00000053253,0.55750971612278
ENSMUSG00000115548,1.0
ENSMUSG00000022116,1.0
ENSMUSG00000115386,1.0
ENSMUSG00000115149,0.8004800661585744
ENSMUSG00000110080,0.49516246005678044
ENSMUSG00000060143,0.5142473637665314
ENSMUSG00000115796,1.0
ENSMUSG00000022114,0.6060860129809874
ENSMUSG00000022113,1.0
ENSMUSG00000115754,1.0
ENSMUSG00000115439,1.0
ENSMUSG00000099794,1.0
ENSMUSG00000115562,1.0
ENSMUSG00000075478,0.7921052518162286
ENSMUSG00000045871,1.0
ENSMUSG00000115650,1.0
ENSMUSG00000033214,0.8050263984863605
ENSMUSG00000058126,1.0
ENSMUSG00000115320,1.0
ENSMUSG00000115309,1.0
ENSMUSG00000115372,1.0
ENSMUSG00000114979,1.0
ENSMUSG00000089726,1.0
ENSMUSG00000022112,0.26762176373268126
ENSMUSG00000093551,1.0
ENSMUSG00000093497,0.593431129130187
ENSMUSG00000058571,0.4324745419787958
ENSMUSG00000022129,1.0
ENSMUSG00000115689,1.0
ENSMUSG00000022130,0.9105387077093252
ENSMUSG00000022131,0.7774155570842475
ENSMUSG00000115774,1.0
ENSMUSG00000061517,0.8058060539093234
ENSMUSG00000090534,1.0
ENSMUSG00000092109,1.0
ENSMUSG00000115258,1.0
ENSMUSG00000096997,1.0
ENSMUSG00000099911,1.0
ENSMUSG00000032849,0.510539188361289
ENSMUSG00000098630,1.0
ENSMUSG00000022132,0.5467101806562068
ENSMUSG00000042156,0.7327881666721665
ENSMUSG00000115718,0.9283456401085051
ENSMUSG00000022136,0.5152656314260862
ENSMUSG00000115220,1.0
ENSMUSG00000042104,0.6833596825836616
ENSMUSG00000087479,0.9051527533126175
ENSMUSG00000053465,0.6162470620780921
ENSMUSG00000100274,1.0
ENSMUSG00000115639,1.0
ENSMUSG00000044819,1.0
ENSMUSG00000115146,1.0
ENSMUSG00000114983,1.0
ENSMUSG00000022139,0.34427060702602486
ENSMUSG00000097903,1.0
ENSMUSG00000051615,0.57622668902302
ENSMUSG00000115648,1.0
ENSMUSG00000090284,1.0
ENSMUSG00000115835,1.0
ENSMUSG00000030662,0.6897952292662295
ENSMUSG00000025555,0.4024515039440449
ENSMUSG00000085133,0.6326448507081339
ENSMUSG00000063410,0.622950578037653
ENSMUSG00000115123,
ENSMUSG00000025557,1.0
ENSMUSG00000115390,1.0
ENSMUSG00000025558,0.3843169747247341
ENSMUSG00000102112,1.0
ENSMUSG00000041765,0.5675799032123834
ENSMUSG00000050350,0.8715869588729778
ENSMUSG00000051212,0.5801674383395359
ENSMUSG00000071229,1.0
ENSMUSG00000115121,1.0
ENSMUSG00000085615,1.0
ENSMUSG00000025544,0.4954423086857883
ENSMUSG00000025545,0.6044875685230056
ENSMUSG00000100585,1.0
ENSMUSG00000115263,0.6613866931400872
ENSMUSG00000064052,0.8316598730552767
ENSMUSG00000041703,0.7339861469432661
ENSMUSG00000085555,0.9832965504843979
ENSMUSG00000061524,0.6936533737612245
ENSMUSG00000075465,0.9701079165615281
ENSMUSG00000041650,0.5051527720603411
ENSMUSG00000041625,0.6616612518886372
ENSMUSG00000075463,0.7978151013077014
ENSMUSG00000041594,0.7671824589382116
ENSMUSG00000085423,1.0
ENSMUSG00000115016,1.0
ENSMUSG00000000197,0.5949136413090427
ENSMUSG00000032925,0.9712220305902795
ENSMUSG00000025551,0.3179498033965487
ENSMUSG00000101445,1.0
ENSMUSG00000099994,0.8550212091103141
ENSMUSG00000115490,1.0
ENSMUSG00000115013,1.0
ENSMUSG00000064373,0.28861746196066207
ENSMUSG00000091119,0.8168292916569952
ENSMUSG00000055737,0.5209314762163845
ENSMUSG00000022184,0.7896160387329209
ENSMUSG00000041935,0.6456130806858644
ENSMUSG00000097662,1.0
ENSMUSG00000087221,1.0
ENSMUSG00000022186,0.47286008242937644
ENSMUSG00000086297,1.0
ENSMUSG00000049148,0.5664422727767631
ENSMUSG00000022181,1.0
ENSMUSG00000022155,1.0
ENSMUSG00000079105,1.0
ENSMUSG00000041849,0.9594217266777182
ENSMUSG00000041841,0.28462300364619963
ENSMUSG00000050697,0.7075321646511998
ENSMUSG00000087532,1.0
ENSMUSG00000022151,0.7278695978804512
ENSMUSG00000039942,0.9688312600132386
ENSMUSG00000022150,0.6087828527329111
ENSMUSG00000089771,1.0
ENSMUSG00000022149,1.0
ENSMUSG00000022148,0.48320329307140847
ENSMUSG00000089647,0.8712876358978998
ENSMUSG00000050310,0.5368851125623121
ENSMUSG00000022146,0.7298150242487211
ENSMUSG00000054263,0.5132225547283726
ENSMUSG00000042961,0.6833358063273397
ENSMUSG00000090199,1.0
ENSMUSG00000115497,1.0
ENSMUSG00000022144,1.0
ENSMUSG00000039828,0.6028832341773038
ENSMUSG00000022142,0.7958534339915578
ENSMUSG00000039801,0.5490866579307712
ENSMUSG00000022141,0.40017909992122036
ENSMUSG00000115640,1.0
ENSMUSG00000115591,0.9932263450734331
ENSMUSG00000115480,1.0
ENSMUSG00000095663,1.0
ENSMUSG00000005360,0.3140150110098425
ENSMUSG00000048424,0.6978607153435855
ENSMUSG00000022253,0.6422178648987027
ENSMUSG00000054115,0.864950055926666
ENSMUSG00000039704,0.6574474525463182
ENSMUSG00000072664,1.0
ENSMUSG00000049152,1.0
ENSMUSG00000039676,1.0
ENSMUSG00000003882,1.0
ENSMUSG00000072663,0.8339974221206767
ENSMUSG00000005268,0.9705769765740724
ENSMUSG00000089678,1.0
ENSMUSG00000044224,0.6736973391211645
ENSMUSG00000022247,0.7945894289857545
ENSMUSG00000022248,0.8917466737431564
ENSMUSG00000022249,1.0
ENSMUSG00000022246,0.7010554707162319
ENSMUSG00000115667,1.0
ENSMUSG00000096971,1.0
ENSMUSG00000115151,1.0
ENSMUSG00000058914,1.0
ENSMUSG00000022244,0.9429071326535535
ENSMUSG00000022243,1.0
ENSMUSG00000060735,1.0
ENSMUSG00000047497,0.9324871777998873
ENSMUSG00000022241,0.812903539266284
ENSMUSG00000115076,1.0
ENSMUSG00000115804,1.0
ENSMUSG00000115585,1.0
ENSMUSG00000022206,1.0
ENSMUSG00000115240,1.0
ENSMUSG00000099349,1.0
ENSMUSG00000022205,0.5251113911787831
ENSMUSG00000115441,1.0
ENSMUSG00000022201,0.47331131711566865
ENSMUSG00000115153,1.0
ENSMUSG00000039458,0.6703282570792152
ENSMUSG00000097221,1.0
ENSMUSG00000022200,0.6163977645711537
ENSMUSG00000022197,0.530975732772722
ENSMUSG00000022195,0.7410739298070317
ENSMUSG00000022191,0.6957887097835993
ENSMUSG00000039385,0.6801748088262212
ENSMUSG00000115419,1.0
ENSMUSG00000115782,1.0
ENSMUSG00000115266,1.0
ENSMUSG00000115614,1.0
ENSMUSG00000115485,1.0
ENSMUSG00000025370,0.9184515355867259
ENSMUSG00000115460,1.0
ENSMUSG00000115182,1.0
ENSMUSG00000115492,1.0
ENSMUSG00000098150,1.0
ENSMUSG00000084873,0.998745893404373
ENSMUSG00000022321,0.4095024965354157
ENSMUSG00000115803,1.0
ENSMUSG00000115352,1.0
ENSMUSG00000114971,1.0
ENSMUSG00000115413,1.0
ENSMUSG00000115122,1.0
ENSMUSG00000040452,0.7362712379700765
ENSMUSG00000047565,1.0
ENSMUSG00000040420,0.5113454598654115
ENSMUSG00000115560,1.0
ENSMUSG00000115198,1.0
ENSMUSG00000115261,1.0
ENSMUSG00000097452,0.9604302861093535
ENSMUSG00000115174,1.0
ENSMUSG00000051237,1.0
ENSMUSG00000115355,1.0
ENSMUSG00000045763,0.4032706066767612
ENSMUSG00000056089,1.0
ENSMUSG00000115850,1.0
ENSMUSG00000115729,0.9730595677050542
ENSMUSG00000115204,1.0
ENSMUSG00000022272,0.46438873175462425
ENSMUSG00000022270,0.4936992302789388
ENSMUSG00000052253,0.7852935914389452
ENSMUSG00000115335,1.0
ENSMUSG00000022269,0.8595757682462963
ENSMUSG00000043556,0.5975978390664155
ENSMUSG00000115433,1.0
ENSMUSG00000115138,1.0
ENSMUSG00000022265,0.47608880771234974
ENSMUSG00000046034,0.613910104121832
ENSMUSG00000056069,0.5562767410995735
ENSMUSG00000022263,0.49222980634222213
ENSMUSG00000115773,1.0
ENSMUSG00000115839,1.0
ENSMUSG00000022262,0.9610616406495281
ENSMUSG00000022240,0.3298407945202282
ENSMUSG00000115337,0.6840196472158891
ENSMUSG00000115012,1.0
ENSMUSG00000115474,1.0
ENSMUSG00000039168,0.8122175565280619
ENSMUSG00000022237,0.8776990068160002
ENSMUSG00000022236,1.0
ENSMUSG00000115710,1.0
ENSMUSG00000039100,0.5289441660910356
ENSMUSG00000115383,1.0
ENSMUSG00000022235,0.9004204642616501
ENSMUSG00000022234,0.6471106251861533
ENSMUSG00000039065,0.7901528888770072
ENSMUSG00000045267,
ENSMUSG00000107924,
ENSMUSG00000096956,0.8274369861972867
ENSMUSG00000022231,0.6131015751712814
ENSMUSG00000115063,1.0
ENSMUSG00000115749,1.0
ENSMUSG00000115317,0.7590674031929444
ENSMUSG00000022261,0.5324549603996469
ENSMUSG00000115140,1.0
ENSMUSG00000039007,0.5287940541423706
ENSMUSG00000115779,1.0
ENSMUSG00000038984,0.8403917880083951
ENSMUSG00000115428,1.0
ENSMUSG00000022255,0.40915082384399226
ENSMUSG00000022257,0.6162840191608695
ENSMUSG00000022324,0.8831142552882797
ENSMUSG00000094447,1.0
ENSMUSG00000058600,0.27124303121843507
ENSMUSG00000044726,1.0
ENSMUSG00000022323,0.6554936681760433
ENSMUSG00000022325,0.8814326598301511
ENSMUSG00000038879,0.7706365463552564
ENSMUSG00000115526,1.0
ENSMUSG00000050963,0.9970790893281422
ENSMUSG00000022329,0.5435993853582418
ENSMUSG00000115345,1.0
ENSMUSG00000022330,1.0
ENSMUSG00000115453,1.0
ENSMUSG00000115829,0.93343715860193
ENSMUSG00000037646,0.4860338854030936
ENSMUSG00000014313,0.37456523002415715
ENSMUSG00000037627,1.0
ENSMUSG00000048230,1.0
ENSMUSG00000045996,0.622605322120082
ENSMUSG00000037617,0.7883940799841265
ENSMUSG00000115811,1.0
ENSMUSG00000022280,0.6347474686197896
ENSMUSG00000115715,1.0
ENSMUSG00000115278,1.0
ENSMUSG00000114981,1.0
ENSMUSG00000115395,1.0
ENSMUSG00000048307,0.648586181046876
ENSMUSG00000013611,1.0
ENSMUSG00000022283,0.4699502462218358
ENSMUSG00000115037,1.0
ENSMUSG00000115127,0.9174509305290616
ENSMUSG00000115834,1.0
ENSMUSG00000115103,1.0
ENSMUSG00000022285,0.4166786611708552
ENSMUSG00000115750,1.0
ENSMUSG00000072618,1.0
ENSMUSG00000115430,1.0
ENSMUSG00000115333,0.9773225295220306
ENSMUSG00000062397,0.4661020624822708
ENSMUSG00000097259,1.0
ENSMUSG00000089804,1.0
ENSMUSG00000022286,1.0
ENSMUSG00000089949,1.0
ENSMUSG00000051359,0.5028358913001186
ENSMUSG00000101671,1.0
ENSMUSG00000086992,1.0
ENSMUSG00000022288,1.0
ENSMUSG00000086125,1.0
ENSMUSG00000086313,1.0
ENSMUSG00000115326,1.0
ENSMUSG00000022292,0.7048257838431833
ENSMUSG00000115249,0.944339682372047
ENSMUSG00000037487,0.49443197919724907
ENSMUSG00000115771,1.0
ENSMUSG00000115680,1.0
ENSMUSG00000061923,1.0
ENSMUSG00000115307,1.0
ENSMUSG00000037465,0.7434322493574255
ENSMUSG00000115456,1.0
ENSMUSG00000115405,1.0
ENSMUSG00000115009,1.0
ENSMUSG00000037458,0.5908268648218553
ENSMUSG00000115546,1.0
ENSMUSG00000102106,1.0
ENSMUSG00000115547,1.0
ENSMUSG00000022295,0.5878684588864717
ENSMUSG00000115620,1.0
ENSMUSG00000114994,1.0
ENSMUSG00000022296,0.5928796687988853
ENSMUSG00000097875,1.0
ENSMUSG00000022297,0.593684195625646
ENSMUSG00000115508,1.0
ENSMUSG00000054196,0.8174485992652345
ENSMUSG00000022299,0.7372085946950262
ENSMUSG00000022300,0.8066420468180565
ENSMUSG00000037386,0.466574491416112
ENSMUSG00000022303,1.0
ENSMUSG00000022304,1.0
ENSMUSG00000087695,1.0
ENSMUSG00000022305,0.7259873450929294
ENSMUSG00000115230,1.0
ENSMUSG00000115142,1.0
ENSMUSG00000094112,1.0
ENSMUSG00000115367,1.0
ENSMUSG00000115820,1.0
ENSMUSG00000056332,1.0
ENSMUSG00000022306,0.4864700495458729
ENSMUSG00000022307,0.40888133942288385
ENSMUSG00000097232,1.0
ENSMUSG00000042895,1.0
ENSMUSG00000115986,1.0
ENSMUSG00000115988,1.0
ENSMUSG00000116245,1.0
ENSMUSG00000022309,0.6737383087563408
ENSMUSG00000097805,1.0
ENSMUSG00000051920,0.9998920869074169
ENSMUSG00000022336,0.5994686245521286
ENSMUSG00000115635,1.0
ENSMUSG00000072592,0.9081595455471618
ENSMUSG00000022337,0.6538646078218248
ENSMUSG00000054409,1.0
ENSMUSG00000038760,1.0
ENSMUSG00000038736,0.8200674077271132
ENSMUSG00000022338,0.6228075650009695
ENSMUSG00000038725,1.0
ENSMUSG00000022339,0.7541645715242618
ENSMUSG00000022340,0.5483058433644766
ENSMUSG00000022342,0.9891770039659051
ENSMUSG00000099751,1.0
ENSMUSG00000115177,1.0
ENSMUSG00000051198,1.0
ENSMUSG00000022311,0.3281779051343652
ENSMUSG00000115775,1.0
ENSMUSG00000115478,1.0
ENSMUSG00000038679,0.3932675863978998
ENSMUSG00000115339,1.0
ENSMUSG00000115654,1.0
ENSMUSG00000115563,1.0
ENSMUSG00000022312,0.5289792760574763
ENSMUSG00000022313,0.8963316373861573
ENSMUSG00000115284,1.0
ENSMUSG00000115616,1.0
ENSMUSG00000022314,0.5648692669172892
ENSMUSG00000068522,1.0
ENSMUSG00000022315,1.0
ENSMUSG00000115241,1.0
ENSMUSG00000038622,0.7484225820007173
ENSMUSG00000115137,1.0
ENSMUSG00000061731,0.502806102414441
ENSMUSG00000058656,0.5040357337835588
ENSMUSG00000115761,1.0
ENSMUSG00000072584,1.0
ENSMUSG00000063727,1.0
ENSMUSG00000038591,1.0
ENSMUSG00000024479,0.8993850137737673
ENSMUSG00000037362,0.9968009575283447
ENSMUSG00000022425,0.3639518323201021
ENSMUSG00000097286,1.0
ENSMUSG00000115245,1.0
ENSMUSG00000037343,0.7122107649705146
ENSMUSG00000022422,1.0
ENSMUSG00000115657,1.0
ENSMUSG00000053749,1.0
ENSMUSG00000022419,0.7736958555141408
ENSMUSG00000022371,1.0
ENSMUSG00000101568,1.0
ENSMUSG00000115414,1.0
ENSMUSG00000022370,0.7274572654386634
ENSMUSG00000022369,0.9240906226413433
ENSMUSG00000060429,0.6055128772832807
ENSMUSG00000115200,1.0
ENSMUSG00000115361,1.0
ENSMUSG00000115678,1.0
ENSMUSG00000022367,1.0
ENSMUSG00000086541,0.9783495177643227
ENSMUSG00000115172,1.0
ENSMUSG00000022366,1.0
ENSMUSG00000071757,0.5738097845680713
ENSMUSG00000090002,1.0
ENSMUSG00000047807,1.0
ENSMUSG00000022365,0.5878670429825973
ENSMUSG00000022364,0.7833786946561297
ENSMUSG00000051225,1.0
ENSMUSG00000101892,0.809881530125321
ENSMUSG00000022362,0.901040310532522
ENSMUSG00000022361,0.6663055649016772
ENSMUSG00000022360,0.8420324622848286
ENSMUSG00000022359,0.7814262952428225
ENSMUSG00000022358,0.6650731286957761
ENSMUSG00000086801,1.0
ENSMUSG00000022357,1.0
ENSMUSG00000055114,1.0
ENSMUSG00000115576,1.0
ENSMUSG00000037119,0.6077129758470071
ENSMUSG00000037106,1.0
ENSMUSG00000093677,0.997369207388657
ENSMUSG00000062373,0.6232122747012128
ENSMUSG00000037085,0.9554005162290278
ENSMUSG00000037075,0.7168948889854215
ENSMUSG00000050891,0.7503100392668846
ENSMUSG00000022354,0.4621858174393785
ENSMUSG00000022353,0.5190359964079087
ENSMUSG00000115062,1.0
ENSMUSG00000115118,1.0
ENSMUSG00000022351,0.7482434364323862
ENSMUSG00000022350,0.7390126103453784
ENSMUSG00000059586,0.5460426695150267
ENSMUSG00000115896,1.0
ENSMUSG00000032501,0.6976883004428783
ENSMUSG00000115426,1.0
ENSMUSG00000071749,1.0
ENSMUSG00000115681,1.0
ENSMUSG00000115504,1.0
ENSMUSG00000072568,0.9993220602191529
ENSMUSG00000097493,1.0
ENSMUSG00000022347,1.0
ENSMUSG00000115231,1.0
ENSMUSG00000116498,1.0
ENSMUSG00000116000,1.0
ENSMUSG00000116299,1.0
ENSMUSG00000116109,
ENSMUSG00000116031,1.0
ENSMUSG00000022346,1.0
ENSMUSG00000097039,0.6231882961656539
ENSMUSG00000115862,1.0
ENSMUSG00000115164,1.0
ENSMUSG00000115520,1.0
ENSMUSG00000115369,1.0
ENSMUSG00000115676,1.0
ENSMUSG00000115711,
ENSMUSG00000115464,1.0
ENSMUSG00000079025,1.0
ENSMUSG00000056293,1.0
ENSMUSG00000055827,1.0
ENSMUSG00000055748,1.0
ENSMUSG00000022378,0.4437423252319171
ENSMUSG00000022377,0.4195203742690603
ENSMUSG00000093695,1.0
ENSMUSG00000115752,1.0
ENSMUSG00000115169,1.0
ENSMUSG00000115328,1.0
ENSMUSG00000022376,0.5671926006209753
ENSMUSG00000094296,0.8598639544928546
ENSMUSG00000079024,1.0
ENSMUSG00000015002,0.5734845061045344
ENSMUSG00000092495,1.0
ENSMUSG00000015001,1.0
ENSMUSG00000072511,1.0
ENSMUSG00000056258,0.43134975418781907
ENSMUSG00000099013,0.9931310983428214
ENSMUSG00000099054,1.0
ENSMUSG00000115784,1.0
ENSMUSG00000022375,1.0
ENSMUSG00000036944,1.0
ENSMUSG00000072501,0.4806324453742225
ENSMUSG00000053469,1.0
ENSMUSG00000090464,1.0
ENSMUSG00000022372,0.7358500737114735
ENSMUSG00000005124,0.9983951127982871
ENSMUSG00000005125,0.3612962316984389
ENSMUSG00000091479,1.0
ENSMUSG00000091412,1.0
ENSMUSG00000116289,1.0
ENSMUSG00000013846,0.7154083526768125
ENSMUSG00000102069,1.0
ENSMUSG00000022335,0.7804287977787417
ENSMUSG00000096967,0.8633131531078272
ENSMUSG00000093387,0.7024287271494387
ENSMUSG00000116294,1.0
ENSMUSG00000069996,1.0
ENSMUSG00000022332,0.6141581614254907
ENSMUSG00000116092,1.0
ENSMUSG00000116167,1.0
ENSMUSG00000116483,1.0
ENSMUSG00000036800,0.6127594305123997
ENSMUSG00000079022,1.0
ENSMUSG00000090237,1.0
ENSMUSG00000116068,1.0
ENSMUSG00000036760,0.8247571668517615
ENSMUSG00000116088,1.0
ENSMUSG00000047921,0.5477482325508201
ENSMUSG00000106847,0.6347467727855183
ENSMUSG00000068391,0.6870183170457054
ENSMUSG00000036698,0.5819916554976672
ENSMUSG00000022607,0.4240757242452422
ENSMUSG00000115693,0.9160344120423989
ENSMUSG00000115810,0.9150054487833018
ENSMUSG00000036661,0.7304503566794524
ENSMUSG00000079020,0.7895394283445692
ENSMUSG00000099958,1.0
ENSMUSG00000045281,1.0
ENSMUSG00000059895,0.637963573225877
ENSMUSG00000072487,1.0
ENSMUSG00000086361,1.0
ENSMUSG00000116256,1.0
ENSMUSG00000034730,0.5934693378955981
ENSMUSG00000022603,1.0
ENSMUSG00000022602,0.8264526826690304
ENSMUSG00000046380,0.9891702418388953
ENSMUSG00000044276,1.0
ENSMUSG00000022598,1.0
ENSMUSG00000056665,0.8723470999352998
ENSMUSG00000022596,1.0
ENSMUSG00000022595,1.0
ENSMUSG00000075605,1.0
ENSMUSG00000022594,0.7259948302510083
ENSMUSG00000034634,1.0
ENSMUSG00000101026,1.0
ENSMUSG00000091709,1.0
ENSMUSG00000044678,1.0
ENSMUSG00000068349,1.0
ENSMUSG00000068600,1.0
ENSMUSG00000075604,1.0
ENSMUSG00000022589,1.0
ENSMUSG00000063522,1.0
ENSMUSG00000116380,1.0
ENSMUSG00000022587,0.38676964637817024
ENSMUSG00000022586,1.0
ENSMUSG00000075602,0.46269331463337854
ENSMUSG00000100287,1.0
ENSMUSG00000079018,0.3670416585308923
ENSMUSG00000099452,1.0
ENSMUSG00000022584,1.0
ENSMUSG00000022582,1.0
ENSMUSG00000047728,1.0
ENSMUSG00000022583,1.0
ENSMUSG00000093626,1.0
ENSMUSG00000022577,0.7140258395180966
ENSMUSG00000022579,1.0
ENSMUSG00000047003,0.8862264916379217
ENSMUSG00000115969,1.0
ENSMUSG00000000934,0.9820099727254693
ENSMUSG00000085523,1.0
ENSMUSG00000022580,1.0
ENSMUSG00000047591,1.0
ENSMUSG00000075600,0.7788785830593684
ENSMUSG00000022575,1.0
ENSMUSG00000098678,1.0
ENSMUSG00000022574,0.9439534910034592
ENSMUSG00000055762,0.5306177271012215
ENSMUSG00000103906,1.0
ENSMUSG00000022571,0.878716110597206
ENSMUSG00000022570,0.8185468729023727
ENSMUSG00000050846,0.940457989294192
ENSMUSG00000034429,0.9040918526209814
ENSMUSG00000098176,0.9863042965040263
ENSMUSG00000063704,1.0
ENSMUSG00000046761,1.0
ENSMUSG00000102018,1.0
ENSMUSG00000022568,0.7517847315479621
ENSMUSG00000002524,0.6323693601133059
ENSMUSG00000115332,1.0
ENSMUSG00000075590,0.5829076389949336
ENSMUSG00000116288,1.0
ENSMUSG00000115388,1.0
ENSMUSG00000044361,1.0
ENSMUSG00000022565,0.6461306822811189
ENSMUSG00000063268,0.9996396716561795
ENSMUSG00000022564,0.4832029511618126
ENSMUSG00000115946,1.0
ENSMUSG00000049653,1.0
ENSMUSG00000071724,1.0
ENSMUSG00000022562,0.7966045961125839
ENSMUSG00000034259,0.7918737986646323
ENSMUSG00000022561,0.8006182958279804
ENSMUSG00000022551,0.5838469037799732
ENSMUSG00000022552,0.7765477783431971
ENSMUSG00000022553,0.6660737401809821
ENSMUSG00000109179,1.0
ENSMUSG00000022554,0.9661764278008721
ENSMUSG00000060794,1.0
ENSMUSG00000022558,0.7099422823906931
ENSMUSG00000022557,0.8443407555900989
ENSMUSG00000034161,0.9996186790800069
ENSMUSG00000022556,0.7261513700177359
ENSMUSG00000022555,0.7690505948301821
ENSMUSG00000048385,0.7908909783928091
ENSMUSG00000116376,1.0
ENSMUSG00000022559,0.8356608538842322
ENSMUSG00000022560,0.9207911011749065
ENSMUSG00000022550,0.8915918196928482
ENSMUSG00000034022,0.8376019819651511
ENSMUSG00000063354,1.0
ENSMUSG00000115987,0.6860053772730496
ENSMUSG00000059323,1.0
ENSMUSG00000053929,0.561720528062103
ENSMUSG00000004187,0.7534110555399972
ENSMUSG00000033837,1.0
ENSMUSG00000033819,0.7844806520783604
ENSMUSG00000022546,0.844107856595051
ENSMUSG00000019080,1.0
ENSMUSG00000033762,1.0
ENSMUSG00000033728,0.8185467384206822
ENSMUSG00000033707,0.9519338769982193
ENSMUSG00000116138,0.9030782478915791
ENSMUSG00000033697,0.5244521407460968
ENSMUSG00000022526,0.7519166721134526
ENSMUSG00000033669,0.9895409480654033
ENSMUSG00000116024,1.0
ENSMUSG00000055041,1.0
ENSMUSG00000003970,0.30767746115203054
ENSMUSG00000054967,0.972055983517662
ENSMUSG00000063236,0.6846399354218992
ENSMUSG00000116339,1.0
ENSMUSG00000116272,1.0
ENSMUSG00000018893,1.0
ENSMUSG00000033576,1.0
ENSMUSG00000033565,0.5127830277630455
ENSMUSG00000097267,1.0
ENSMUSG00000010601,1.0
ENSMUSG00000093458,
ENSMUSG00000057346,1.0
ENSMUSG00000068252,1.0
ENSMUSG00000086467,1.0
ENSMUSG00000050982,1.0
ENSMUSG00000091650,1.0
ENSMUSG00000044309,1.0
ENSMUSG00000101113,1.0
ENSMUSG00000050014,1.0
ENSMUSG00000116079,1.0
ENSMUSG00000091694,1.0
ENSMUSG00000071716,1.0
ENSMUSG00000116162,1.0
ENSMUSG00000068246,1.0
ENSMUSG00000056656,1.0
ENSMUSG00000022443,0.4497741649889962
ENSMUSG00000005354,0.587288860353361
ENSMUSG00000016552,0.8630905316198356
ENSMUSG00000016554,0.7374002497311349
ENSMUSG00000097057,1.0
ENSMUSG00000019146,0.665921470006775
ENSMUSG00000092375,0.983139005553785
ENSMUSG00000016637,0.740327299540009
ENSMUSG00000116697,1.0
ENSMUSG00000005716,0.7553114304534708
ENSMUSG00000071715,1.0
ENSMUSG00000071714,1.0
ENSMUSG00000071713,0.9066257529403536
ENSMUSG00000062154,1.0
ENSMUSG00000116445,1.0
ENSMUSG00000044986,0.687241938841593
ENSMUSG00000071711,0.7451159939853265
ENSMUSG00000115854,1.0
ENSMUSG00000033287,0.6602302504805001
ENSMUSG00000016942,1.0
ENSMUSG00000068227,1.0
ENSMUSG00000022440,0.9963761370839506
ENSMUSG00000116307,1.0
ENSMUSG00000044933,1.0
ENSMUSG00000033220,0.8838761288299938
ENSMUSG00000116097,1.0
ENSMUSG00000018008,0.5915024992594891
ENSMUSG00000043460,0.8184702234558242
ENSMUSG00000116260,1.0
ENSMUSG00000018169,0.7955030490297442
ENSMUSG00000033170,0.9029507801128667
ENSMUSG00000049521,0.6282178813024205
ENSMUSG00000043501,1.0
ENSMUSG00000097085,1.0
ENSMUSG00000033128,0.6921831267955156
ENSMUSG00000022436,0.8226208450153859
ENSMUSG00000084864,1.0
ENSMUSG00000116165,0.7089815462220447
ENSMUSG00000068220,0.8627895792339698
ENSMUSG00000033099,0.7817951937349484
ENSMUSG00000033088,0.7393440319747425
ENSMUSG00000116505,1.0
ENSMUSG00000115867,0.998558004525374
ENSMUSG00000116262,1.0
ENSMUSG00000096210,0.6129490122167155
ENSMUSG00000006378,0.956325953258985
ENSMUSG00000114755,1.0
ENSMUSG00000116287,1.0
ENSMUSG00000033055,0.8041034647883912
ENSMUSG00000033047,0.7434610112266948
ENSMUSG00000033039,0.609152492871168
ENSMUSG00000033029,0.9061782018805503
ENSMUSG00000033020,0.6210460122552044
ENSMUSG00000033006,0.49799435590086016
ENSMUSG00000075555,0.7933208680800179
ENSMUSG00000068206,0.7688372835793312
ENSMUSG00000032988,1.0
ENSMUSG00000018126,1.0
ENSMUSG00000042632,0.8349873532045142
ENSMUSG00000092494,1.0
ENSMUSG00000042622,0.985708156698009
ENSMUSG00000009035,0.5603730063300323
ENSMUSG00000022433,0.5167608865090311
ENSMUSG00000085802,1.0
ENSMUSG00000044216,0.934654992449878
ENSMUSG00000010830,1.0
ENSMUSG00000055065,0.4653001410172239
ENSMUSG00000022429,1.0
ENSMUSG00000042564,0.8240974767512604
ENSMUSG00000022428,0.71021111307033
ENSMUSG00000022427,0.5659960923525446
ENSMUSG00000022426,0.746912658057355
ENSMUSG00000042535,0.7335574383034815
ENSMUSG00000042524,0.6692407965087569
ENSMUSG00000089796,1.0
ENSMUSG00000087543,0.9583065716291856
ENSMUSG00000022420,0.7635586542083984
ENSMUSG00000022421,0.690043541017297
ENSMUSG00000089715,0.5345360749673268
ENSMUSG00000115971,1.0
ENSMUSG00000115902,1.0
ENSMUSG00000009585,0.7021984796595145
ENSMUSG00000053411,0.7154235457492591
ENSMUSG00000000489,0.5092327227331701
ENSMUSG00000116125,0.979352406643603
ENSMUSG00000060036,0.318818063992499
ENSMUSG00000022415,0.5784383587363191
ENSMUSG00000022414,0.7197392709166701
ENSMUSG00000042428,0.6270241715127692
ENSMUSG00000022412,0.726878646973125
ENSMUSG00000115798,
ENSMUSG00000042406,0.5574938865978496
ENSMUSG00000051518,0.7501255122616288
ENSMUSG00000022416,0.8402675995378434
ENSMUSG00000115888,1.0
ENSMUSG00000050439,1.0
ENSMUSG00000042351,1.0
ENSMUSG00000022408,1.0
ENSMUSG00000116220,1.0
ENSMUSG00000047888,0.38639597550183463
ENSMUSG00000116480,1.0
ENSMUSG00000022407,0.7877072934615408
ENSMUSG00000042303,0.790412544082975
ENSMUSG00000115976,1.0
ENSMUSG00000042292,0.612897878935923
ENSMUSG00000047938,1.0
ENSMUSG00000050164,1.0
ENSMUSG00000115970,1.0
ENSMUSG00000022404,0.6990218609177461
ENSMUSG00000022403,0.470316195476083
ENSMUSG00000022401,0.7176280561511992
ENSMUSG00000047108,1.0
ENSMUSG00000091492,1.0
ENSMUSG00000022400,0.4642757745229045
ENSMUSG00000055024,0.5292841738923074
ENSMUSG00000022394,0.8143351814381388
ENSMUSG00000063765,0.8175590033544233
ENSMUSG00000022391,0.6641237282364301
ENSMUSG00000022390,0.6121908704273173
ENSMUSG00000097613,1.0
ENSMUSG00000022389,0.5323461829313596
ENSMUSG00000048546,0.56653845914654
ENSMUSG00000116075,1.0
ENSMUSG00000061360,0.6196980839044468
ENSMUSG00000022477,0.5127830517426203
ENSMUSG00000022476,0.6658398700494721
ENSMUSG00000042109,0.6473155839796716
ENSMUSG00000022474,0.5827280201845564
ENSMUSG00000061633,1.0
ENSMUSG00000022471,0.7644630136014473
ENSMUSG00000022472,0.4578820627204804
ENSMUSG00000063480,0.5664512468300936
ENSMUSG00000075524,1.0
ENSMUSG00000068117,1.0
ENSMUSG00000068114,0.8283532011445656
ENSMUSG00000022463,0.5329268736557171
ENSMUSG00000096883,0.8618007526388436
ENSMUSG00000068105,1.0
ENSMUSG00000116009,1.0
ENSMUSG00000068101,1.0
ENSMUSG00000068099,0.7502624704894092
ENSMUSG00000022456,0.6053059559194669
ENSMUSG00000022455,1.0
ENSMUSG00000022453,0.79162980028647
ENSMUSG00000049687,1.0
ENSMUSG00000022452,0.44040760333507534
ENSMUSG00000022450,0.5364788086882336
ENSMUSG00000061740,0.60227931833885
ENSMUSG00000068085,1.0
ENSMUSG00000094806,1.0
ENSMUSG00000068086,1.0
ENSMUSG00000096852,
ENSMUSG00000094559,1.0
ENSMUSG00000116130,1.0
ENSMUSG00000068083,1.0
ENSMUSG00000022445,1.0
ENSMUSG00000041852,0.5580582419504981
ENSMUSG00000100199,1.0
ENSMUSG00000100552,1.0
ENSMUSG00000058099,0.7181987616513128
ENSMUSG00000058586,0.8969501246321958
ENSMUSG00000090964,1.0
ENSMUSG00000018040,0.7482091684833959
ENSMUSG00000041815,0.6311839850401499
ENSMUSG00000018042,0.6375492144259731
ENSMUSG00000116508,1.0
ENSMUSG00000116338,1.0
ENSMUSG00000047878,0.7943152634992325
ENSMUSG00000054277,0.7350082816880228
ENSMUSG00000075511,1.0
ENSMUSG00000016664,0.607317783782626
ENSMUSG00000022442,0.9186936466412177
ENSMUSG00000016758,1.0
ENSMUSG00000048755,0.9193378708352257
ENSMUSG00000041736,0.8232182066291029
ENSMUSG00000016757,0.8791599929808429
ENSMUSG00000016763,0.9179890647037642
ENSMUSG00000041708,0.7966059709344702
ENSMUSG00000022441,1.0
ENSMUSG00000018865,0.6965251316026881
ENSMUSG00000116072,1.0
ENSMUSG00000018868,1.0
ENSMUSG00000115925,1.0
ENSMUSG00000041653,0.9412416696905879
ENSMUSG00000022437,0.7172822798222924
ENSMUSG00000022438,0.5740189936531215
ENSMUSG00000022439,0.8833886541803289
ENSMUSG00000062760,0.7935201805845609
ENSMUSG00000055745,0.8633308301834344
ENSMUSG00000116409,1.0
ENSMUSG00000036106,0.7724290553098272
ENSMUSG00000116396,1.0
ENSMUSG00000078954,1.0
ENSMUSG00000016624,0.7753072067144675
ENSMUSG00000116491,1.0
ENSMUSG00000100967,0.9999978459499965
ENSMUSG00000016619,0.729525183173655
ENSMUSG00000036046,0.4383234002089279
ENSMUSG00000022435,1.0
ENSMUSG00000022434,0.7942087267411073
ENSMUSG00000022432,1.0
ENSMUSG00000022431,1.0
ENSMUSG00000115924,1.0
ENSMUSG00000006369,0.9082010843554743
ENSMUSG00000016541,0.5637339196267305
ENSMUSG00000096607,1.0
ENSMUSG00000022382,0.7345248320532909
ENSMUSG00000097209,1.0
ENSMUSG00000116004,0.923335604510527
ENSMUSG00000116305,0.569932441117181
ENSMUSG00000022383,0.6898616144581318
ENSMUSG00000064284,0.8309650091756106
ENSMUSG00000052496,1.0
ENSMUSG00000035944,0.8349329381497012
ENSMUSG00000022385,1.0
ENSMUSG00000116435,1.0
ENSMUSG00000022386,0.8120330758291007
ENSMUSG00000016028,0.9300759244731405
ENSMUSG00000035900,0.6697588298470848
ENSMUSG00000089680,1.0
ENSMUSG00000035891,0.5020466726731914
ENSMUSG00000086424,1.0
ENSMUSG00000051864,0.5904510981381949
ENSMUSG00000115918,0.9933747018497964
ENSMUSG00000116040,1.0
ENSMUSG00000116171,1.0
ENSMUSG00000115957,1.0
ENSMUSG00000116296,1.0
ENSMUSG00000116353,1.0
ENSMUSG00000116229,1.0
ENSMUSG00000115930,1.0
ENSMUSG00000054863,0.5345368173120613
ENSMUSG00000116061,1.0
ENSMUSG00000116350,1.0
ENSMUSG00000115880,1.0
ENSMUSG00000116331,1.0
ENSMUSG00000054117,1.0
ENSMUSG00000022387,0.5427859685657342
ENSMUSG00000034333,0.8104047167548368
ENSMUSG00000035845,0.8633577599730425
ENSMUSG00000023272,0.840178523259257
ENSMUSG00000035828,0.5469476302787062
ENSMUSG00000093394,1.0
ENSMUSG00000022388,0.7457248339209155
ENSMUSG00000035805,0.5435120245106255
ENSMUSG00000015365,1.0
ENSMUSG00000058441,0.8419770049399229
ENSMUSG00000087331,0.9674302535269909
ENSMUSG00000015363,0.7297210203743589
ENSMUSG00000035757,0.7276049301883393
ENSMUSG00000051786,0.8273842379597256
ENSMUSG00000062906,0.9289030381413559
ENSMUSG00000022610,0.9001899124613293
ENSMUSG00000053137,0.9243229624421196
ENSMUSG00000036606,0.6114325615844916
ENSMUSG00000015377,0.8283532319978454
ENSMUSG00000036561,0.5821724211210914
ENSMUSG00000036529,0.6032074077385611
ENSMUSG00000054136,1.0
ENSMUSG00000022613,1.0
ENSMUSG00000022614,0.7970141000790086
ENSMUSG00000008690,0.715141875570141
ENSMUSG00000091780,0.9178930605582868
ENSMUSG00000047394,1.0
ENSMUSG00000091680,1.0
ENSMUSG00000078938,1.0
ENSMUSG00000078937,0.9872139817465693
ENSMUSG00000022617,0.7379226902010699
ENSMUSG00000079242,0.9065670737091492
ENSMUSG00000022619,0.7029142943593136
ENSMUSG00000022620,0.7753981102829739
ENSMUSG00000084915,0.829639370269731
ENSMUSG00000118456,1.0
ENSMUSG00000022623,0.6446714757390504
ENSMUSG00000086602,1.0
ENSMUSG00000022622,1.0
ENSMUSG00000022621,0.8219156555899325
ENSMUSG00000063260,0.907202835287142
ENSMUSG00000116231,1.0
ENSMUSG00000075470,0.7784300746681645
ENSMUSG00000116204,1.0
ENSMUSG00000052560,0.7073853712051174
ENSMUSG00000116428,1.0
ENSMUSG00000022629,0.47758200300476045
ENSMUSG00000055782,0.5855359067071729
ENSMUSG00000078932,1.0
ENSMUSG00000036298,0.5806289938863777
ENSMUSG00000086160,1.0
ENSMUSG00000036273,0.708215194915968
ENSMUSG00000047295,1.0
ENSMUSG00000044021,1.0
ENSMUSG00000055022,0.4307638794112071
ENSMUSG00000097068,0.962960916378738
ENSMUSG00000036218,0.7401943103444627
ENSMUSG00000115858,1.0
ENSMUSG00000116309,1.0
ENSMUSG00000109770,1.0
ENSMUSG00000116124,1.0
ENSMUSG00000036197,0.7018516519045104
ENSMUSG00000022634,0.5551420584995371
ENSMUSG00000022635,0.5408408576152806
ENSMUSG00000036167,0.718627345107864
ENSMUSG00000036158,0.4739435055549662
ENSMUSG00000116190,1.0
ENSMUSG00000116237,1.0
ENSMUSG00000116493,1.0
ENSMUSG00000116360,1.0
ENSMUSG00000115965,1.0
ENSMUSG00000022449,0.7201178370901876
ENSMUSG00000033356,1.0
ENSMUSG00000059883,0.8311871393876001
ENSMUSG00000022451,0.6182048196245882
ENSMUSG00000063296,0.6519099185238518
ENSMUSG00000022454,0.6142341766951399
ENSMUSG00000100603,1.0
ENSMUSG00000045608,0.6106161028281543
ENSMUSG00000115569,1.0
ENSMUSG00000115699,1.0
ENSMUSG00000097643,1.0
ENSMUSG00000064210,0.5512539435149535
ENSMUSG00000115522,1.0
ENSMUSG00000078648,1.0
ENSMUSG00000115049,1.0
ENSMUSG00000078925,1.0
ENSMUSG00000097536,0.613337997118138
ENSMUSG00000097619,1.0
ENSMUSG00000033237,0.5370394917609872
ENSMUSG00000033228,0.49144320106046674
ENSMUSG00000116253,1.0
ENSMUSG00000116160,1.0
ENSMUSG00000023169,0.587988676597902
ENSMUSG00000022462,0.3949256859943989
ENSMUSG00000022464,1.0
ENSMUSG00000116295,1.0
ENSMUSG00000048218,0.9645529909772962
ENSMUSG00000044250,0.6647032654715441
ENSMUSG00000022466,0.7766635274154838
ENSMUSG00000022468,1.0
ENSMUSG00000022469,0.5461958791330399
ENSMUSG00000086601,1.0
ENSMUSG00000087397,1.0
ENSMUSG00000081534,0.4706800898205776
ENSMUSG00000022475,0.6300014168318925
ENSMUSG00000022479,1.0
ENSMUSG00000052369,0.8315264039348574
ENSMUSG00000022483,1.0
ENSMUSG00000033075,0.634301878362172
ENSMUSG00000033065,0.614604851881307
ENSMUSG00000097150,1.0
ENSMUSG00000048175,0.6793082405267216
ENSMUSG00000029875,0.9734344842894258
ENSMUSG00000075427,1.0
ENSMUSG00000090129,0.949053305517577
ENSMUSG00000059460,1.0
ENSMUSG00000048077,1.0
ENSMUSG00000022987,0.7074612413474911
ENSMUSG00000062037,1.0
ENSMUSG00000051793,
ENSMUSG00000056184,1.0
ENSMUSG00000063780,1.0
ENSMUSG00000032987,1.0
ENSMUSG00000108728,1.0
ENSMUSG00000022991,1.0
ENSMUSG00000054036,1.0
ENSMUSG00000022992,0.6586221403140995
ENSMUSG00000011960,0.5878686468564095
ENSMUSG00000091050,0.93795804298228
ENSMUSG00000022993,1.0
ENSMUSG00000022994,0.7337103253699321
ENSMUSG00000100220,1.0
ENSMUSG00000003352,0.8235096367395618
ENSMUSG00000003360,0.6740205073678969
ENSMUSG00000054855,0.9569778461588281
ENSMUSG00000116482,1.0
ENSMUSG00000003354,1.0
ENSMUSG00000003355,1.0
ENSMUSG00000051853,0.5299289137211152
ENSMUSG00000022996,1.0
ENSMUSG00000022997,1.0
ENSMUSG00000059213,0.798596521924048
ENSMUSG00000097414,0.9999962653700747
ENSMUSG00000067713,0.6702652026834939
ENSMUSG00000048154,0.637239715850124
ENSMUSG00000116506,1.0
ENSMUSG00000023755,0.9541080404774556
ENSMUSG00000023000,1.0
ENSMUSG00000116033,1.0
ENSMUSG00000022999,0.795326487556469
ENSMUSG00000023004,0.5277572671175017
ENSMUSG00000116223,1.0
ENSMUSG00000072235,0.4348311324949586
ENSMUSG00000097587,0.8064211929623843
ENSMUSG00000043091,1.0
ENSMUSG00000023484,1.0
ENSMUSG00000116371,1.0
ENSMUSG00000032783,1.0
ENSMUSG00000001076,1.0
ENSMUSG00000038009,1.0
ENSMUSG00000051934,0.6961168136652465
ENSMUSG00000037579,0.9259771991137149
ENSMUSG00000037570,0.7434623758571703
ENSMUSG00000100599,0.9267833977005198
ENSMUSG00000078907,1.0
ENSMUSG00000023007,0.7051642073355958
ENSMUSG00000023008,0.5522152602475715
ENSMUSG00000023010,0.41865308034327875
ENSMUSG00000023009,0.6832379923808295
ENSMUSG00000089968,1.0
ENSMUSG00000116249,1.0
ENSMUSG00000037525,0.8542975246091269
ENSMUSG00000023011,0.5716547717678068
ENSMUSG00000023013,1.0
ENSMUSG00000044217,1.0
ENSMUSG00000043144,1.0
ENSMUSG00000023015,0.9797137964293706
ENSMUSG00000023017,0.7853732333125696
ENSMUSG00000023018,0.5933918023364589
ENSMUSG00000091604,1.0
ENSMUSG00000116250,1.0
ENSMUSG00000089671,1.0
ENSMUSG00000023019,0.6828198848495726
ENSMUSG00000023020,0.5393435982868655
ENSMUSG00000023021,0.5962420443713871
ENSMUSG00000090406,1.0
ENSMUSG00000023022,0.5745226346340684
ENSMUSG00000090500,1.0
ENSMUSG00000116518,1.0
ENSMUSG00000045350,1.0
ENSMUSG00000096111,1.0
ENSMUSG00000023025,0.6111411818403342
ENSMUSG00000100084,0.9969630068900142
ENSMUSG00000023026,0.38151488155351926
ENSMUSG00000116311,1.0
ENSMUSG00000116366,1.0
ENSMUSG00000023027,0.6905568277945184
ENSMUSG00000045631,1.0
ENSMUSG00000054619,0.6167582535710486
ENSMUSG00000058057,1.0
ENSMUSG00000056487,1.0
ENSMUSG00000093550,1.0
ENSMUSG00000023030,0.7566645213160871
ENSMUSG00000087444,1.0
ENSMUSG00000097827,0.8173700059732096
ENSMUSG00000037353,0.7466259811909652
ENSMUSG00000044636,0.8802761534808271
ENSMUSG00000009733,0.6774367755215488
ENSMUSG00000009739,0.6311904999154139
ENSMUSG00000098620,1.0
ENSMUSG00000116180,0.9939774624825591
ENSMUSG00000116164,1.0
ENSMUSG00000097093,1.0
ENSMUSG00000000346,0.4663949351298987
ENSMUSG00000053559,0.8032064766002879
ENSMUSG00000098112,0.6758630236310034
ENSMUSG00000023031,0.9973070541104073
ENSMUSG00000037280,0.6453541517290745
ENSMUSG00000090062,1.0
ENSMUSG00000116504,0.9987636735001241
ENSMUSG00000023032,0.7722455835633238
ENSMUSG00000115912,1.0
ENSMUSG00000023033,0.60398377927417
ENSMUSG00000113558,1.0
ENSMUSG00000095440,0.9686811064843935
ENSMUSG00000047034,1.0
ENSMUSG00000000530,0.5941863126456358
ENSMUSG00000087690,1.0
ENSMUSG00000000532,0.7592436470043497
ENSMUSG00000097915,1.0
ENSMUSG00000115944,1.0
ENSMUSG00000000531,0.7329926263322283
ENSMUSG00000023034,0.6169768238771234
ENSMUSG00000037204,0.819449379586164
ENSMUSG00000075408,1.0
ENSMUSG00000116114,1.0
ENSMUSG00000037185,1.0
ENSMUSG00000116116,1.0
ENSMUSG00000023039,1.0
ENSMUSG00000047641,1.0
ENSMUSG00000063971,1.0
ENSMUSG00000067615,1.0
ENSMUSG00000067614,1.0
ENSMUSG00000116011,
ENSMUSG00000067613,1.0
ENSMUSG00000116336,1.0
ENSMUSG00000044294,1.0
ENSMUSG00000049548,1.0
ENSMUSG00000048699,1.0
ENSMUSG00000022986,1.0
ENSMUSG00000064232,1.0
ENSMUSG00000095241,1.0
ENSMUSG00000023041,1.0
ENSMUSG00000058354,1.0
ENSMUSG00000116132,1.0
ENSMUSG00000061527,1.0
ENSMUSG00000051879,1.0
ENSMUSG00000056605,1.0
ENSMUSG00000063661,1.0
ENSMUSG00000064201,1.0
ENSMUSG00000046834,0.9999885260641534
ENSMUSG00000067594,1.0
ENSMUSG00000075402,1.0
ENSMUSG00000059668,1.0
ENSMUSG00000061397,1.0
ENSMUSG00000050463,1.0
ENSMUSG00000049382,1.0
ENSMUSG00000116010,1.0
ENSMUSG00000023043,1.0
ENSMUSG00000058655,0.6003000784030293
ENSMUSG00000037003,0.6641665083087733
ENSMUSG00000036966,0.7571038535978903
ENSMUSG00000023046,0.9615624872070223
ENSMUSG00000023045,1.0
ENSMUSG00000023044,0.6052046457205559
ENSMUSG00000046897,0.5885593475890594
ENSMUSG00000001281,1.0
ENSMUSG00000001288,0.8112569645919557
ENSMUSG00000097050,1.0
ENSMUSG00000045665,0.7979961902224871
ENSMUSG00000116091,1.0
ENSMUSG00000058290,1.0
ENSMUSG00000001289,0.40307176359126046
ENSMUSG00000001285,0.8488368101819519
ENSMUSG00000036678,0.9102772600974949
ENSMUSG00000116402,1.0
ENSMUSG00000060284,0.968628511025229
ENSMUSG00000001280,0.6238284478790281
ENSMUSG00000023047,1.0
ENSMUSG00000023048,0.7025553819531907
ENSMUSG00000056851,0.4275864752775161
ENSMUSG00000023050,0.7156683028371914
ENSMUSG00000071586,1.0
ENSMUSG00000023051,0.8401373207978798
ENSMUSG00000023052,0.9659799204736236
ENSMUSG00000099083,0.4941671610812849
ENSMUSG00000116056,1.0
ENSMUSG00000062683,0.4521575848443783
ENSMUSG00000023055,0.6992707642446928
ENSMUSG00000116500,1.0
ENSMUSG00000001655,1.0
ENSMUSG00000050328,
ENSMUSG00000086903,
ENSMUSG00000001656,
ENSMUSG00000022484,1.0
ENSMUSG00000022485,1.0
ENSMUSG00000036139,
ENSMUSG00000001657,1.0
ENSMUSG00000001661,1.0
ENSMUSG00000075394,1.0
ENSMUSG00000101356,1.0
ENSMUSG00000099758,1.0
ENSMUSG00000101588,1.0
ENSMUSG00000097003,1.0
ENSMUSG00000116066,1.0
ENSMUSG00000036061,0.844727598044892
ENSMUSG00000009575,0.5013784709699041
ENSMUSG00000046434,0.5469680595800733
ENSMUSG00000058794,1.0
ENSMUSG00000060992,0.6505952031435055
ENSMUSG00000116308,1.0
ENSMUSG00000063234,0.9101106359517002
ENSMUSG00000000552,0.6986479114132557
ENSMUSG00000000555,0.9357847396286192
ENSMUSG00000022487,1.0
ENSMUSG00000053508,1.0
ENSMUSG00000022488,0.599026280495112
ENSMUSG00000022489,0.7864795049741596
ENSMUSG00000022490,0.7833465160769308
ENSMUSG00000022491,1.0
ENSMUSG00000115329,1.0
ENSMUSG00000060311,1.0
ENSMUSG00000036925,1.0
ENSMUSG00000116384,
ENSMUSG00000116389,1.0
ENSMUSG00000115871,1.0
ENSMUSG00000116455,1.0
ENSMUSG00000051003,1.0
ENSMUSG00000022534,1.0
ENSMUSG00000022529,0.762283753288419
ENSMUSG00000115961,1.0
ENSMUSG00000059043,1.0
ENSMUSG00000054939,0.9550906248325782
ENSMUSG00000039789,0.8237806423112838
ENSMUSG00000005982,0.6692412110896838
ENSMUSG00000005983,0.9235269455412267
ENSMUSG00000014232,0.7077275123211195
ENSMUSG00000085048,1.0
ENSMUSG00000049871,0.9889884669192401
ENSMUSG00000039738,0.8788901433017244
ENSMUSG00000084790,0.9807071190028491
ENSMUSG00000005980,1.0
ENSMUSG00000005981,0.7779565608613046
ENSMUSG00000022521,0.42908023715885163
ENSMUSG00000005580,0.5830110957918139
ENSMUSG00000022519,0.9376162782727026
ENSMUSG00000005718,0.9570998290239701
ENSMUSG00000014303,0.7931314113230615
ENSMUSG00000014301,0.6699769906296765
ENSMUSG00000039637,0.7211664834622327
ENSMUSG00000039646,0.8856029035337138
ENSMUSG00000004069,0.7045941434089231
ENSMUSG00000063445,0.8386211236156391
ENSMUSG00000004070,0.634754337173336
ENSMUSG00000086944,1.0
ENSMUSG00000004071,0.5226133820533575
ENSMUSG00000086464,1.0
ENSMUSG00000022518,1.0
ENSMUSG00000039568,0.7190891162312655
ENSMUSG00000022517,0.5720135897063527
ENSMUSG00000097397,1.0
ENSMUSG00000022516,0.7370763537678182
ENSMUSG00000022515,0.6847219407152121
ENSMUSG00000022542,1.0
ENSMUSG00000096215,1.0
ENSMUSG00000106967,0.9238987422588043
ENSMUSG00000022540,0.7227327020607082
ENSMUSG00000022536,0.5688394072360783
ENSMUSG00000039473,0.5486469423319453
ENSMUSG00000039457,1.0
ENSMUSG00000091712,0.5935080475760468
ENSMUSG00000023143,0.7816768222328935
ENSMUSG00000051669,0.999455526061212
ENSMUSG00000039427,0.806421044922091
ENSMUSG00000022544,0.852338291142898
ENSMUSG00000087168,1.0
ENSMUSG00000116029,1.0
ENSMUSG00000008658,0.33653863635281617
ENSMUSG00000101481,1.0
ENSMUSG00000116450,1.0
ENSMUSG00000022715,1.0
ENSMUSG00000039345,0.9006669777619136
ENSMUSG00000057880,0.5185507023163187
ENSMUSG00000043140,0.8085743763756312
ENSMUSG00000022711,0.701960807670291
ENSMUSG00000008393,0.5781284155140445
ENSMUSG00000107252,1.0
ENSMUSG00000022710,0.6079272816902158
ENSMUSG00000022507,0.5982415198941798
ENSMUSG00000116525,1.0
ENSMUSG00000116426,1.0
ENSMUSG00000116469,1.0
ENSMUSG00000116123,1.0
ENSMUSG00000059003,0.5401079430189445
ENSMUSG00000039209,1.0
ENSMUSG00000115943,1.0
ENSMUSG00000039200,1.0
ENSMUSG00000022505,0.684842713508183
ENSMUSG00000116270,1.0
ENSMUSG00000039179,1.0
ENSMUSG00000022503,0.8841408768478574
ENSMUSG00000050908,0.8586453422039766
ENSMUSG00000022504,1.0
ENSMUSG00000038055,0.6580780049996466
ENSMUSG00000068663,0.6348477638623912
ENSMUSG00000087384,1.0
ENSMUSG00000038037,1.0
ENSMUSG00000043050,1.0
ENSMUSG00000050058,1.0
ENSMUSG00000038015,1.0
ENSMUSG00000022501,1.0
ENSMUSG00000116038,1.0
ENSMUSG00000079740,1.0
ENSMUSG00000096921,1.0
ENSMUSG00000037991,1.0
ENSMUSG00000095369,1.0
ENSMUSG00000022500,0.5023238953025067
ENSMUSG00000115992,1.0
ENSMUSG00000037972,0.6649124980362282
ENSMUSG00000022498,0.6251194139936131
ENSMUSG00000037965,0.5756593199423442
ENSMUSG00000096959,1.0
ENSMUSG00000005846,0.6887367272922388
ENSMUSG00000097537,0.706104682885243
ENSMUSG00000062203,0.5767392791499727
ENSMUSG00000022496,1.0
ENSMUSG00000071669,0.4670959435907189
ENSMUSG00000085732,1.0
ENSMUSG00000115936,1.0
ENSMUSG00000065979,0.6612904190588526
ENSMUSG00000055015,1.0
ENSMUSG00000022494,0.5945335449193322
ENSMUSG00000116520,1.0
ENSMUSG00000116197,1.0
ENSMUSG00000115968,
ENSMUSG00000101565,1.0
ENSMUSG00000022545,0.7765253505223522
ENSMUSG00000009569,0.4925812422362205
ENSMUSG00000087526,0.762213263574173
ENSMUSG00000109857,1.0
ENSMUSG00000099411,1.0
ENSMUSG00000022685,0.7004259823294203
ENSMUSG00000022684,0.6195279321879557
ENSMUSG00000079737,1.0
ENSMUSG00000022683,1.0
ENSMUSG00000086550,1.0
ENSMUSG00000115907,1.0
ENSMUSG00000022682,0.6881592385910462
ENSMUSG00000022681,0.5800585993053515
ENSMUSG00000022680,0.5672689629184646
ENSMUSG00000022679,0.6856950369993007
ENSMUSG00000065968,0.9996436525841519
ENSMUSG00000044117,0.6830481085953453
ENSMUSG00000060657,0.515229881233079
ENSMUSG00000022678,0.6595161289992583
ENSMUSG00000018830,0.9602364493838791
ENSMUSG00000022677,0.6644250254144876
ENSMUSG00000085612,1.0
ENSMUSG00000023088,0.7449144072099739
ENSMUSG00000075395,1.0
ENSMUSG00000022676,1.0
ENSMUSG00000116324,1.0
ENSMUSG00000068617,0.9907150917214138
ENSMUSG00000094472,1.0
ENSMUSG00000022674,0.5675831682059082
ENSMUSG00000022673,0.9358326222566766
ENSMUSG00000022672,0.6217837701758533
ENSMUSG00000022671,0.8377283321743044
ENSMUSG00000071637,0.6375471442087478
ENSMUSG00000041974,0.6703054904711698
ENSMUSG00000041957,1.0
ENSMUSG00000022792,0.9233371625491399
ENSMUSG00000022789,0.5795901105430605
ENSMUSG00000115923,0.9362451115808264
ENSMUSG00000022788,0.5706416306524872
ENSMUSG00000048101,1.0
ENSMUSG00000116096,1.0
ENSMUSG00000022783,0.9946124753537143
ENSMUSG00000075370,1.0
ENSMUSG00000059305,1.0
ENSMUSG00000022779,0.7170870969922389
ENSMUSG00000026181,0.746443492877424
ENSMUSG00000116823,1.0
ENSMUSG00000063358,0.5145485057462261
ENSMUSG00000084792,1.0
ENSMUSG00000022773,0.9172207996516264
ENSMUSG00000022771,0.6620172837781034
ENSMUSG00000116645,1.0
ENSMUSG00000049916,1.0
ENSMUSG00000022769,0.7037444200598869
ENSMUSG00000022768,1.0
ENSMUSG00000041774,0.9915850664673844
ENSMUSG00000038965,0.5359626174389462
ENSMUSG00000071636,1.0
ENSMUSG00000050240,0.8832875811337682
ENSMUSG00000055692,0.7683984104824378
ENSMUSG00000041720,0.5407722028469512
ENSMUSG00000022766,0.9957771379319429
ENSMUSG00000022765,0.7718012956732387
ENSMUSG00000006134,0.6372515829968237
ENSMUSG00000022763,0.6260492920041979
ENSMUSG00000022761,0.7064800971692513
ENSMUSG00000022760,0.8003431863126793
ENSMUSG00000116898,1.0
ENSMUSG00000022759,1.0
ENSMUSG00000022758,1.0
ENSMUSG00000022756,0.9870860934529261
ENSMUSG00000005899,0.8126234773733266
ENSMUSG00000041617,0.8761058283025455
ENSMUSG00000012114,0.6331827297596225
ENSMUSG00000022750,0.7154714632942658
ENSMUSG00000012017,1.0
ENSMUSG00000116652,1.0
ENSMUSG00000090236,0.9895927202030399
ENSMUSG00000003166,0.6177602422616957
ENSMUSG00000041566,1.0
ENSMUSG00000045521,1.0
ENSMUSG00000003527,0.8826561485127598
ENSMUSG00000022738,1.0
ENSMUSG00000003528,0.7107034334585524
ENSMUSG00000059280,1.0
ENSMUSG00000116658,1.0
ENSMUSG00000003531,0.6718695205129516
ENSMUSG00000003526,0.5954092765813361
ENSMUSG00000043811,0.8669762329172926
ENSMUSG00000116557,1.0
ENSMUSG00000116772,1.0
ENSMUSG00000090777,1.0
ENSMUSG00000060166,0.6894515202684671
ENSMUSG00000005732,0.648138278702396
ENSMUSG00000022721,0.7895055592344964
ENSMUSG00000022718,0.7099429263406011
ENSMUSG00000013539,0.6444318871382658
ENSMUSG00000000325,0.7846026849946965
ENSMUSG00000000326,0.4952694018201026
ENSMUSG00000087556,0.8113545087449049
ENSMUSG00000075704,0.8517962410302887
ENSMUSG00000000884,0.8795946433190399
ENSMUSG00000086965,1.0
ENSMUSG00000009097,0.991820707876571
ENSMUSG00000075335,1.0
ENSMUSG00000050761,1.0
ENSMUSG00000072214,0.9614495158839933
ENSMUSG00000041378,0.37859423434710104
ENSMUSG00000000028,1.0
ENSMUSG00000005262,0.6415200500506533
ENSMUSG00000071632,0.7266974952849689
ENSMUSG00000022706,0.7990137714959052
ENSMUSG00000022702,0.6316776657177678
ENSMUSG00000106567,1.0
ENSMUSG00000105906,1.0
ENSMUSG00000106668,
ENSMUSG00000105547,1.0
ENSMUSG00000106405,
ENSMUSG00000105231,
ENSMUSG00000076934,
ENSMUSG00000106039,1.0
ENSMUSG00000105066,
ENSMUSG00000076937,1.0
ENSMUSG00000104975,
ENSMUSG00000104927,1.0
ENSMUSG00000076939,1.0
ENSMUSG00000076940,
ENSMUSG00000050742,1.0
ENSMUSG00000050158,1.0
ENSMUSG00000056822,1.0
ENSMUSG00000045341,1.0
ENSMUSG00000061361,1.0
ENSMUSG00000068535,1.0
ENSMUSG00000062245,1.0
ENSMUSG00000060480,
ENSMUSG00000041247,1.0
ENSMUSG00000022686,1.0
ENSMUSG00000075330,1.0
ENSMUSG00000116712,
ENSMUSG00000043008,0.7380472886727383
ENSMUSG00000062901,0.5415865850562636
ENSMUSG00000041215,0.633152244440401
ENSMUSG00000041205,0.63818875529804
ENSMUSG00000116913,1.0
ENSMUSG00000033918,0.7086234576956034
ENSMUSG00000022818,1.0
ENSMUSG00000022822,0.5507523050667221
ENSMUSG00000003235,0.768130491798866
ENSMUSG00000086837,1.0
ENSMUSG00000003233,0.7328612864537105
ENSMUSG00000022841,0.5461956401327898
ENSMUSG00000003234,0.7886100257660645
ENSMUSG00000116604,1.0
ENSMUSG00000046613,0.9743345845677478
ENSMUSG00000116764,1.0
ENSMUSG00000033809,0.9622268297859061
ENSMUSG00000115219,1.0
ENSMUSG00000051146,0.6701517754362738
ENSMUSG00000022842,0.8282767220182826
ENSMUSG00000006998,0.6625911457780362
ENSMUSG00000045983,0.5107869785207045
ENSMUSG00000050821,0.6927484256316965
ENSMUSG00000022843,0.8199618406004087
ENSMUSG00000021018,0.8245798144990357
ENSMUSG00000022847,1.0
ENSMUSG00000006958,0.9592925588084402
ENSMUSG00000116922,1.0
ENSMUSG00000116850,1.0
ENSMUSG00000090356,1.0
ENSMUSG00000005958,0.8293691622014432
ENSMUSG00000116843,1.0
ENSMUSG00000096918,1.0
ENSMUSG00000033653,0.5917464176214231
ENSMUSG00000043391,0.6221451572844027
ENSMUSG00000022853,0.8918344726840078
ENSMUSG00000097290,0.7899174055253323
ENSMUSG00000033618,0.7115311447934852
ENSMUSG00000116862,1.0
ENSMUSG00000097401,1.0
ENSMUSG00000022856,0.9789456326097309
ENSMUSG00000044626,0.9691885706958506
ENSMUSG00000022855,0.5572384428106237
ENSMUSG00000033581,0.9544217707550607
ENSMUSG00000022858,0.4977428313361007
ENSMUSG00000013089,0.5928423712504355
ENSMUSG00000022861,0.6211639624051392
ENSMUSG00000089874,1.0
ENSMUSG00000089663,1.0
ENSMUSG00000033501,1.0
ENSMUSG00000004462,0.7953864559058287
ENSMUSG00000004460,0.6564571577618802
ENSMUSG00000116831,1.0
ENSMUSG00000022868,1.0
ENSMUSG00000022871,1.0
ENSMUSG00000022877,1.0
ENSMUSG00000060459,1.0
ENSMUSG00000022875,1.0
ENSMUSG00000022884,0.4658878694168543
ENSMUSG00000022881,0.9673450947642658
ENSMUSG00000116733,1.0
ENSMUSG00000022878,1.0
ENSMUSG00000068463,1.0
ENSMUSG00000045231,1.0
ENSMUSG00000022885,0.4720564223022528
ENSMUSG00000033383,1.0
ENSMUSG00000022887,0.8012186018032964
ENSMUSG00000109783,0.9850391516993945
ENSMUSG00000033355,0.8399134634370768
ENSMUSG00000004366,0.8531972727476447
ENSMUSG00000047531,1.0
ENSMUSG00000022508,0.5709675110339054
ENSMUSG00000110291,1.0
ENSMUSG00000116290,1.0
ENSMUSG00000116437,1.0
ENSMUSG00000115919,1.0
ENSMUSG00000116173,1.0
ENSMUSG00000115869,1.0
ENSMUSG00000033306,0.4560816616505974
ENSMUSG00000096960,1.0
ENSMUSG00000048399,1.0
ENSMUSG00000022510,0.8116707554924203
ENSMUSG00000090257,0.9975155093003729
ENSMUSG00000038168,0.5620247797511742
ENSMUSG00000090203,1.0
ENSMUSG00000022512,1.0
ENSMUSG00000038148,1.0
ENSMUSG00000091972,1.0
ENSMUSG00000022514,0.4960771561321986
ENSMUSG00000092545,1.0
ENSMUSG00000068428,1.0
ENSMUSG00000052276,1.0
ENSMUSG00000116530,1.0
ENSMUSG00000056423,1.0
ENSMUSG00000038127,0.5048366878417146
ENSMUSG00000116654,1.0
ENSMUSG00000022523,0.45138552604691834
ENSMUSG00000051065,0.7276625670293367
ENSMUSG00000022525,0.9958563030095536
ENSMUSG00000048939,0.48628066316709884
ENSMUSG00000038094,0.5596662865701785
ENSMUSG00000038084,0.5959232243665916
ENSMUSG00000116814,1.0
ENSMUSG00000097307,1.0
ENSMUSG00000116891,1.0
ENSMUSG00000097313,1.0
ENSMUSG00000075286,1.0
ENSMUSG00000097184,1.0
ENSMUSG00000116660,1.0
ENSMUSG00000022528,0.5519506747343463
ENSMUSG00000101888,1.0
ENSMUSG00000097621,1.0
ENSMUSG00000023176,1.0
ENSMUSG00000052316,1.0
ENSMUSG00000047953,1.0
ENSMUSG00000022533,0.5981821381381861
ENSMUSG00000022537,0.6537310212025929
ENSMUSG00000022538,0.7461645836183723
ENSMUSG00000046546,0.8283858874139552
ENSMUSG00000116570,1.0
ENSMUSG00000116546,1.0
ENSMUSG00000116951,1.0
ENSMUSG00000116737,1.0
ENSMUSG00000116581,1.0
ENSMUSG00000047434,0.769549039512487
ENSMUSG00000087605,1.0
ENSMUSG00000049076,0.45562781582774897
ENSMUSG00000116946,1.0
ENSMUSG00000047714,0.49902714464903086
ENSMUSG00000116617,0.972920265829398
ENSMUSG00000022548,0.44436435535776253
ENSMUSG00000116973,1.0
ENSMUSG00000116690,1.0
ENSMUSG00000046598,0.7361812967385851
ENSMUSG00000086645,1.0
ENSMUSG00000116572,1.0
ENSMUSG00000116762,1.0
ENSMUSG00000116793,0.9392773603948612
ENSMUSG00000116597,1.0
ENSMUSG00000022770,0.4602220488845105
ENSMUSG00000022780,1.0
ENSMUSG00000045625,0.7619256005365216
ENSMUSG00000107002,0.5782520433332247
ENSMUSG00000022774,0.7180837657128119
ENSMUSG00000022772,0.6205272118653543
ENSMUSG00000116739,1.0
ENSMUSG00000022781,0.4762052278702284
ENSMUSG00000023791,0.7658965495917276
ENSMUSG00000035790,0.7580838660792892
ENSMUSG00000086146,1.0
ENSMUSG00000052384,0.6028160806875954
ENSMUSG00000075269,1.0
ENSMUSG00000035764,0.7215979303690021
ENSMUSG00000022787,0.8914935489908332
ENSMUSG00000046345,1.0
ENSMUSG00000014074,0.7103632929587519
ENSMUSG00000053774,0.6220993578529722
ENSMUSG00000079625,1.0
ENSMUSG00000014075,0.8324380840956692
ENSMUSG00000005615,0.6970671607104247
ENSMUSG00000116714,1.0
ENSMUSG00000035699,1.0
ENSMUSG00000052363,1.0
ENSMUSG00000116957,1.0
ENSMUSG00000022797,0.5377495222905633
ENSMUSG00000022791,0.6612934060591613
ENSMUSG00000075265,1.0
ENSMUSG00000079620,1.0
ENSMUSG00000035638,1.0
ENSMUSG00000094430,1.0
ENSMUSG00000097256,1.0
ENSMUSG00000035629,0.6699525813557196
ENSMUSG00000022800,0.6130028609464616
ENSMUSG00000022801,0.4986510004016474
ENSMUSG00000078489,0.6655983652118508
ENSMUSG00000035578,1.0
ENSMUSG00000060636,0.278718281888998
ENSMUSG00000022802,0.7793703686481378
ENSMUSG00000022807,0.5638469162752493
ENSMUSG00000022808,0.6771517029580936
ENSMUSG00000097318,1.0
ENSMUSG00000022811,0.4944295058831519
ENSMUSG00000035506,0.9827077390080426
ENSMUSG00000075254,0.44477049229089943
ENSMUSG00000090214,1.0
ENSMUSG00000022824,1.0
ENSMUSG00000022817,0.40729048073407115
ENSMUSG00000022814,0.9304407142009264
ENSMUSG00000086083,1.0
ENSMUSG00000061751,0.4711971770317789
ENSMUSG00000022832,1.0
ENSMUSG00000022833,0.9812735343748065
ENSMUSG00000022836,0.5852278893358641
ENSMUSG00000100593,1.0
ENSMUSG00000116665,1.0
ENSMUSG00000116840,1.0
ENSMUSG00000035376,0.5379374576995131
ENSMUSG00000022840,0.6524548955961905
ENSMUSG00000034473,0.7072366508731424
ENSMUSG00000022844,0.9924430310805867
ENSMUSG00000099429,1.0
ENSMUSG00000052133,0.7652853662043941
ENSMUSG00000022848,0.6031848001887626
ENSMUSG00000022849,0.8175589701108816
ENSMUSG00000097914,1.0
ENSMUSG00000034422,0.7510101129770141
ENSMUSG00000049502,0.8867653890979119
ENSMUSG00000022906,0.8163011955879347
ENSMUSG00000086324,0.895668981862754
ENSMUSG00000022905,0.6011619244810782
ENSMUSG00000034379,0.9858255737755459
ENSMUSG00000003955,0.6357214853905069
ENSMUSG00000075229,0.6572224575773754
ENSMUSG00000034362,1.0
ENSMUSG00000059657,1.0
ENSMUSG00000079597,1.0
ENSMUSG00000094733,
ENSMUSG00000095620,1.0
ENSMUSG00000071562,1.0
ENSMUSG00000079594,1.0
ENSMUSG00000071561,1.0
ENSMUSG00000087689,1.0
ENSMUSG00000022902,1.0
ENSMUSG00000054905,1.0
ENSMUSG00000051980,1.0
ENSMUSG00000116961,1.0
ENSMUSG00000022901,0.5834062283869711
ENSMUSG00000022900,1.0
ENSMUSG00000022899,0.6379679519761966
ENSMUSG00000022838,0.7536036955184698
ENSMUSG00000022837,0.6598886621385593
ENSMUSG00000116797,1.0
ENSMUSG00000034243,0.48968375710237455
ENSMUSG00000084834,1.0
ENSMUSG00000022831,0.788756394354439
ENSMUSG00000047746,1.0
ENSMUSG00000034206,0.988259484001594
ENSMUSG00000022829,0.5297100764218592
ENSMUSG00000022828,0.7654394841751193
ENSMUSG00000022827,0.8661045039040312
ENSMUSG00000022821,1.0
ENSMUSG00000116723,1.0
ENSMUSG00000022820,0.585705609244127
ENSMUSG00000022816,0.5982890793925812
ENSMUSG00000108763,1.0
ENSMUSG00000034158,0.4497744487171187
ENSMUSG00000046961,0.9177046806249286
ENSMUSG00000022812,0.40809618689701116
ENSMUSG00000022809,1.0
ENSMUSG00000022805,1.0
ENSMUSG00000087568,1.0
ENSMUSG00000046516,0.495904409350411
ENSMUSG00000022803,1.0
ENSMUSG00000002847,1.0
ENSMUSG00000002844,0.6970673823489092
ENSMUSG00000097576,1.0
ENSMUSG00000075122,0.9249192930499758
ENSMUSG00000002846,0.6501956937724526
ENSMUSG00000034064,0.7137168787296179
ENSMUSG00000002845,0.7832909450576806
ENSMUSG00000091238,1.0
ENSMUSG00000022799,0.38282161817058746
ENSMUSG00000022793,0.666481305349368
ENSMUSG00000049436,1.0
ENSMUSG00000022798,1.0
ENSMUSG00000086175,1.0
ENSMUSG00000022790,0.5372845404571225
ENSMUSG00000116965,1.0
ENSMUSG00000116573,1.0
ENSMUSG00000061080,0.21610840246867474
ENSMUSG00000101463,0.9801476839821541
ENSMUSG00000047261,0.581550990307006
ENSMUSG00000075070,1.0
ENSMUSG00000022708,0.24478739325916052
ENSMUSG00000116903,0.7030371119292254
ENSMUSG00000055370,0.9585251858434308
ENSMUSG00000085499,1.0
ENSMUSG00000071552,1.0
ENSMUSG00000116684,1.0
ENSMUSG00000022705,1.0
ENSMUSG00000022704,0.8437997765746179
ENSMUSG00000022701,0.66094576968415
ENSMUSG00000036304,0.9743093254795704
ENSMUSG00000036292,0.8857354480729663
ENSMUSG00000052459,0.4933940912781844
ENSMUSG00000022698,0.6297284707491474
ENSMUSG00000068284,0.6393958309516616
ENSMUSG00000022696,0.7007393245380722
ENSMUSG00000043065,0.800079328264435
ENSMUSG00000071550,0.9974622162871825
ENSMUSG00000022687,0.6671073958228607
ENSMUSG00000036208,0.9857273588972411
ENSMUSG00000022668,0.7741307183936492
ENSMUSG00000022667,1.0
ENSMUSG00000062082,1.0
ENSMUSG00000090176,1.0
ENSMUSG00000036172,1.0
ENSMUSG00000022665,0.8235971432965938
ENSMUSG00000022664,0.6672750869044745
ENSMUSG00000022663,0.6298927039077156
ENSMUSG00000052013,1.0
ENSMUSG00000022661,0.5653304321203085
ENSMUSG00000053182,1.0
ENSMUSG00000116542,1.0
ENSMUSG00000033210,1.0
ENSMUSG00000022659,1.0
ENSMUSG00000033187,1.0
ENSMUSG00000033177,0.996826121225608
ENSMUSG00000022658,0.5981207772936861
ENSMUSG00000033157,0.7465761078949812
ENSMUSG00000086237,1.0
ENSMUSG00000033149,0.5275682211581719
ENSMUSG00000085781,1.0
ENSMUSG00000085826,1.0
ENSMUSG00000087141,0.7971398439359971
ENSMUSG00000022657,1.0
ENSMUSG00000048087,1.0
ENSMUSG00000022656,0.6740578745605902
ENSMUSG00000116755,1.0
ENSMUSG00000058550,1.0
ENSMUSG00000072419,1.0
ENSMUSG00000110573,1.0
ENSMUSG00000022652,1.0
ENSMUSG00000030775,1.0
ENSMUSG00000022650,1.0
ENSMUSG00000061100,1.0
ENSMUSG00000022651,1.0
ENSMUSG00000064061,0.5886611550197648
ENSMUSG00000033031,1.0
ENSMUSG00000092009,1.0
ENSMUSG00000073976,1.0
ENSMUSG00000032965,0.7419803287167896
ENSMUSG00000087066,1.0
ENSMUSG00000055447,0.4548087158743274
ENSMUSG00000022641,0.5739603643415188
ENSMUSG00000097694,1.0
ENSMUSG00000050685,1.0
ENSMUSG00000116848,1.0
ENSMUSG00000022639,0.7619220369936194
ENSMUSG00000092276,1.0
ENSMUSG00000116706,1.0
ENSMUSG00000116725,1.0
ENSMUSG00000022637,0.6156293738720275
ENSMUSG00000022636,0.4721004122599382
ENSMUSG00000116611,1.0
ENSMUSG00000116689,1.0
ENSMUSG00000064310,1.0
ENSMUSG00000035356,0.4703316825956891
ENSMUSG00000075033,0.7168391162278681
ENSMUSG00000022604,0.6205273569872806
ENSMUSG00000098274,0.33292939133166943
ENSMUSG00000102101,0.9426676020960473
ENSMUSG00000022601,0.6355427221347383
ENSMUSG00000071533,0.4777249356650672
ENSMUSG00000044763,0.8452564879749203
ENSMUSG00000052917,0.5526558699613271
ENSMUSG00000035270,0.986135117576059
ENSMUSG00000035258,0.9803900900159944
ENSMUSG00000022757,0.6924621319302238
ENSMUSG00000022755,1.0
ENSMUSG00000022754,1.0
ENSMUSG00000084999,1.0
ENSMUSG00000109588,1.0
ENSMUSG00000046748,1.0
ENSMUSG00000022752,0.6149278637699701
ENSMUSG00000022751,0.917362229262682
ENSMUSG00000097876,1.0
ENSMUSG00000022749,0.5528233388955723
ENSMUSG00000022753,1.0
ENSMUSG00000097896,1.0
ENSMUSG00000022748,0.44168325905721073
ENSMUSG00000116877,1.0
ENSMUSG00000116789,1.0
ENSMUSG00000043336,0.5668446965114415
ENSMUSG00000068196,0.995801886315721
ENSMUSG00000116920,1.0
ENSMUSG00000116770,1.0
ENSMUSG00000116717,1.0
ENSMUSG00000086827,1.0
ENSMUSG00000035107,0.6886033186774235
ENSMUSG00000022747,0.4171854175639012
ENSMUSG00000075002,1.0
ENSMUSG00000055789,1.0
ENSMUSG00000116579,1.0
ENSMUSG00000022742,0.5872442018380968
ENSMUSG00000047293,1.0
ENSMUSG00000022744,0.5449879455257471
ENSMUSG00000071510,1.0
ENSMUSG00000049362,1.0
ENSMUSG00000060663,1.0
ENSMUSG00000063137,1.0
ENSMUSG00000044029,1.0
ENSMUSG00000090629,
ENSMUSG00000090951,
ENSMUSG00000062105,1.0
ENSMUSG00000047960,1.0
ENSMUSG00000043357,1.0
ENSMUSG00000064006,1.0
ENSMUSG00000094539,
ENSMUSG00000060057,
ENSMUSG00000063020,
ENSMUSG00000062608,
ENSMUSG00000096695,1.0
ENSMUSG00000052537,1.0
ENSMUSG00000074996,
ENSMUSG00000074995,1.0
ENSMUSG00000048810,1.0
ENSMUSG00000068182,
ENSMUSG00000095928,1.0
ENSMUSG00000094422,1.0
ENSMUSG00000066257,1.0
ENSMUSG00000095706,1.0
ENSMUSG00000074991,1.0
ENSMUSG00000099983,1.0
ENSMUSG00000022724,0.9334416559974751
ENSMUSG00000022723,0.6359859104500669
ENSMUSG00000022722,0.7694347764051908
ENSMUSG00000116894,1.0
ENSMUSG00000055540,0.6217941238793497
ENSMUSG00000089685,1.0
ENSMUSG00000116619,1.0
ENSMUSG00000050312,0.8368426015100402
ENSMUSG00000022911,0.6860887835762496
ENSMUSG00000047854,1.0
ENSMUSG00000022912,0.57371687044797
ENSMUSG00000116574,1.0
ENSMUSG00000116871,1.0
ENSMUSG00000116752,1.0
ENSMUSG00000052504,0.6571418947488501
ENSMUSG00000068167,1.0
ENSMUSG00000059920,0.7068935506818947
ENSMUSG00000047141,0.6411197838806373
ENSMUSG00000054604,0.5909217321290855
ENSMUSG00000050783,0.7477778648818737
ENSMUSG00000116699,1.0
ENSMUSG00000004842,1.0
ENSMUSG00000004843,0.6903445841003094
ENSMUSG00000091243,1.0
ENSMUSG00000064115,0.28954889337048784
ENSMUSG00000092599,1.0
ENSMUSG00000045178,0.9989275526554866
ENSMUSG00000116575,1.0
ENSMUSG00000107073,1.0
ENSMUSG00000063163,1.0
ENSMUSG00000116588,1.0
ENSMUSG00000022707,0.6103519137310867
ENSMUSG00000116792,1.0
ENSMUSG00000116800,1.0
ENSMUSG00000116750,1.0
ENSMUSG00000116982,1.0
ENSMUSG00000116769,1.0
ENSMUSG00000022883,0.4766318739721611
ENSMUSG00000116976,1.0
ENSMUSG00000052516,0.5828917134169147
ENSMUSG00000116610,0.9787026088536792
ENSMUSG00000032948,1.0
ENSMUSG00000032940,0.9885841306809423
ENSMUSG00000032932,0.7202181001414704
ENSMUSG00000022876,0.6640386808708459
ENSMUSG00000087214,1.0
ENSMUSG00000116695,1.0
ENSMUSG00000048490,0.4733437471552021
ENSMUSG00000116968,1.0
ENSMUSG00000109338,1.0
ENSMUSG00000116701,1.0
ENSMUSG00000108903,1.0
ENSMUSG00000109333,1.0
ENSMUSG00000100857,1.0
ENSMUSG00000022867,0.5327514631725219
ENSMUSG00000090386,0.3289588352990329
ENSMUSG00000079546,1.0
ENSMUSG00000091193,1.0
ENSMUSG00000109841,1.0
ENSMUSG00000022865,0.9074443851268302
ENSMUSG00000022863,0.7064841242467987
ENSMUSG00000022864,0.6322104389031009
ENSMUSG00000116628,1.0
ENSMUSG00000116786,1.0
ENSMUSG00000022860,1.0
ENSMUSG00000022857,1.0
ENSMUSG00000101810,1.0
ENSMUSG00000022762,0.35653532025356743
ENSMUSG00000116865,1.0
ENSMUSG00000116937,1.0
ENSMUSG00000094030,1.0
ENSMUSG00000116745,1.0
ENSMUSG00000116907,1.0
ENSMUSG00000110358,1.0
ENSMUSG00000116674,1.0
ENSMUSG00000097418,1.0
ENSMUSG00000022889,0.8571083202063805
ENSMUSG00000053062,0.5412660369436143
ENSMUSG00000022890,0.41287534454060715
ENSMUSG00000008976,0.7180415122671849
ENSMUSG00000022892,0.2781520075848938
ENSMUSG00000115518,0.9989432193618509
ENSMUSG00000115469,1.0
ENSMUSG00000114988,0.9894841498957516
ENSMUSG00000041134,0.5017580852416386
ENSMUSG00000022893,0.6023758879799368
ENSMUSG00000116586,1.0
ENSMUSG00000022894,0.9338067331124557
ENSMUSG00000116556,1.0
ENSMUSG00000116799,1.0
ENSMUSG00000116993,1.0
ENSMUSG00000116810,1.0
ENSMUSG00000116555,1.0
ENSMUSG00000116979,1.0
ENSMUSG00000044442,0.8223273833097706
ENSMUSG00000052299,0.661062810681468
ENSMUSG00000041079,1.0
ENSMUSG00000025616,0.6148528649752798
ENSMUSG00000025613,0.6587459640012291
ENSMUSG00000093606,0.8433802822266137
ENSMUSG00000025610,1.0
ENSMUSG00000025612,0.6139611250328153
ENSMUSG00000055972,0.9965037918384255
ENSMUSG00000022935,0.6070411190616722
ENSMUSG00000116754,1.0
ENSMUSG00000116885,0.7137308363019149
ENSMUSG00000055811,1.0
ENSMUSG00000050520,1.0
ENSMUSG00000116616,1.0
ENSMUSG00000050239,1.0
ENSMUSG00000045331,
ENSMUSG00000071471,1.0
ENSMUSG00000090515,
ENSMUSG00000050704,
ENSMUSG00000056350,1.0
ENSMUSG00000050224,
ENSMUSG00000068078,
ENSMUSG00000048830,
ENSMUSG00000009047,
ENSMUSG00000116983,1.0
ENSMUSG00000116636,1.0
ENSMUSG00000074928,1.0
ENSMUSG00000022931,1.0
ENSMUSG00000060691,
ENSMUSG00000057650,
ENSMUSG00000060469,
ENSMUSG00000043982,
ENSMUSG00000051802,
ENSMUSG00000057174,
ENSMUSG00000096534,1.0
ENSMUSG00000095992,
ENSMUSG00000068075,
ENSMUSG00000058172,
ENSMUSG00000068074,
ENSMUSG00000062400,
ENSMUSG00000068073,
ENSMUSG00000057855,
ENSMUSG00000068071,
ENSMUSG00000059113,
ENSMUSG00000044227,
ENSMUSG00000068068,
ENSMUSG00000068067,
ENSMUSG00000091039,
ENSMUSG00000058368,
ENSMUSG00000062433,
ENSMUSG00000059632,1.0
ENSMUSG00000056706,1.0
ENSMUSG00000091212,1.0
ENSMUSG00000116870,1.0
ENSMUSG00000002489,0.5739222097249141
ENSMUSG00000022982,0.5891403568972444
ENSMUSG00000022983,0.6531749325230923
ENSMUSG00000116600,1.0
ENSMUSG00000116656,0.7813441090267151
ENSMUSG00000116989,1.0
ENSMUSG00000116849,1.0
ENSMUSG00000053414,0.740794718818788
ENSMUSG00000116753,0.9944590630507371
ENSMUSG00000046119,1.0
ENSMUSG00000116830,1.0
ENSMUSG00000116582,1.0
ENSMUSG00000116591,1.0
ENSMUSG00000022978,0.9723611094255684
ENSMUSG00000039956,1.0
ENSMUSG00000039929,0.8887448903608105
ENSMUSG00000039903,0.8775849997237238
ENSMUSG00000116543,1.0
ENSMUSG00000022972,0.8413211294981313
ENSMUSG00000116607,1.0
ENSMUSG00000022973,0.5330939875125116
ENSMUSG00000085279,0.9276366767288535
ENSMUSG00000087354,1.0
ENSMUSG00000022974,0.5982518026335755
ENSMUSG00000085398,1.0
ENSMUSG00000039851,0.9071771948157353
ENSMUSG00000116763,0.8747686719402983
ENSMUSG00000039830,0.5945096555577541
ENSMUSG00000046160,0.41608116771125736
ENSMUSG00000085865,1.0
ENSMUSG00000022971,0.5140723854956037
ENSMUSG00000022969,0.5954255130948998
ENSMUSG00000116987,1.0
ENSMUSG00000084866,0.9791343303496118
ENSMUSG00000022967,0.593195631978493
ENSMUSG00000022965,0.6665716016845333
ENSMUSG00000022964,0.6508367501596094
ENSMUSG00000085337,1.0
ENSMUSG00000039763,0.9425343746582516
ENSMUSG00000022962,0.7931738671110861
ENSMUSG00000022961,0.3093018687589035
ENSMUSG00000022960,0.8278116805149359
ENSMUSG00000085169,0.8151010447750623
ENSMUSG00000058240,0.6260992128318987
ENSMUSG00000022957,0.5078748979642721
ENSMUSG00000087240,1.0
ENSMUSG00000022956,0.5838099515347381
ENSMUSG00000087190,1.0
ENSMUSG00000039680,0.7078124314276324
ENSMUSG00000089774,0.6812452083517434
ENSMUSG00000086331,0.9999317897754276
ENSMUSG00000116747,1.0
ENSMUSG00000116608,1.0
ENSMUSG00000116878,1.0
ENSMUSG00000039672,1.0
ENSMUSG00000051989,0.6090859966379334
ENSMUSG00000085637,1.0
ENSMUSG00000051728,1.0
ENSMUSG00000039639,1.0
ENSMUSG00000116693,1.0
ENSMUSG00000022951,0.7111973872977675
ENSMUSG00000116964,1.0
ENSMUSG00000051297,1.0
ENSMUSG00000022949,0.9888582705287794
ENSMUSG00000116709,1.0
ENSMUSG00000022952,0.48736809303588163
ENSMUSG00000097139,1.0
ENSMUSG00000116805,1.0
ENSMUSG00000100277,1.0
ENSMUSG00000116846,1.0
ENSMUSG00000099968,1.0
ENSMUSG00000116595,1.0
ENSMUSG00000116576,1.0
ENSMUSG00000022948,0.7659876478074485
ENSMUSG00000117317,0.9791945981420125
ENSMUSG00000051483,0.8173454807990298
ENSMUSG00000082815,1.0
ENSMUSG00000022947,0.8903918958127419
ENSMUSG00000022946,0.6051443267275272
ENSMUSG00000097768,1.0
ENSMUSG00000116927,1.0
ENSMUSG00000039456,0.6312010225189414
ENSMUSG00000022945,1.0
ENSMUSG00000116890,1.0
ENSMUSG00000047109,0.8759167689041869
ENSMUSG00000116681,1.0
ENSMUSG00000116947,1.0
ENSMUSG00000116569,1.0
ENSMUSG00000062713,1.0
ENSMUSG00000040820,0.6558770758037894
ENSMUSG00000115246,1.0
ENSMUSG00000022941,1.0
ENSMUSG00000022940,0.6455124192983857
ENSMUSG00000040785,0.4064040340401166
ENSMUSG00000116589,0.9569821177454376
ENSMUSG00000022898,0.737372992443023
ENSMUSG00000022897,0.5375357118037507
ENSMUSG00000116641,0.997125258239526
ENSMUSG00000043301,0.6908256747850012
ENSMUSG00000116720,1.0
ENSMUSG00000062609,1.0
ENSMUSG00000116716,1.0
ENSMUSG00000040732,0.6392190594527126
ENSMUSG00000022895,0.6957883860842452
ENSMUSG00000117232,1.0
ENSMUSG00000085329,1.0
ENSMUSG00000085903,1.0
ENSMUSG00000022913,0.8900394837598139
ENSMUSG00000022914,0.5182772052244263
ENSMUSG00000085884,1.0
ENSMUSG00000117289,0.9956021559005375
ENSMUSG00000117270,1.0
ENSMUSG00000040681,0.47732255432074383
ENSMUSG00000023147,0.7512247186377649
ENSMUSG00000117129,1.0
ENSMUSG00000045275,0.9430897765518507
ENSMUSG00000040666,1.0
ENSMUSG00000074892,0.6200458479191042
ENSMUSG00000000159,1.0
ENSMUSG00000000157,1.0
ENSMUSG00000090223,0.5491544252107606
ENSMUSG00000050272,0.5233592259935315
ENSMUSG00000117179,1.0
ENSMUSG00000117000,0.8278884055554265
ENSMUSG00000117324,1.0
ENSMUSG00000040605,1.0
ENSMUSG00000022938,1.0
ENSMUSG00000000385,1.0
ENSMUSG00000005251,1.0
ENSMUSG00000014039,0.7760206058798768
ENSMUSG00000045975,0.6545822531476141
ENSMUSG00000046962,0.8308666012445836
ENSMUSG00000097874,1.0
ENSMUSG00000080717,0.7464070965095054
ENSMUSG00000116673,0.715881667585859
ENSMUSG00000046201,0.5278231862057278
ENSMUSG00000116858,0.6183571380630193
ENSMUSG00000116874,1.0
ENSMUSG00000023800,0.6217147929439779
ENSMUSG00000036983,0.965913176326664
ENSMUSG00000091530,1.0
ENSMUSG00000116852,1.0
ENSMUSG00000023802,1.0
ENSMUSG00000116975,1.0
ENSMUSG00000116615,1.0
ENSMUSG00000116767,1.0
ENSMUSG00000116813,1.0
ENSMUSG00000116551,1.0
ENSMUSG00000069729,0.46762437826023373
ENSMUSG00000101133,1.0
ENSMUSG00000004945,0.7324655380364504
ENSMUSG00000101959,1.0
ENSMUSG00000034265,0.46578550221633497
ENSMUSG00000096965,1.0
ENSMUSG00000002365,0.6156602882894564
ENSMUSG00000023805,0.635978975934384
ENSMUSG00000015659,0.82445540784761
ENSMUSG00000034345,0.5694095109498214
ENSMUSG00000034377,0.4053674645855543
ENSMUSG00000038141,0.6850598510499445
ENSMUSG00000092074,0.8580818021259625
ENSMUSG00000096255,1.0
ENSMUSG00000000579,0.9813310441887689
ENSMUSG00000095677,0.9697679898641721
ENSMUSG00000041831,1.0
ENSMUSG00000052397,0.6904093719126072
ENSMUSG00000116644,0.986406408272499
ENSMUSG00000099735,1.0
ENSMUSG00000023806,0.8950370980844597
ENSMUSG00000116618,0.9750256256893325
ENSMUSG00000052031,0.9085356640446705
ENSMUSG00000094724,0.8058952342542681
ENSMUSG00000094083,0.9985157187740237
ENSMUSG00000023809,0.7487928805539678
ENSMUSG00000071322,1.0
ENSMUSG00000079722,1.0
ENSMUSG00000056133,1.0
ENSMUSG00000116585,
ENSMUSG00000116955,1.0
ENSMUSG00000071984,0.9958162550356087
ENSMUSG00000090069,0.8934158329131971
ENSMUSG00000033450,0.7773194049901293
ENSMUSG00000073471,0.861042965023827
ENSMUSG00000116760,0.8353210360023928
ENSMUSG00000095687,0.7975867794893186
ENSMUSG00000069135,0.7735370794407498
ENSMUSG00000040899,1.0
ENSMUSG00000023861,0.4439816151430516
ENSMUSG00000087478,0.7758221926575021
ENSMUSG00000073468,0.5910903222616403
ENSMUSG00000055945,0.6028082749540622
ENSMUSG00000058159,0.8961831279684049
ENSMUSG00000062327,1.0
ENSMUSG00000023868,0.41435405103439266
ENSMUSG00000099104,1.0
ENSMUSG00000023873,1.0
ENSMUSG00000097049,0.9777422280860316
ENSMUSG00000117026,1.0
ENSMUSG00000072968,
ENSMUSG00000117143,1.0
ENSMUSG00000046173,1.0
ENSMUSG00000117341,1.0
ENSMUSG00000117264,1.0
ENSMUSG00000117110,1.0
ENSMUSG00000117227,1.0
ENSMUSG00000062078,0.2287212271905593
ENSMUSG00000099384,1.0
ENSMUSG00000037196,0.541048679758793
ENSMUSG00000089633,0.752325898245245
ENSMUSG00000089941,0.504302460871849
ENSMUSG00000089907,1.0
ENSMUSG00000023826,0.44318790211924
ENSMUSG00000100402,1.0
ENSMUSG00000023827,0.5713371941270419
ENSMUSG00000014426,0.6506947554281051
ENSMUSG00000097350,0.8832433169876259
ENSMUSG00000117337,1.0
ENSMUSG00000059481,1.0
ENSMUSG00000023828,1.0
ENSMUSG00000117314,1.0
ENSMUSG00000040966,1.0
ENSMUSG00000023829,1.0
ENSMUSG00000023830,0.7484695448813768
ENSMUSG00000078247,0.5161829461569079
ENSMUSG00000117030,1.0
ENSMUSG00000117061,1.0
ENSMUSG00000068037,1.0
ENSMUSG00000059408,1.0
ENSMUSG00000073460,0.9514895931043362
ENSMUSG00000117072,1.0
ENSMUSG00000057388,0.5845862956120704
ENSMUSG00000068039,0.6286885009644193
ENSMUSG00000062480,0.8621438377977134
ENSMUSG00000023832,0.8066655655272988
ENSMUSG00000060475,0.650020491239474
ENSMUSG00000006818,0.6040096734797605
ENSMUSG00000071311,1.0
ENSMUSG00000055602,1.0
ENSMUSG00000067049,1.0
ENSMUSG00000117282,1.0
ENSMUSG00000073458,1.0
ENSMUSG00000073457,1.0
ENSMUSG00000117278,1.0
ENSMUSG00000052469,1.0
ENSMUSG00000117042,0.7664984426198312
ENSMUSG00000090211,1.0
ENSMUSG00000085705,0.9277593923684188
ENSMUSG00000038347,0.8669288226056955
ENSMUSG00000068036,0.5246336675198259
ENSMUSG00000067941,1.0
ENSMUSG00000101307,
ENSMUSG00000101361,
ENSMUSG00000048826,0.9988157740298347
ENSMUSG00000117185,1.0
ENSMUSG00000117254,1.0
ENSMUSG00000023886,1.0
ENSMUSG00000117328,1.0
ENSMUSG00000116801,1.0
ENSMUSG00000023885,0.9827800941533344
ENSMUSG00000046991,0.958612904550863
ENSMUSG00000050088,0.7993828361828729
ENSMUSG00000023883,0.7079436493678639
ENSMUSG00000116780,1.0
ENSMUSG00000116953,0.9789723123333461
ENSMUSG00000079710,0.8707064223240144
ENSMUSG00000116895,1.0
ENSMUSG00000079707,1.0
ENSMUSG00000036552,0.7527586800699851
ENSMUSG00000116655,1.0
ENSMUSG00000097624,1.0
ENSMUSG00000116851,1.0
ENSMUSG00000014773,0.9685824200812303
ENSMUSG00000014763,0.617638303728325
ENSMUSG00000116718,1.0
ENSMUSG00000014769,0.5667607674218332
ENSMUSG00000014767,0.8080304022156768
ENSMUSG00000014771,0.8708211346576001
ENSMUSG00000051977,0.9921483802596168
ENSMUSG00000116924,1.0
ENSMUSG00000023852,0.5674008065201716
ENSMUSG00000048027,0.7007577101235486
ENSMUSG00000116839,1.0
ENSMUSG00000060149,0.7625600459160986
ENSMUSG00000096696,1.0
ENSMUSG00000095990,1.0
ENSMUSG00000116802,0.8472336114213626
ENSMUSG00000072761,0.8331505187639866
ENSMUSG00000116590,0.9942355421001574
ENSMUSG00000116564,0.7770027899207834
ENSMUSG00000097379,0.9149917438643661
ENSMUSG00000047786,0.5826414559306355
ENSMUSG00000023845,0.48405836392456836
ENSMUSG00000092120,1.0
ENSMUSG00000080316,0.6586335745069477
ENSMUSG00000003665,1.0
ENSMUSG00000045551,1.0
ENSMUSG00000052270,1.0
ENSMUSG00000079700,1.0
ENSMUSG00000048062,
ENSMUSG00000094396,1.0
ENSMUSG00000091206,1.0
ENSMUSG00000091350,1.0
ENSMUSG00000090417,1.0
ENSMUSG00000079698,1.0
ENSMUSG00000091631,1.0
ENSMUSG00000091679,1.0
ENSMUSG00000091491,1.0
ENSMUSG00000096717,1.0
ENSMUSG00000116587,1.0
ENSMUSG00000090304,1.0
ENSMUSG00000116984,1.0
ENSMUSG00000091859,1.0
ENSMUSG00000094892,1.0
ENSMUSG00000095961,1.0
ENSMUSG00000091771,1.0
ENSMUSG00000090315,1.0
ENSMUSG00000071276,
ENSMUSG00000071275,
ENSMUSG00000091670,1.0
ENSMUSG00000091656,1.0
ENSMUSG00000056910,1.0
ENSMUSG00000091151,1.0
ENSMUSG00000091805,1.0
ENSMUSG00000043537,
ENSMUSG00000090572,1.0
ENSMUSG00000091259,1.0
ENSMUSG00000060701,
ENSMUSG00000042848,1.0
ENSMUSG00000067951,1.0
ENSMUSG00000060245,1.0
ENSMUSG00000117148,1.0
ENSMUSG00000045417,1.0
ENSMUSG00000050933,1.0
ENSMUSG00000116974,1.0
ENSMUSG00000062165,1.0
ENSMUSG00000007564,0.5763662254752259
ENSMUSG00000045575,1.0
ENSMUSG00000067942,0.6992816988295855
ENSMUSG00000102080,1.0
ENSMUSG00000057203,1.0
ENSMUSG00000050102,
ENSMUSG00000054142,1.0
ENSMUSG00000058030,
ENSMUSG00000062743,0.9915762042065565
ENSMUSG00000116771,1.0
ENSMUSG00000023882,1.0
ENSMUSG00000023892,0.9304882942103128
ENSMUSG00000057409,0.7714752987397312
ENSMUSG00000097781,0.9999511273442031
ENSMUSG00000051341,0.8398422393467275
ENSMUSG00000067931,0.7960188176810554
ENSMUSG00000117070,1.0
ENSMUSG00000035868,0.7481927700398008
ENSMUSG00000067929,1.0
ENSMUSG00000067928,0.7687999582989309
ENSMUSG00000061544,0.8569914032284034
ENSMUSG00000069743,1.0
ENSMUSG00000078546,0.9386930527502876
ENSMUSG00000071267,0.7218644035487202
ENSMUSG00000053347,0.7374850818422581
ENSMUSG00000063383,1.0
ENSMUSG00000096433,0.8329562064568121
ENSMUSG00000117284,0.759620565609055
ENSMUSG00000033972,0.7851744898960753
ENSMUSG00000044501,0.8877659616171902
ENSMUSG00000071266,0.8455392316373462
ENSMUSG00000095093,1.0
ENSMUSG00000094921,1.0
ENSMUSG00000098164,1.0
ENSMUSG00000059142,0.765760907850371
ENSMUSG00000092111,1.0
ENSMUSG00000095658,1.0
ENSMUSG00000002617,0.7214184577574857
ENSMUSG00000091945,1.0
ENSMUSG00000091076,1.0
ENSMUSG00000090966,1.0
ENSMUSG00000091407,1.0
ENSMUSG00000117322,1.0
ENSMUSG00000071256,0.8805942877789331
ENSMUSG00000115842,1.0
ENSMUSG00000062012,0.9426999471299138
ENSMUSG00000023902,1.0
ENSMUSG00000023903,1.0
ENSMUSG00000043782,1.0
ENSMUSG00000041319,0.9558378004699022
ENSMUSG00000023904,0.6422828287412395
ENSMUSG00000023905,0.8853202838171997
ENSMUSG00000023906,1.0
ENSMUSG00000066720,1.0
ENSMUSG00000043747,1.0
ENSMUSG00000023908,1.0
ENSMUSG00000023909,0.6337133553364881
ENSMUSG00000040680,1.0
ENSMUSG00000097006,0.8865219297870646
ENSMUSG00000040097,0.6106782230048114
ENSMUSG00000115692,1.0
ENSMUSG00000086719,1.0
ENSMUSG00000023911,0.9166055471932606
ENSMUSG00000039218,0.38680408348722156
ENSMUSG00000055839,0.45272253528729167
ENSMUSG00000049620,1.0
ENSMUSG00000024114,1.0
ENSMUSG00000048992,1.0
ENSMUSG00000089697,1.0
ENSMUSG00000024116,1.0
ENSMUSG00000096445,1.0
ENSMUSG00000096278,1.0
ENSMUSG00000117400,1.0
ENSMUSG00000117488,1.0
ENSMUSG00000057417,1.0
ENSMUSG00000024128,1.0
ENSMUSG00000024125,1.0
ENSMUSG00000024124,1.0
ENSMUSG00000045027,1.0
ENSMUSG00000050762,1.0
ENSMUSG00000016946,0.6919017446314694
ENSMUSG00000024122,0.5926681777095091
ENSMUSG00000117523,0.9906123485506748
ENSMUSG00000117557,1.0
ENSMUSG00000036820,0.8671688033598106
ENSMUSG00000024121,0.3910199722005551
ENSMUSG00000036473,0.7504022940071761
ENSMUSG00000117406,0.9928976350336267
ENSMUSG00000085185,1.0
ENSMUSG00000024118,0.984390211868171
ENSMUSG00000072082,1.0
ENSMUSG00000035435,1.0
ENSMUSG00000024130,0.6461082846324465
ENSMUSG00000073437,0.8868883429062809
ENSMUSG00000034681,0.6249241728515079
ENSMUSG00000024132,0.6891352119551483
ENSMUSG00000024136,0.9920926358355022
ENSMUSG00000024137,0.7589159760354743
ENSMUSG00000043445,0.5575054915230699
ENSMUSG00000024142,0.8497015700761452
ENSMUSG00000045744,1.0
ENSMUSG00000117487,1.0
ENSMUSG00000033597,0.6315063714545213
ENSMUSG00000052752,0.7417464009631095
ENSMUSG00000079657,0.9754322331951429
ENSMUSG00000093565,0.8367993550260567
ENSMUSG00000117423,1.0
ENSMUSG00000032855,0.5935193516320417
ENSMUSG00000002496,0.7372109996055991
ENSMUSG00000041429,0.9472101451905289
ENSMUSG00000002504,0.4634039740463241
ENSMUSG00000071230,1.0
ENSMUSG00000041130,0.7383499316826873
ENSMUSG00000007021,0.7844481727949009
ENSMUSG00000040888,0.7755965465643742
ENSMUSG00000019320,0.9979589141804658
ENSMUSG00000040688,0.8198262981531956
ENSMUSG00000008482,1.0
ENSMUSG00000044533,0.32644663014752173
ENSMUSG00000090101,0.6860744279280002
ENSMUSG00000040048,0.5403969221482716
ENSMUSG00000002500,1.0
ENSMUSG00000075705,0.702800397805253
ENSMUSG00000039628,1.0
ENSMUSG00000117379,1.0
ENSMUSG00000024155,1.0
ENSMUSG00000024158,0.6570178134639574
ENSMUSG00000045316,0.8332279358431128
ENSMUSG00000046070,1.0
ENSMUSG00000039183,0.8233382493078486
ENSMUSG00000024160,0.7320150035083015
ENSMUSG00000073436,1.0
ENSMUSG00000024163,0.5713314848319452
ENSMUSG00000038880,0.749851872268992
ENSMUSG00000073435,1.0
ENSMUSG00000024165,0.9316992249698357
ENSMUSG00000038002,0.6346407336898299
ENSMUSG00000024169,0.7362782798157843
ENSMUSG00000024168,0.5484032224612043
ENSMUSG00000024170,0.7919772392198087
ENSMUSG00000044172,1.0
ENSMUSG00000036636,0.707914753309405
ENSMUSG00000059562,1.0
ENSMUSG00000114245,1.0
ENSMUSG00000067722,0.6757245493780525
ENSMUSG00000015127,0.7410378665311869
ENSMUSG00000035521,0.659325714331039
ENSMUSG00000015126,0.7931866002395156
ENSMUSG00000047507,0.9160033409534943
ENSMUSG00000015120,0.6149276388557584
ENSMUSG00000056399,1.0
ENSMUSG00000024171,1.0
ENSMUSG00000034039,1.0
ENSMUSG00000024173,
ENSMUSG00000033825,1.0
ENSMUSG00000033200,1.0
ENSMUSG00000024112,0.8563619789455423
ENSMUSG00000024175,0.9902488054884073
ENSMUSG00000050824,1.0
ENSMUSG00000117437,0.9316685872451163
ENSMUSG00000117420,1.0
ENSMUSG00000117577,1.0
ENSMUSG00000117445,1.0
ENSMUSG00000024176,0.5875957121198567
ENSMUSG00000091475,0.6487526356884449
ENSMUSG00000002279,0.7382421448638535
ENSMUSG00000117791,1.0
ENSMUSG00000118136,1.0
ENSMUSG00000025739,0.8539127392452566
ENSMUSG00000019214,1.0
ENSMUSG00000041199,0.8910550041928414
ENSMUSG00000041062,1.0
ENSMUSG00000063011,1.0
ENSMUSG00000117741,
ENSMUSG00000002280,0.7497400587267335
ENSMUSG00000061046,0.7247800442108878
ENSMUSG00000071202,0.9986393897996788
ENSMUSG00000057411,0.6297691684375534
ENSMUSG00000002274,0.5729510535359795
ENSMUSG00000025738,0.6668184475983184
ENSMUSG00000025737,0.9332478624895764
ENSMUSG00000025736,0.8110824893953312
ENSMUSG00000039615,0.5856149247455572
ENSMUSG00000025735,0.8475998795623841
ENSMUSG00000025733,0.7489874641139134
ENSMUSG00000073434,0.9893029015296539
ENSMUSG00000025732,0.8178519725113892
ENSMUSG00000025731,0.730324171763105
ENSMUSG00000071192,1.0
ENSMUSG00000025730,0.5993254383665145
ENSMUSG00000084862,0.9256619097709874
ENSMUSG00000025728,0.6357215894432965
ENSMUSG00000090113,1.0
ENSMUSG00000025727,0.9796264515780223
ENSMUSG00000097405,1.0
ENSMUSG00000037326,0.6272792221561312
ENSMUSG00000097523,1.0
ENSMUSG00000037098,0.6133395307255085
ENSMUSG00000036775,0.8263320209144919
ENSMUSG00000024177,1.0
ENSMUSG00000024180,0.9458238064819923
ENSMUSG00000024181,0.7062258883742633
ENSMUSG00000024182,0.6799867551985321
ENSMUSG00000024184,1.0
ENSMUSG00000073433,0.8901064880522984
ENSMUSG00000024186,0.9998561482045142
ENSMUSG00000024187,0.6344521219704047
ENSMUSG00000024188,0.6154653467412754
ENSMUSG00000117596,0.8196623909989875
ENSMUSG00000117551,1.0
ENSMUSG00000034413,0.9662816612850174
ENSMUSG00000118232,1.0
ENSMUSG00000118107,0.7933999514098753
ENSMUSG00000024190,0.45000221389203754
ENSMUSG00000118068,1.0
ENSMUSG00000001576,0.6376872034299256
ENSMUSG00000091078,1.0
ENSMUSG00000015575,0.5297090797648178
ENSMUSG00000048249,0.5126754242521177
ENSMUSG00000024191,0.8027351769773802
ENSMUSG00000015579,1.0
ENSMUSG00000078838,0.998037255732108
ENSMUSG00000092539,1.0
ENSMUSG00000118147,1.0
ENSMUSG00000024301,0.9759252283636699
ENSMUSG00000024193,0.738431383625035
ENSMUSG00000024194,0.6326568367415114
ENSMUSG00000067629,0.8253491645643319
ENSMUSG00000079605,0.8307453861464409
ENSMUSG00000118007,1.0
ENSMUSG00000048731,0.8238257832599162
ENSMUSG00000057789,0.813656387229227
ENSMUSG00000117799,1.0
ENSMUSG00000042644,0.9210070968004609
ENSMUSG00000086898,1.0
ENSMUSG00000024208,0.5540271855553941
ENSMUSG00000118010,1.0
ENSMUSG00000024210,1.0
ENSMUSG00000044857,0.7092703997064534
ENSMUSG00000097090,0.733986378560221
ENSMUSG00000117916,1.0
ENSMUSG00000117794,1.0
ENSMUSG00000116751,1.0
ENSMUSG00000073430,1.0
ENSMUSG00000116692,1.0
ENSMUSG00000116879,1.0
ENSMUSG00000116970,1.0
ENSMUSG00000063239,0.6097482422058881
ENSMUSG00000116657,1.0
ENSMUSG00000046711,0.9874225458104338
ENSMUSG00000062753,0.7198102518620644
ENSMUSG00000116884,1.0
ENSMUSG00000024213,0.5108832994241882
ENSMUSG00000116571,0.9377112123694369
ENSMUSG00000052146,0.2903727918158676
ENSMUSG00000087387,1.0
ENSMUSG00000040276,0.5849591785633066
ENSMUSG00000024215,1.0
ENSMUSG00000086485,1.0
ENSMUSG00000056692,0.5682750601215123
ENSMUSG00000024217,0.7258517917888548
ENSMUSG00000039512,0.805541091037251
ENSMUSG00000024218,0.721884659424371
ENSMUSG00000117216,1.0
ENSMUSG00000024219,0.5284648544312327
ENSMUSG00000085846,1.0
ENSMUSG00000117130,1.0
ENSMUSG00000117263,1.0
ENSMUSG00000062859,1.0
ENSMUSG00000038677,1.0
ENSMUSG00000117171,1.0
ENSMUSG00000024220,0.7227125080473296
ENSMUSG00000002257,0.8457236809138613
ENSMUSG00000117028,1.0
ENSMUSG00000002250,0.5756604296234885
ENSMUSG00000007570,0.7172283381312369
ENSMUSG00000117027,1.0
ENSMUSG00000117303,1.0
ENSMUSG00000037805,0.4208161989557044
ENSMUSG00000002249,0.9098814699919524
ENSMUSG00000037446,1.0
ENSMUSG00000024222,0.5553911905968211
ENSMUSG00000117313,1.0
ENSMUSG00000117084,0.9987611269192322
ENSMUSG00000097714,1.0
ENSMUSG00000066170,0.9769904944303689
ENSMUSG00000117131,1.0
ENSMUSG00000024223,1.0
ENSMUSG00000024224,1.0
ENSMUSG00000024225,1.0
ENSMUSG00000062252,1.0
ENSMUSG00000004865,0.6676396265494166
ENSMUSG00000036196,0.9708280296203502
ENSMUSG00000053436,0.5606003251962638
ENSMUSG00000117145,0.9755371300412756
ENSMUSG00000004864,1.0
ENSMUSG00000117255,1.0
ENSMUSG00000063952,0.7739609883661277
ENSMUSG00000117301,1.0
ENSMUSG00000087615,1.0
ENSMUSG00000043286,1.0
ENSMUSG00000048905,1.0
ENSMUSG00000085333,1.0
ENSMUSG00000087693,1.0
ENSMUSG00000045378,1.0
ENSMUSG00000117080,1.0
ENSMUSG00000005936,0.7060580938321586
ENSMUSG00000024006,0.5489792625696546
ENSMUSG00000086154,0.9599124530664139
ENSMUSG00000087308,1.0
ENSMUSG00000071172,0.49246437465110887
ENSMUSG00000117007,0.9876778845957996
ENSMUSG00000085912,0.7996353749458658
ENSMUSG00000023067,0.5535186506160314
ENSMUSG00000064147,1.0
ENSMUSG00000024008,0.8822553564715259
ENSMUSG00000024007,0.876235130934125
ENSMUSG00000117614,1.0
ENSMUSG00000052712,0.7150271906912322
ENSMUSG00000024011,1.0
ENSMUSG00000117592,1.0
ENSMUSG00000024012,0.499182334793271
ENSMUSG00000024013,0.5846180818901747
ENSMUSG00000117575,1.0
ENSMUSG00000117427,1.0
ENSMUSG00000097125,0.9978416825809852
ENSMUSG00000024014,0.824615168271986
ENSMUSG00000091614,1.0
ENSMUSG00000079580,1.0
ENSMUSG00000042203,0.7195667550752106
ENSMUSG00000089900,1.0
ENSMUSG00000117376,1.0
ENSMUSG00000090083,0.698222358988292
ENSMUSG00000117534,1.0
ENSMUSG00000024019,0.6966907814288223
ENSMUSG00000024018,0.7631749494853298
ENSMUSG00000117434,1.0
ENSMUSG00000117489,1.0
ENSMUSG00000043557,0.8334323484468725
ENSMUSG00000086534,1.0
ENSMUSG00000117528,1.0
ENSMUSG00000117371,1.0
ENSMUSG00000044477,0.4482335006367336
ENSMUSG00000062202,0.4750022443453464
ENSMUSG00000117835,1.0
ENSMUSG00000117725,0.851625370813542
ENSMUSG00000024026,0.6109078850918505
ENSMUSG00000099474,1.0
ENSMUSG00000033826,1.0
ENSMUSG00000117760,1.0
ENSMUSG00000118119,1.0
ENSMUSG00000118281,1.0
ENSMUSG00000024027,1.0
ENSMUSG00000117786,1.0
ENSMUSG00000118284,1.0
ENSMUSG00000054134,1.0
ENSMUSG00000118169,1.0
ENSMUSG00000024030,0.5564647844873694
ENSMUSG00000024029,1.0
ENSMUSG00000024028,1.0
ENSMUSG00000086010,1.0
ENSMUSG00000024032,
ENSMUSG00000024034,1.0
ENSMUSG00000042345,1.0
ENSMUSG00000117899,1.0
ENSMUSG00000024033,1.0
ENSMUSG00000024036,0.9997885184060222
ENSMUSG00000041119,0.7269488309614222
ENSMUSG00000118157,1.0
ENSMUSG00000118081,1.0
ENSMUSG00000024037,0.8093639268024858
ENSMUSG00000118049,1.0
ENSMUSG00000024038,0.5947071619477948
ENSMUSG00000117818,1.0
ENSMUSG00000013562,1.0
ENSMUSG00000118071,0.98220235841816
ENSMUSG00000006705,0.7200065021008791
ENSMUSG00000118239,0.9947817614723694
ENSMUSG00000024039,0.6292233504794235
ENSMUSG00000061613,0.5938405520193307
ENSMUSG00000117987,1.0
ENSMUSG00000024041,1.0
ENSMUSG00000117656,1.0
ENSMUSG00000117355,1.0
ENSMUSG00000024042,0.6807356076939128
ENSMUSG00000117562,1.0
ENSMUSG00000117879,1.0
ENSMUSG00000002076,1.0
ENSMUSG00000058392,0.8049449606375341
ENSMUSG00000097305,0.8426979266894223
ENSMUSG00000038146,0.5113925029017931
ENSMUSG00000037577,1.0
ENSMUSG00000024002,0.4865646300951125
ENSMUSG00000097217,0.8302792913514372
ENSMUSG00000024045,0.5768477662444861
ENSMUSG00000002625,0.5338530226601569
ENSMUSG00000024050,0.7058814977027208
ENSMUSG00000052142,0.8562172143524195
ENSMUSG00000117872,1.0
ENSMUSG00000079563,1.0
ENSMUSG00000061126,1.0
ENSMUSG00000091586,0.8249214796946912
ENSMUSG00000048440,0.8989337154641271
ENSMUSG00000062464,1.0
ENSMUSG00000090700,1.0
ENSMUSG00000073424,0.7456559159977312
ENSMUSG00000117443,1.0
ENSMUSG00000024298,0.5617785039730714
ENSMUSG00000091968,1.0
ENSMUSG00000055202,0.8674475956423604
ENSMUSG00000097030,0.9549960315245816
ENSMUSG00000095253,0.7071108153324303
ENSMUSG00000117654,1.0
ENSMUSG00000095325,0.932934690637171
ENSMUSG00000117601,1.0
ENSMUSG00000024292,0.8851398775683627
ENSMUSG00000024055,0.7052349019006771
ENSMUSG00000053600,0.9328943803068003
ENSMUSG00000053390,0.8045412707485001
ENSMUSG00000067430,0.8326034129617802
ENSMUSG00000067424,0.808448342684432
ENSMUSG00000048602,0.9645992161639656
ENSMUSG00000094891,1.0
ENSMUSG00000093884,1.0
ENSMUSG00000096169,1.0
ENSMUSG00000094441,0.8848115107685092
ENSMUSG00000054666,1.0
ENSMUSG00000096910,0.7489926060640909
ENSMUSG00000003929,0.8051270599828827
ENSMUSG00000055240,0.7635293309341924
ENSMUSG00000092519,1.0
ENSMUSG00000117495,
ENSMUSG00000024299,0.6722112716929775
ENSMUSG00000024300,0.5749547951624772
ENSMUSG00000073423,0.7984879914590987
ENSMUSG00000032739,0.8684252556602868
ENSMUSG00000059208,0.5251368169913395
ENSMUSG00000079557,0.5345704731814008
ENSMUSG00000077450,0.5232348134457282
ENSMUSG00000090952,0.9333168760091869
ENSMUSG00000002289,0.8955682499813995
ENSMUSG00000092602,1.0
ENSMUSG00000042099,0.5593856206433998
ENSMUSG00000067288,0.3261605457901885
ENSMUSG00000041881,0.4636656992948431
ENSMUSG00000002308,0.7614914995811117
ENSMUSG00000115113,1.0
ENSMUSG00000079553,1.0
ENSMUSG00000092349,1.0
ENSMUSG00000092564,0.849790167568389
ENSMUSG00000002307,0.8329042162328659
ENSMUSG00000024308,0.6057681237703877
ENSMUSG00000051390,0.8669378359377745
ENSMUSG00000101438,0.9947231855860432
ENSMUSG00000041354,0.6592504653778557
ENSMUSG00000024309,0.6644078448477843
ENSMUSG00000117603,1.0
ENSMUSG00000024312,0.9654743405900114
ENSMUSG00000067370,1.0
ENSMUSG00000008668,0.3369617379549432
ENSMUSG00000024319,0.7444098852243874
ENSMUSG00000118084,1.0
ENSMUSG00000061232,0.516884404637957
ENSMUSG00000024325,0.715650692414622
ENSMUSG00000092338,1.0
ENSMUSG00000073422,0.7998291060768012
ENSMUSG00000024327,0.6961121967745808
ENSMUSG00000039656,0.6796167907027235
ENSMUSG00000024330,0.8528204352337442
ENSMUSG00000098197,1.0
ENSMUSG00000024334,1.0
ENSMUSG00000117772,1.0
ENSMUSG00000024335,0.5353885966815468
ENSMUSG00000037649,0.8112108306936773
ENSMUSG00000117829,1.0
ENSMUSG00000118026,1.0
ENSMUSG00000037548,1.0
ENSMUSG00000079547,1.0
ENSMUSG00000096727,0.9717647657712034
ENSMUSG00000037321,0.9929554769982178
ENSMUSG00000024338,0.8057871924938648
ENSMUSG00000092550,1.0
ENSMUSG00000024339,0.7719890718944525
ENSMUSG00000081512,1.0
ENSMUSG00000041538,1.0
ENSMUSG00000073421,1.0
ENSMUSG00000036594,1.0
ENSMUSG00000092415,1.0
ENSMUSG00000060586,1.0
ENSMUSG00000067341,1.0
ENSMUSG00000024340,1.0
ENSMUSG00000062638,1.0
ENSMUSG00000057246,0.9519219833911969
ENSMUSG00000058435,1.0
ENSMUSG00000092618,1.0
ENSMUSG00000015468,0.7933272424077976
ENSMUSG00000034786,0.8413149127984345
ENSMUSG00000034673,0.7261937577570644
ENSMUSG00000015452,1.0
ENSMUSG00000015478,0.6348094934698733
ENSMUSG00000092395,1.0
ENSMUSG00000034254,0.7191548555978726
ENSMUSG00000015467,0.9617739868570444
ENSMUSG00000015474,0.7109632840173966
ENSMUSG00000015476,0.6324443346672386
ENSMUSG00000092525,1.0
ENSMUSG00000033739,1.0
ENSMUSG00000015461,0.7366342890249927
ENSMUSG00000033327,1.0
ENSMUSG00000073418,0.8864846833320967
ENSMUSG00000024365,1.0
ENSMUSG00000015451,1.0
ENSMUSG00000061207,0.6954575175993978
ENSMUSG00000040482,0.8983207523571991
ENSMUSG00000040356,0.770058173125279
ENSMUSG00000024369,0.7992411951848636
ENSMUSG00000090231,1.0
ENSMUSG00000024371,1.0
ENSMUSG00000049823,0.951993219923727
ENSMUSG00000013787,0.6613260965957616
ENSMUSG00000007034,1.0
ENSMUSG00000007038,0.7195129640959754
ENSMUSG00000092203,0.7971364847539947
ENSMUSG00000090877,0.8348070159486334
ENSMUSG00000091971,0.7764095682874967
ENSMUSG00000092609,1.0
ENSMUSG00000007033,1.0
ENSMUSG00000073415,0.8362998724312097
ENSMUSG00000007050,0.7714343686739545
ENSMUSG00000007029,0.8310458658507881
ENSMUSG00000007030,1.0
ENSMUSG00000036185,0.9800857476684823
ENSMUSG00000007035,1.0
ENSMUSG00000007041,0.5606426631565601
ENSMUSG00000007039,0.7681690878610962
ENSMUSG00000073414,1.0
ENSMUSG00000092586,1.0
ENSMUSG00000073413,0.9965338808264691
ENSMUSG00000013766,1.0
ENSMUSG00000034923,0.9852984968474743
ENSMUSG00000007036,0.6548874151864154
ENSMUSG00000034482,1.0
ENSMUSG00000043807,1.0
ENSMUSG00000024387,0.6982582070381524
ENSMUSG00000092417,0.8586126190946682
ENSMUSG00000092241,1.0
ENSMUSG00000043311,0.8452955134852169
ENSMUSG00000024391,1.0
ENSMUSG00000024392,0.6938663539950218
ENSMUSG00000024393,0.5487015858379769
ENSMUSG00000090936,1.0
ENSMUSG00000024397,0.6353082799347591
ENSMUSG00000073412,0.7278738484363396
ENSMUSG00000024399,1.0
ENSMUSG00000024401,0.7341689818416106
ENSMUSG00000024402,1.0
ENSMUSG00000042419,0.812571602186581
ENSMUSG00000081650,1.0
ENSMUSG00000024403,0.632597765725196
ENSMUSG00000019432,0.5809035067332474
ENSMUSG00000073411,0.5136378503981092
ENSMUSG00000079507,1.0
ENSMUSG00000091705,1.0
ENSMUSG00000079505,1.0
ENSMUSG00000035929,0.8953087151658436
ENSMUSG00000073409,1.0
ENSMUSG00000060550,1.0
ENSMUSG00000067235,1.0
ENSMUSG00000024406,1.0
ENSMUSG00000093516,1.0
ENSMUSG00000050410,1.0
ENSMUSG00000040312,0.9994818753763842
ENSMUSG00000024409,1.0
ENSMUSG00000039518,1.0
ENSMUSG00000039269,1.0
ENSMUSG00000090509,1.0
ENSMUSG00000090588,1.0
ENSMUSG00000073408,1.0
ENSMUSG00000092389,1.0
ENSMUSG00000038838,0.9089776804026672
ENSMUSG00000001524,0.8957554440379888
ENSMUSG00000003534,0.5213685953015355
ENSMUSG00000086867,1.0
ENSMUSG00000092219,1.0
ENSMUSG00000092600,1.0
ENSMUSG00000092171,1.0
ENSMUSG00000003541,0.6028871462522353
ENSMUSG00000059714,0.8029868965761076
ENSMUSG00000001525,0.5329133342173257
ENSMUSG00000061607,0.8224586793066291
ENSMUSG00000087443,0.9117013803494607
ENSMUSG00000059791,1.0
ENSMUSG00000034595,0.6862582687767934
ENSMUSG00000024422,0.7748719361185391
ENSMUSG00000050705,0.7872161359891219
ENSMUSG00000084998,0.9632951540294878
ENSMUSG00000024426,0.680734987691456
ENSMUSG00000024436,0.8525710728742641
ENSMUSG00000039220,0.5558726848494017
ENSMUSG00000038762,0.5994728756756299
ENSMUSG00000038500,0.781488185812006
ENSMUSG00000024429,0.7368549736215974
ENSMUSG00000092604,1.0
ENSMUSG00000092368,0.6619057421690192
ENSMUSG00000053835,1.0
ENSMUSG00000067212,0.813489519202409
ENSMUSG00000056116,0.8004270223540284
ENSMUSG00000073407,1.0
ENSMUSG00000079492,1.0
ENSMUSG00000092243,1.0
ENSMUSG00000092365,1.0
ENSMUSG00000092277,1.0
ENSMUSG00000038311,1.0
ENSMUSG00000073402,1.0
ENSMUSG00000092474,1.0
ENSMUSG00000054128,1.0
ENSMUSG00000092392,1.0
ENSMUSG00000024446,0.6942748382673306
ENSMUSG00000045409,0.7905161778941769
ENSMUSG00000023083,1.0
ENSMUSG00000024448,1.0
ENSMUSG00000058124,1.0
ENSMUSG00000048231,1.0
ENSMUSG00000037537,1.0
ENSMUSG00000067201,1.0
ENSMUSG00000037334,1.0
ENSMUSG00000037246,
ENSMUSG00000037130,
ENSMUSG00000024457,0.6625662420615595
ENSMUSG00000050747,1.0
ENSMUSG00000073400,1.0
ENSMUSG00000073399,1.0
ENSMUSG00000058063,1.0
ENSMUSG00000092239,1.0
ENSMUSG00000036492,1.0
ENSMUSG00000036398,0.6066412980704341
ENSMUSG00000036315,0.7028263098447166
ENSMUSG00000036214,0.9220706161232625
ENSMUSG00000064308,1.0
ENSMUSG00000024459,1.0
ENSMUSG00000036036,0.9899774953390772
ENSMUSG00000076439,0.3967885682909364
ENSMUSG00000024462,0.4779062492202784
ENSMUSG00000056600,1.0
ENSMUSG00000095377,1.0
ENSMUSG00000096477,1.0
ENSMUSG00000091601,1.0
ENSMUSG00000035186,1.0
ENSMUSG00000043827,1.0
ENSMUSG00000049561,1.0
ENSMUSG00000064121,1.0
ENSMUSG00000058802,
ENSMUSG00000092591,1.0
ENSMUSG00000063660,
ENSMUSG00000016206,1.0
ENSMUSG00000061972,1.0
ENSMUSG00000092077,1.0
ENSMUSG00000091531,1.0
ENSMUSG00000049618,1.0
ENSMUSG00000095858,1.0
ENSMUSG00000094884,1.0
ENSMUSG00000095603,1.0
ENSMUSG00000063188,1.0
ENSMUSG00000059687,
ENSMUSG00000029184,1.0
ENSMUSG00000016283,1.0
ENSMUSG00000090894,1.0
ENSMUSG00000090675,1.0
ENSMUSG00000051611,1.0
ENSMUSG00000092292,1.0
ENSMUSG00000062629,1.0
ENSMUSG00000092413,1.0
ENSMUSG00000061336,1.0
ENSMUSG00000095286,1.0
ENSMUSG00000080990,1.0
ENSMUSG00000059964,1.0
ENSMUSG00000063994,1.0
ENSMUSG00000060017,1.0
ENSMUSG00000083947,1.0
ENSMUSG00000045202,
ENSMUSG00000044985,1.0
ENSMUSG00000050613,1.0
ENSMUSG00000109212,
ENSMUSG00000058114,1.0
ENSMUSG00000059030,1.0
ENSMUSG00000109376,
ENSMUSG00000081724,1.0
ENSMUSG00000094878,1.0
ENSMUSG00000043312,1.0
ENSMUSG00000067186,1.0
ENSMUSG00000063240,1.0
ENSMUSG00000096009,
ENSMUSG00000057801,
ENSMUSG00000057443,1.0
ENSMUSG00000054940,1.0
ENSMUSG00000096840,
ENSMUSG00000092322,
ENSMUSG00000092244,1.0
ENSMUSG00000092342,
ENSMUSG00000095625,1.0
ENSMUSG00000094168,
ENSMUSG00000096697,
ENSMUSG00000117311,
ENSMUSG00000094024,
ENSMUSG00000096345,1.0
ENSMUSG00000095104,1.0
ENSMUSG00000097971,0.4473712004736288
ENSMUSG00000098178,0.18917948453945957
ENSMUSG00000105361,0.3733006860907145
ENSMUSG00000095886,1.0
ENSMUSG00000117136,1.0
ENSMUSG00000031233,1.0
ENSMUSG00000025433,1.0
ENSMUSG00000025431,1.0
ENSMUSG00000090747,1.0
ENSMUSG00000092043,
ENSMUSG00000090897,1.0
ENSMUSG00000095540,
ENSMUSG00000093957,1.0
ENSMUSG00000073396,
ENSMUSG00000023930,1.0
ENSMUSG00000023926,1.0
ENSMUSG00000054951,1.0
ENSMUSG00000091043,1.0
ENSMUSG00000023919,0.8863533600294946
ENSMUSG00000023921,0.6779924950811793
ENSMUSG00000117210,1.0
ENSMUSG00000042256,0.6365814696937733
ENSMUSG00000043972,1.0
ENSMUSG00000023918,1.0
ENSMUSG00000057899,1.0
ENSMUSG00000061665,0.46969129919896757
ENSMUSG00000023915,0.6121678245110206
ENSMUSG00000117011,1.0
ENSMUSG00000041293,1.0
ENSMUSG00000056492,0.4290486668845791
ENSMUSG00000023914,1.0
ENSMUSG00000096140,1.0
ENSMUSG00000023913,0.45318593179405925
ENSMUSG00000090307,1.0
ENSMUSG00000040140,1.0
ENSMUSG00000023912,0.5945396061914233
ENSMUSG00000023963,0.9359464429323352
ENSMUSG00000039601,0.43862147607386454
ENSMUSG00000023960,0.6524217857179812
ENSMUSG00000023961,0.6159832265645748
ENSMUSG00000023959,0.6072205920481181
ENSMUSG00000117106,
ENSMUSG00000039153,0.8626861410721778
ENSMUSG00000090048,1.0
ENSMUSG00000089849,1.0
ENSMUSG00000073394,1.0
ENSMUSG00000038954,0.5883547651873029
ENSMUSG00000117044,1.0
ENSMUSG00000023932,0.656969786630107
ENSMUSG00000097119,0.7566439160348319
ENSMUSG00000023935,0.9331112361026546
ENSMUSG00000023938,0.9280338835296329
ENSMUSG00000023949,1.0
ENSMUSG00000096847,0.7986849143351362
ENSMUSG00000023947,0.9821838225170723
ENSMUSG00000037089,0.7327609699139567
ENSMUSG00000023944,0.29249758781444807
ENSMUSG00000023942,0.7830436735938323
ENSMUSG00000067389,1.0
ENSMUSG00000079471,1.0
ENSMUSG00000058626,0.9507509614591994
ENSMUSG00000036026,0.6096453944303601
ENSMUSG00000086472,1.0
ENSMUSG00000023939,0.7224933216647516
ENSMUSG00000094690,1.0
ENSMUSG00000097727,0.9354407290166625
ENSMUSG00000117139,1.0
ENSMUSG00000117085,1.0
ENSMUSG00000117048,1.0
ENSMUSG00000117040,1.0
ENSMUSG00000023951,0.5273485665837824
ENSMUSG00000117287,1.0
ENSMUSG00000023967,0.6899192908085061
ENSMUSG00000023966,0.915579015622901
ENSMUSG00000034509,0.9767030421821522
ENSMUSG00000023952,0.5998280932813992
ENSMUSG00000023953,0.8732517638472224
ENSMUSG00000067150,0.7450140845881688
ENSMUSG00000067148,0.8378782366520492
ENSMUSG00000071074,0.6908761511206447
ENSMUSG00000071073,0.9330618820979487
ENSMUSG00000012296,0.7123891779190922
ENSMUSG00000047428,0.9811994302189662
ENSMUSG00000032842,0.8117619286205537
ENSMUSG00000015597,0.6707791443691506
ENSMUSG00000023968,1.0
ENSMUSG00000067144,1.0
ENSMUSG00000015599,0.7213544247126532
ENSMUSG00000114244,1.0
ENSMUSG00000040658,0.9999770727789364
ENSMUSG00000040327,0.6505340284602789
ENSMUSG00000015605,0.936130084219427
ENSMUSG00000023972,0.8418599152559978
ENSMUSG00000003546,0.8512557189990546
ENSMUSG00000002767,0.7803251302968752
ENSMUSG00000038545,0.8787294500166067
ENSMUSG00000023971,0.7437292119949869
ENSMUSG00000063576,0.70058172093613
ENSMUSG00000002768,0.7360684475545092
ENSMUSG00000059409,0.7521307906799649
ENSMUSG00000002763,0.7330314255410607
ENSMUSG00000002769,1.0
ENSMUSG00000023973,0.6631604870839822
ENSMUSG00000036858,1.0
ENSMUSG00000062619,0.8602695920608346
ENSMUSG00000063888,0.6865161930061437
ENSMUSG00000036568,0.50975611887201
ENSMUSG00000036430,0.8841284628350868
ENSMUSG00000023978,1.0
ENSMUSG00000023977,0.49961464974236536
ENSMUSG00000064043,0.6344583847653913
ENSMUSG00000034729,0.723695992019433
ENSMUSG00000023979,1.0
ENSMUSG00000023982,1.0
ENSMUSG00000047150,1.0
ENSMUSG00000034382,1.0
ENSMUSG00000023980,0.7745421148124704
ENSMUSG00000034165,0.41664039395640456
ENSMUSG00000023988,0.9047948221906337
ENSMUSG00000092558,0.7837441197311283
ENSMUSG00000090115,0.8009418788121713
ENSMUSG00000033475,0.5033148497961215
ENSMUSG00000084880,1.0
ENSMUSG00000096549,1.0
ENSMUSG00000023266,0.8680516421115014
ENSMUSG00000086930,1.0
ENSMUSG00000023987,1.0
ENSMUSG00000023990,0.6240737681110313
ENSMUSG00000032717,1.0
ENSMUSG00000023991,0.8055857708737859
ENSMUSG00000085932,1.0
ENSMUSG00000094928,1.0
ENSMUSG00000117334,1.0
ENSMUSG00000021545,1.0
ENSMUSG00000117157,1.0
ENSMUSG00000073386,1.0
ENSMUSG00000043939,1.0
ENSMUSG00000042265,1.0
ENSMUSG00000041754,1.0
ENSMUSG00000051682,1.0
ENSMUSG00000071068,1.0
ENSMUSG00000043740,1.0
ENSMUSG00000023992,0.5253458608824638
ENSMUSG00000023993,1.0
ENSMUSG00000023994,0.7064828494038128
ENSMUSG00000040771,0.7310714492516117
ENSMUSG00000117104,1.0
ENSMUSG00000040694,1.0
ENSMUSG00000023995,1.0
ENSMUSG00000043592,1.0
ENSMUSG00000117019,1.0
ENSMUSG00000110276,1.0
ENSMUSG00000040490,0.8517031171606788
ENSMUSG00000101012,1.0
ENSMUSG00000117221,1.0
ENSMUSG00000092268,1.0
ENSMUSG00000064120,0.8549527271631966
ENSMUSG00000040260,0.4334190692456608
ENSMUSG00000023999,0.7579223193916838
ENSMUSG00000090012,1.0
ENSMUSG00000090227,1.0
ENSMUSG00000039316,0.717989891312653
ENSMUSG00000117117,1.0
ENSMUSG00000104256,1.0
ENSMUSG00000117009,1.0
ENSMUSG00000067103,1.0
ENSMUSG00000010592,1.0
ENSMUSG00000117222,0.9994798883036815
ENSMUSG00000038910,0.5047424840888003
ENSMUSG00000023923,0.3800832700009343
ENSMUSG00000117204,1.0
ENSMUSG00000117181,1.0
ENSMUSG00000023927,0.670366597211234
ENSMUSG00000117175,1.0
ENSMUSG00000100150,1.0
ENSMUSG00000117076,1.0
ENSMUSG00000117033,1.0
ENSMUSG00000117035,1.0
ENSMUSG00000098552,1.0
ENSMUSG00000035580,0.8175302941870594
ENSMUSG00000023931,1.0
ENSMUSG00000017831,0.5170566235758675
ENSMUSG00000117128,1.0
ENSMUSG00000044957,1.0
ENSMUSG00000000708,0.5155695997079325
ENSMUSG00000023940,1.0
ENSMUSG00000023122,1.0
ENSMUSG00000023943,1.0
ENSMUSG00000023945,0.9877752123337228
ENSMUSG00000099747,1.0
ENSMUSG00000117132,1.0
ENSMUSG00000024172,0.890609822303457
ENSMUSG00000091504,1.0
ENSMUSG00000024174,0.6350566828515789
ENSMUSG00000032915,1.0
ENSMUSG00000057835,0.9509831484314493
ENSMUSG00000003198,0.9449739483905252
ENSMUSG00000062101,0.978591935415872
ENSMUSG00000003206,1.0
ENSMUSG00000097077,1.0
ENSMUSG00000003208,0.8203550606422106
ENSMUSG00000039154,0.8337452394840749
ENSMUSG00000011589,0.8714029262799374
ENSMUSG00000038781,0.9803225202890246
ENSMUSG00000003199,0.7847523399752052
ENSMUSG00000003200,0.6418994464830753
ENSMUSG00000002835,0.9972172820891414
ENSMUSG00000019578,0.6917058769469915
ENSMUSG00000002833,0.7176167044998246
ENSMUSG00000002831,0.832700091366535
ENSMUSG00000011305,1.0
ENSMUSG00000037095,1.0
ENSMUSG00000001227,0.8257361579036029
ENSMUSG00000044469,0.9997573961110255
ENSMUSG00000019579,0.6292183655449214
ENSMUSG00000001229,0.7246145775693351
ENSMUSG00000117172,1.0
ENSMUSG00000043683,0.7466208486713223
ENSMUSG00000047123,0.8805775561190307
ENSMUSG00000024197,0.7154011015610822
ENSMUSG00000073380,1.0
ENSMUSG00000001228,1.0
ENSMUSG00000024201,0.6567255040332491
ENSMUSG00000013236,0.5272668826470076
ENSMUSG00000044526,1.0
ENSMUSG00000110218,1.0
ENSMUSG00000042625,0.5865474853067483
ENSMUSG00000071054,0.6089745463924721
ENSMUSG00000049760,0.5988592346685943
ENSMUSG00000057863,0.33855622383159834
ENSMUSG00000041168,0.7821111772958146
ENSMUSG00000040828,1.0
ENSMUSG00000002372,0.7154081809246943
ENSMUSG00000054723,0.8993497090110165
ENSMUSG00000002379,0.5975768898285934
ENSMUSG00000039481,0.9898274328430531
ENSMUSG00000007603,0.7925690882695803
ENSMUSG00000090273,1.0
ENSMUSG00000024206,0.8639279771637839
ENSMUSG00000024207,1.0
ENSMUSG00000024209,1.0
ENSMUSG00000024212,0.7804733068485651
ENSMUSG00000045019,1.0
ENSMUSG00000117245,1.0
ENSMUSG00000002660,0.6121817808908596
ENSMUSG00000002661,0.8873525777694933
ENSMUSG00000002664,1.0
ENSMUSG00000002658,0.791998879639963
ENSMUSG00000109739,0.9785004911282379
ENSMUSG00000007670,0.598743600659731
ENSMUSG00000011486,1.0
ENSMUSG00000091390,1.0
ENSMUSG00000046329,0.6034760691450894
ENSMUSG00000044279,1.0
ENSMUSG00000002668,0.8670959091447891
ENSMUSG00000117297,1.0
ENSMUSG00000062591,0.3394822868015062
ENSMUSG00000079414,0.8907178740556938
ENSMUSG00000035678,1.0
ENSMUSG00000019489,1.0
ENSMUSG00000005824,1.0
ENSMUSG00000024164,1.0
ENSMUSG00000005823,0.724051191980223
ENSMUSG00000019487,0.93590386943465
ENSMUSG00000034116,0.7038001129338854
ENSMUSG00000004730,0.6760305495284658
ENSMUSG00000090655,1.0
ENSMUSG00000095330,1.0
ENSMUSG00000038048,0.8668401920434436
ENSMUSG00000117100,0.9756128988429257
ENSMUSG00000024227,0.7585815695310961
ENSMUSG00000086594,1.0
ENSMUSG00000024228,0.9613195373118485
ENSMUSG00000117191,1.0
ENSMUSG00000101606,1.0
ENSMUSG00000117036,1.0
ENSMUSG00000117066,1.0
ENSMUSG00000048915,0.6952183832131076
ENSMUSG00000023965,0.43366648660767054
ENSMUSG00000090565,1.0
ENSMUSG00000000127,0.5843805832841321
ENSMUSG00000045506,1.0
ENSMUSG00000024083,0.49186985224414453
ENSMUSG00000073377,1.0
ENSMUSG00000024085,0.6296257229417618
ENSMUSG00000091160,1.0
ENSMUSG00000117105,1.0
ENSMUSG00000024088,1.0
ENSMUSG00000045036,1.0
ENSMUSG00000024091,0.5112292188871275
ENSMUSG00000050612,1.0
ENSMUSG00000056515,0.42200417354110686
ENSMUSG00000061950,0.6177207594306972
ENSMUSG00000024096,0.48361960241679225
ENSMUSG00000117335,1.0
ENSMUSG00000117250,1.0
ENSMUSG00000117229,1.0
ENSMUSG00000024098,0.7142732966202091
ENSMUSG00000034647,0.4282480298827769
ENSMUSG00000024099,0.6088418521221192
ENSMUSG00000024101,0.83422747600213
ENSMUSG00000035842,1.0
ENSMUSG00000117296,1.0
ENSMUSG00000117220,0.9540888216877547
ENSMUSG00000052105,0.5986063033857287
ENSMUSG00000117003,1.0
ENSMUSG00000023460,0.5510433668147354
ENSMUSG00000117235,1.0
ENSMUSG00000024105,1.0
ENSMUSG00000033278,0.3709823817834522
ENSMUSG00000114563,0.9976189175164639
ENSMUSG00000114291,1.0
ENSMUSG00000114492,1.0
ENSMUSG00000117029,1.0
ENSMUSG00000073375,1.0
ENSMUSG00000032796,1.0
ENSMUSG00000024043,1.0
ENSMUSG00000117243,1.0
ENSMUSG00000117208,
ENSMUSG00000117193,1.0
ENSMUSG00000041565,0.9803058589527474
ENSMUSG00000095407,0.9713954407382586
ENSMUSG00000117004,1.0
ENSMUSG00000024044,0.4834022776260319
ENSMUSG00000100572,1.0
ENSMUSG00000117323,1.0
ENSMUSG00000117069,1.0
ENSMUSG00000049672,0.8126636236463775
ENSMUSG00000096988,0.994562729137007
ENSMUSG00000073374,0.8956909662600578
ENSMUSG00000091636,0.9862527318264703
ENSMUSG00000117053,1.0
ENSMUSG00000117124,1.0
ENSMUSG00000117233,1.0
ENSMUSG00000003279,0.345891964635836
ENSMUSG00000097282,0.8885418299185096
ENSMUSG00000117231,0.8523842566681576
ENSMUSG00000093622,1.0
ENSMUSG00000047407,0.8251397599751176
ENSMUSG00000097154,0.8106784980121683
ENSMUSG00000117079,1.0
ENSMUSG00000034868,0.4842022169249969
ENSMUSG00000024048,0.5125395776661551
ENSMUSG00000024049,0.8646224433866934
ENSMUSG00000117315,1.0
ENSMUSG00000024052,0.5511791579943829
ENSMUSG00000024053,0.9157450064057818
ENSMUSG00000117137,1.0
ENSMUSG00000117199,1.0
ENSMUSG00000024054,0.5323515563916563
ENSMUSG00000091831,1.0
ENSMUSG00000024056,1.0
ENSMUSG00000052525,0.9868868494030806
ENSMUSG00000085492,0.7945791911618778
ENSMUSG00000117637,1.0
ENSMUSG00000041057,0.6610327335518323
ENSMUSG00000045761,1.0
ENSMUSG00000089779,1.0
ENSMUSG00000044375,1.0
ENSMUSG00000024059,0.8004325255575608
ENSMUSG00000055471,0.8117838791709371
ENSMUSG00000039770,0.6812172378863026
ENSMUSG00000024063,0.5672229710569273
ENSMUSG00000117096,1.0
ENSMUSG00000054469,0.7214518392940232
ENSMUSG00000117292,1.0
ENSMUSG00000043705,1.0
ENSMUSG00000024064,0.9292940377388803
ENSMUSG00000117023,1.0
ENSMUSG00000117118,1.0
ENSMUSG00000090168,1.0
ENSMUSG00000024065,0.6835342698859826
ENSMUSG00000024066,0.7225568097022862
ENSMUSG00000038541,1.0
ENSMUSG00000117226,1.0
ENSMUSG00000058704,0.6329863464547393
ENSMUSG00000024067,0.6626993892708604
ENSMUSG00000024068,0.6029882222659412
ENSMUSG00000024069,0.7507522838802055
ENSMUSG00000039193,1.0
ENSMUSG00000024072,0.6117619765577513
ENSMUSG00000117358,0.976076684059247
ENSMUSG00000024073,0.44237490350503017
ENSMUSG00000097546,0.8120079666197855
ENSMUSG00000024078,0.7999152528329316
ENSMUSG00000117444,0.9989494052027165
ENSMUSG00000117441,1.0
ENSMUSG00000117560,1.0
ENSMUSG00000117342,1.0
ENSMUSG00000001870,0.7250160043411367
ENSMUSG00000071042,0.4187046509264441
ENSMUSG00000002017,0.7347728856025784
ENSMUSG00000117539,1.0
ENSMUSG00000117598,1.0
ENSMUSG00000117648,1.0
ENSMUSG00000024074,0.4981559971505817
ENSMUSG00000056121,0.6606755461893659
ENSMUSG00000117525,1.0
ENSMUSG00000024076,0.7157863712154214
ENSMUSG00000024077,0.5840051831414748
ENSMUSG00000039414,0.7009131757556001
ENSMUSG00000050668,0.7506776141863778
ENSMUSG00000024079,0.6958243483341602
ENSMUSG00000038045,1.0
ENSMUSG00000062691,0.6549965496515232
ENSMUSG00000024081,0.5939559484398393
ENSMUSG00000024082,0.6810624743143394
ENSMUSG00000024070,0.5590203207952728
ENSMUSG00000024084,0.9047892379595451
ENSMUSG00000036533,0.7021621434123828
ENSMUSG00000036368,0.838638657520457
ENSMUSG00000024087,1.0
ENSMUSG00000117426,1.0
ENSMUSG00000117616,1.0
ENSMUSG00000117394,1.0
ENSMUSG00000117561,1.0
ENSMUSG00000059811,0.5877838033072136
ENSMUSG00000117415,1.0
ENSMUSG00000024095,0.654772950178303
ENSMUSG00000035473,0.9486409057204104
ENSMUSG00000024097,0.5398152175481019
ENSMUSG00000046196,1.0
ENSMUSG00000055760,0.9743780041735632
ENSMUSG00000035051,0.6413987497781269
ENSMUSG00000117440,1.0
ENSMUSG00000045257,0.7281154592099902
ENSMUSG00000054901,0.9999223564472524
ENSMUSG00000066938,1.0
ENSMUSG00000024241,0.542324989252123
ENSMUSG00000033966,0.9902471591701755
ENSMUSG00000117375,0.9916011927019533
ENSMUSG00000024242,0.5201026417563062
ENSMUSG00000112121,1.0
ENSMUSG00000024245,0.635436933188271
ENSMUSG00000024246,0.829035013003573
ENSMUSG00000117413,1.0
ENSMUSG00000054640,0.3517024950645935
ENSMUSG00000079333,1.0
ENSMUSG00000117399,1.0
ENSMUSG00000100154,1.0
ENSMUSG00000117509,1.0
ENSMUSG00000024247,0.9293292788763718
ENSMUSG00000032624,0.5424631580122664
ENSMUSG00000024248,0.4458893825315778
ENSMUSG00000045053,1.0
ENSMUSG00000055817,0.6438294834143877
ENSMUSG00000000673,1.0
ENSMUSG00000097254,1.0
ENSMUSG00000117442,1.0
ENSMUSG00000117421,1.0
ENSMUSG00000117611,1.0
ENSMUSG00000117564,1.0
ENSMUSG00000117431,1.0
ENSMUSG00000117446,1.0
ENSMUSG00000117432,1.0
ENSMUSG00000117571,1.0
ENSMUSG00000117485,1.0
ENSMUSG00000045817,0.5048224320936805
ENSMUSG00000117393,0.8683324576208086
ENSMUSG00000024251,0.5680218378857603
ENSMUSG00000040852,0.6604299407761881
ENSMUSG00000117391,1.0
ENSMUSG00000117647,0.9470994670201873
ENSMUSG00000024253,0.8991537200339739
ENSMUSG00000040505,1.0
ENSMUSG00000024254,1.0
ENSMUSG00000024120,0.6722255920803178
ENSMUSG00000117595,1.0
ENSMUSG00000097047,0.9735925212187378
ENSMUSG00000061130,0.5740492873964654
ENSMUSG00000024131,0.9991627282683029
ENSMUSG00000024127,0.7882932574027746
ENSMUSG00000071037,0.5742665158114885
ENSMUSG00000093460,0.9563875534575433
ENSMUSG00000038805,0.8750607735986898
ENSMUSG00000099635,1.0
ENSMUSG00000024134,1.0
ENSMUSG00000117422,1.0
ENSMUSG00000100345,1.0
ENSMUSG00000117501,1.0
ENSMUSG00000024135,0.703458811650198
ENSMUSG00000045038,0.45312149044670913
ENSMUSG00000100738,1.0
ENSMUSG00000071036,1.0
ENSMUSG00000024140,0.3476880756503158
ENSMUSG00000099798,1.0
ENSMUSG00000037689,1.0
ENSMUSG00000117457,1.0
ENSMUSG00000053375,1.0
ENSMUSG00000024143,0.5251895364382482
ENSMUSG00000117628,0.9680919340894995
ENSMUSG00000024145,0.8493759108177237
ENSMUSG00000024146,0.600212053730252
ENSMUSG00000037104,0.660684269582941
ENSMUSG00000117384,1.0
ENSMUSG00000024150,0.658173359007629
ENSMUSG00000085287,1.0
ENSMUSG00000036918,0.7126660870881304
ENSMUSG00000089701,1.0
ENSMUSG00000089755,1.0
ENSMUSG00000036557,1.0
ENSMUSG00000036438,0.37288209037413633
ENSMUSG00000117545,1.0
ENSMUSG00000117486,1.0
ENSMUSG00000100847,1.0
ENSMUSG00000117361,1.0
ENSMUSG00000117414,1.0
ENSMUSG00000045394,1.0
ENSMUSG00000024151,0.7927188148698223
ENSMUSG00000050138,0.7441462344714793
ENSMUSG00000117466,1.0
ENSMUSG00000093922,1.0
ENSMUSG00000005370,0.9057261291986408
ENSMUSG00000005371,0.4897359149630285
ENSMUSG00000097676,1.0
ENSMUSG00000117369,1.0
ENSMUSG00000117351,0.7601657699023703
ENSMUSG00000117497,1.0
ENSMUSG00000034998,0.6111294397357264
ENSMUSG00000034709,0.5455068217804101
ENSMUSG00000033855,0.7603731215877079
ENSMUSG00000117567,1.0
ENSMUSG00000024154,1.0
ENSMUSG00000024107,0.9967101510454813
ENSMUSG00000032937,1.0
ENSMUSG00000117364,1.0
ENSMUSG00000117524,1.0
ENSMUSG00000117511,1.0
ENSMUSG00000066878,1.0
ENSMUSG00000117635,1.0
ENSMUSG00000024109,0.25079188664037444
ENSMUSG00000090160,0.9338290988207578
ENSMUSG00000071033,1.0
ENSMUSG00000087425,1.0
ENSMUSG00000117417,1.0
ENSMUSG00000117433,1.0
ENSMUSG00000024256,0.9868437605584165
ENSMUSG00000055660,0.7914664360987221
ENSMUSG00000066057,0.7147933758087672
ENSMUSG00000095193,1.0
ENSMUSG00000091539,
ENSMUSG00000063889,0.6897236382138214
ENSMUSG00000097746,0.9663154377121443
ENSMUSG00000024231,0.6640210401998777
ENSMUSG00000024232,0.9229944205665483
ENSMUSG00000024233,1.0
ENSMUSG00000024235,0.8296278881532416
ENSMUSG00000117401,1.0
ENSMUSG00000097641,1.0
ENSMUSG00000024234,0.7109296719951012
ENSMUSG00000117579,1.0
ENSMUSG00000117521,1.0
ENSMUSG00000033960,0.46261158263905827
ENSMUSG00000097043,1.0
ENSMUSG00000024236,0.5257346278364955
ENSMUSG00000097888,1.0
ENSMUSG00000050945,0.6507188920836824
ENSMUSG00000117520,1.0
ENSMUSG00000117617,1.0
ENSMUSG00000063087,0.6716592737774468
ENSMUSG00000097926,1.0
ENSMUSG00000024238,0.37992948759373474
ENSMUSG00000117508,1.0
ENSMUSG00000041225,0.565902855186825
ENSMUSG00000006740,0.40597709457434594
ENSMUSG00000091165,0.9467902646547558
ENSMUSG00000117519,1.0
ENSMUSG00000024240,0.5192728650030428
ENSMUSG00000101320,0.9402257409254634
ENSMUSG00000039540,1.0
ENSMUSG00000073639,0.5667049322751886
ENSMUSG00000117461,1.0
ENSMUSG00000117652,1.0
ENSMUSG00000061013,0.9288622058287653
ENSMUSG00000117356,1.0
ENSMUSG00000061802,1.0
ENSMUSG00000057440,0.6040359317105599
ENSMUSG00000117505,0.8694943604985126
ENSMUSG00000024283,0.4704321748238954
ENSMUSG00000117490,1.0
ENSMUSG00000036904,0.9003747424612465
ENSMUSG00000036855,1.0
ENSMUSG00000024286,0.48081056038387365
ENSMUSG00000050996,
ENSMUSG00000036103,0.5307433848644503
ENSMUSG00000024287,0.6184599182742544
ENSMUSG00000047879,0.6409151302241247
ENSMUSG00000024290,0.4133652259321617
ENSMUSG00000042942,0.8885282914917496
ENSMUSG00000024293,0.6131010373816262
ENSMUSG00000002477,0.6137813265659504
ENSMUSG00000002475,0.5961943384621085
ENSMUSG00000097387,1.0
ENSMUSG00000024294,0.5340183826450126
ENSMUSG00000095438,0.9259353707849046
ENSMUSG00000097222,1.0
ENSMUSG00000005836,1.0
ENSMUSG00000041238,0.7853731909756649
ENSMUSG00000117634,1.0
ENSMUSG00000097440,0.7261560885406384
ENSMUSG00000040957,0.5128151426633394
ENSMUSG00000049411,0.7027867968100812
ENSMUSG00000024404,0.5631258373486969
ENSMUSG00000024410,0.894627587322191
ENSMUSG00000024413,0.5237926049630238
ENSMUSG00000086935,1.0
ENSMUSG00000057766,0.7826129758745741
ENSMUSG00000024421,0.8685089056500434
ENSMUSG00000101406,1.0
ENSMUSG00000024424,0.8187967647774841
ENSMUSG00000117418,1.0
ENSMUSG00000117573,1.0
ENSMUSG00000024430,0.9998607753035249
ENSMUSG00000044252,0.4655059992108478
ENSMUSG00000117494,0.9986616490545727
ENSMUSG00000024423,0.5494859388225327
ENSMUSG00000037346,1.0
ENSMUSG00000117536,1.0
ENSMUSG00000117608,1.0
ENSMUSG00000024420,0.5468099547052376
ENSMUSG00000117633,0.9913027016118152
ENSMUSG00000117365,1.0
ENSMUSG00000117605,
ENSMUSG00000037013,0.6039499278598558
ENSMUSG00000036743,1.0
ENSMUSG00000054321,0.8486910932628016
ENSMUSG00000036225,0.6018258879410765
ENSMUSG00000117450,0.8645245727262922
ENSMUSG00000117613,0.603498482532096
ENSMUSG00000117404,0.817720230187024
ENSMUSG00000117380,1.0
ENSMUSG00000117645,1.0
ENSMUSG00000024411,0.4699345296695258
ENSMUSG00000117541,1.0
ENSMUSG00000047161,0.9243353088313332
ENSMUSG00000117532,1.0
ENSMUSG00000024304,0.4663039880115412
ENSMUSG00000085575,1.0
ENSMUSG00000086095,1.0
ENSMUSG00000087170,1.0
ENSMUSG00000117615,1.0
ENSMUSG00000117574,1.0
ENSMUSG00000117378,1.0
ENSMUSG00000059898,1.0
ENSMUSG00000024331,1.0
ENSMUSG00000044322,1.0
ENSMUSG00000034774,1.0
ENSMUSG00000069441,1.0
ENSMUSG00000061928,1.0
ENSMUSG00000001804,1.0
ENSMUSG00000056632,1.0
ENSMUSG00000044393,1.0
ENSMUSG00000085595,1.0
ENSMUSG00000061808,1.0
ENSMUSG00000056124,0.6191964452157307
ENSMUSG00000033382,0.5756875658781069
ENSMUSG00000033107,0.927466314117806
ENSMUSG00000024317,0.659962821217493
ENSMUSG00000024313,1.0
ENSMUSG00000042680,0.5895045505481679
ENSMUSG00000117632,1.0
ENSMUSG00000042514,1.0
ENSMUSG00000043168,1.0
ENSMUSG00000024306,1.0
ENSMUSG00000045215,0.7117223398817429
ENSMUSG00000041923,0.5156138720608735
ENSMUSG00000024302,0.37775612113725443
ENSMUSG00000114088,1.0
ENSMUSG00000086287,1.0
ENSMUSG00000024277,0.4813004722490143
ENSMUSG00000024276,0.6415196893030619
ENSMUSG00000063281,0.8845742023419768
ENSMUSG00000051469,0.6238725706787298
ENSMUSG00000047989,0.8185417695610135
ENSMUSG00000000420,0.5210972660842057
ENSMUSG00000117570,1.0
ENSMUSG00000024273,0.7583508592995889
ENSMUSG00000040446,0.5985498793814121
ENSMUSG00000024270,0.7955770668772042
ENSMUSG00000024271,0.7316634205799147
ENSMUSG00000039616,1.0
ENSMUSG00000034295,0.7809959587225509
ENSMUSG00000054745,1.0
ENSMUSG00000024269,0.7446126970269146
ENSMUSG00000033632,0.5421375749601437
ENSMUSG00000024268,0.46544790886656434
ENSMUSG00000114306,1.0
ENSMUSG00000114511,1.0
ENSMUSG00000117410,0.994807376657155
ENSMUSG00000117604,0.9760192976047474
ENSMUSG00000117456,1.0
ENSMUSG00000117529,1.0
ENSMUSG00000117467,1.0
ENSMUSG00000117478,0.9126075406720333
ENSMUSG00000117473,0.9617835337423385
ENSMUSG00000117618,1.0
ENSMUSG00000117554,1.0
ENSMUSG00000117465,0.791944033191208
ENSMUSG00000033628,0.7303780799647746
ENSMUSG00000057455,0.6478046630292493
ENSMUSG00000024261,0.6306788920877501
ENSMUSG00000096934,1.0
ENSMUSG00000024259,0.6598326121306326
ENSMUSG00000092124,1.0
ENSMUSG00000024260,0.6359612774802579
ENSMUSG00000041915,0.6496585219528623
ENSMUSG00000097748,0.9423652198118139
ENSMUSG00000024258,0.7953209196379369
ENSMUSG00000024400,0.5119338724566571
ENSMUSG00000044982,0.7604993522561044
ENSMUSG00000024395,0.566256077761844
ENSMUSG00000052229,0.70581450237943
ENSMUSG00000024388,1.0
ENSMUSG00000084824,1.0
ENSMUSG00000024384,0.6416487925011746
ENSMUSG00000117650,1.0
ENSMUSG00000024386,1.0
ENSMUSG00000097363,1.0
ENSMUSG00000024383,0.5657920529691939
ENSMUSG00000024382,0.8457828454309309
ENSMUSG00000097413,0.9963672212478711
ENSMUSG00000024381,0.3903690560413552
ENSMUSG00000109238,1.0
ENSMUSG00000109232,0.971607354953397
ENSMUSG00000090523,1.0
ENSMUSG00000024379,1.0
ENSMUSG00000038299,0.8110587974619916
ENSMUSG00000097710,1.0
ENSMUSG00000038128,0.5079867332384829
ENSMUSG00000024378,0.7839372888522511
ENSMUSG00000042834,0.5579141407565374
ENSMUSG00000118292,1.0
ENSMUSG00000087590,0.7351405398274607
ENSMUSG00000024376,0.9055956894801463
ENSMUSG00000117961,1.0
ENSMUSG00000005871,0.4162914576353452
ENSMUSG00000014504,0.5890540173478797
ENSMUSG00000005873,0.4713396743815488
ENSMUSG00000014503,0.9462875424608279
ENSMUSG00000036501,0.5917887624457684
ENSMUSG00000012282,1.0
ENSMUSG00000035984,0.9301985516849004
ENSMUSG00000049357,0.9133078747776471
ENSMUSG00000003778,0.5855997028313634
ENSMUSG00000003779,1.0
ENSMUSG00000024370,0.7309971992916606
ENSMUSG00000024366,1.0
ENSMUSG00000044201,1.0
ENSMUSG00000078240,1.0
ENSMUSG00000097755,1.0
ENSMUSG00000034300,0.7260540850802181
ENSMUSG00000038773,0.596746511207301
ENSMUSG00000038555,0.7635460010289801
ENSMUSG00000038418,0.38887963121232794
ENSMUSG00000024360,0.6006490714562002
ENSMUSG00000024359,0.5920903144942792
ENSMUSG00000118380,0.8574770929195178
ENSMUSG00000117727,1.0
ENSMUSG00000037815,0.5131775518709444
ENSMUSG00000071862,0.7776632431868792
ENSMUSG00000117876,1.0
ENSMUSG00000024357,0.617235443873597
ENSMUSG00000117731,1.0
ENSMUSG00000118386,1.0
ENSMUSG00000117869,0.7764024015301415
ENSMUSG00000117694,1.0
ENSMUSG00000037236,0.5317541795654929
ENSMUSG00000118030,1.0
ENSMUSG00000037058,0.478638139313101
ENSMUSG00000024354,1.0
ENSMUSG00000024353,1.0
ENSMUSG00000073600,0.9627344371760183
ENSMUSG00000024352,0.8799408994451065
ENSMUSG00000024350,0.5982009717190679
ENSMUSG00000073598,1.0
ENSMUSG00000073599,0.7429055914809292
ENSMUSG00000024349,0.7151132999761037
ENSMUSG00000091896,0.5070524689123431
ENSMUSG00000046668,0.557759105724187
ENSMUSG00000100320,0.9999988478417222
ENSMUSG00000117840,0.9899935790062157
ENSMUSG00000118080,1.0
ENSMUSG00000118358,1.0
ENSMUSG00000118347,1.0
ENSMUSG00000118122,1.0
ENSMUSG00000024347,0.6062426222210977
ENSMUSG00000060275,0.5990327562403533
ENSMUSG00000117852,1.0
ENSMUSG00000043991,0.4188077238180282
ENSMUSG00000110185,0.6748939074542505
ENSMUSG00000046727,0.5429941241711016
ENSMUSG00000024346,0.588275471062631
ENSMUSG00000024486,0.7350146602261289
ENSMUSG00000118214,1.0
ENSMUSG00000024485,1.0
ENSMUSG00000024483,0.4859487141641408
ENSMUSG00000090264,0.8471714462999029
ENSMUSG00000006050,0.7168334559995233
ENSMUSG00000117679,0.8418544372882909
ENSMUSG00000033272,0.7168334559995233
ENSMUSG00000044719,1.0
ENSMUSG00000051439,0.7753128316059983
ENSMUSG00000006850,0.8322685731922254
ENSMUSG00000014294,0.4526846391083224
ENSMUSG00000024474,0.6506952801837828
ENSMUSG00000042660,0.9549297468205953
ENSMUSG00000044595,1.0
ENSMUSG00000001380,0.7380709747337064
ENSMUSG00000019143,0.8197643136126533
ENSMUSG00000001383,0.5890716170484058
ENSMUSG00000103442,1.0
ENSMUSG00000103386,1.0
ENSMUSG00000104148,1.0
ENSMUSG00000102312,1.0
ENSMUSG00000104252,1.0
ENSMUSG00000102634,1.0
ENSMUSG00000103092,1.0
ENSMUSG00000103384,1.0
ENSMUSG00000103707,1.0
ENSMUSG00000104318,1.0
ENSMUSG00000103800,1.0
ENSMUSG00000103770,1.0
ENSMUSG00000007440,1.0
ENSMUSG00000073594,1.0
ENSMUSG00000102206,1.0
ENSMUSG00000103310,1.0
ENSMUSG00000103255,1.0
ENSMUSG00000102697,1.0
ENSMUSG00000097430,1.0
ENSMUSG00000103456,1.0
ENSMUSG00000051663,1.0
ENSMUSG00000051599,1.0
ENSMUSG00000045498,1.0
ENSMUSG00000045689,1.0
ENSMUSG00000063687,1.0
ENSMUSG00000051678,1.0
ENSMUSG00000045062,0.9879009639749106
ENSMUSG00000045876,1.0
ENSMUSG00000051242,1.0
ENSMUSG00000045657,1.0
ENSMUSG00000051486,1.0
ENSMUSG00000103985,1.0
ENSMUSG00000043458,1.0
ENSMUSG00000047307,1.0
ENSMUSG00000044043,0.9429165369212649
ENSMUSG00000047033,1.0
ENSMUSG00000047910,0.9815074530243753
ENSMUSG00000046387,0.9287151063128323
ENSMUSG00000048347,0.9984364851091835
ENSMUSG00000043313,0.9947862013493589
ENSMUSG00000046191,0.9710712956135441
ENSMUSG00000044022,1.0
ENSMUSG00000073591,0.9749344166741288
ENSMUSG00000104225,1.0
ENSMUSG00000050304,1.0
ENSMUSG00000051316,0.7573132538474133
ENSMUSG00000073590,0.6740657310679927
ENSMUSG00000103144,1.0
ENSMUSG00000103956,1.0
ENSMUSG00000103332,1.0
ENSMUSG00000104346,1.0
ENSMUSG00000103037,1.0
ENSMUSG00000103677,1.0
ENSMUSG00000102748,1.0
ENSMUSG00000103567,0.9971794034292266
ENSMUSG00000103793,0.9847915588391918
ENSMUSG00000104512,1.0
ENSMUSG00000103472,0.9879872479621342
ENSMUSG00000103585,0.9863591437646951
ENSMUSG00000103897,1.0
ENSMUSG00000103749,0.9999911162940571
ENSMUSG00000102440,1.0
ENSMUSG00000103088,1.0
ENSMUSG00000097330,0.7631851693137721
ENSMUSG00000102222,1.0
ENSMUSG00000104063,1.0
ENSMUSG00000102742,0.9999409894718818
ENSMUSG00000102428,0.788852240226673
ENSMUSG00000103309,1.0
ENSMUSG00000102918,0.9818046653886271
ENSMUSG00000023036,0.8606454901337182
ENSMUSG00000102543,0.9554790799469274
ENSMUSG00000102828,1.0
ENSMUSG00000102713,1.0
ENSMUSG00000024456,0.6520504906546165
ENSMUSG00000024454,0.7632667308013249
ENSMUSG00000044024,0.8658405687122646
ENSMUSG00000038524,0.9998729238851468
ENSMUSG00000024451,0.6212499762563242
ENSMUSG00000118056,1.0
ENSMUSG00000051375,0.6884281794515981
ENSMUSG00000089983,1.0
ENSMUSG00000097080,0.8594316290322487
ENSMUSG00000024442,0.7015030764528072
ENSMUSG00000024440,1.0
ENSMUSG00000060450,0.5608603406918558
ENSMUSG00000052102,0.7954226412069464
ENSMUSG00000024425,0.4522948069751318
ENSMUSG00000024427,0.7891937998902144
ENSMUSG00000118257,0.7355846723058512
ENSMUSG00000036585,0.5433047395523734
ENSMUSG00000117994,0.8251787044790925
ENSMUSG00000036452,0.5153969434431077
ENSMUSG00000086991,1.0
ENSMUSG00000086312,0.915154673184825
ENSMUSG00000085289,1.0
ENSMUSG00000024431,0.4282480449269003
ENSMUSG00000117922,1.0
ENSMUSG00000118117,1.0
ENSMUSG00000051732,1.0
ENSMUSG00000118015,1.0
ENSMUSG00000118042,1.0
ENSMUSG00000117838,1.0
ENSMUSG00000024487,0.6093898366164067
ENSMUSG00000117674,1.0
ENSMUSG00000051401,0.6347470013293339
ENSMUSG00000118315,1.0
ENSMUSG00000118202,0.9244521107079191
ENSMUSG00000117847,1.0
ENSMUSG00000117745,1.0
ENSMUSG00000056671,1.0
ENSMUSG00000073574,1.0
ENSMUSG00000057719,1.0
ENSMUSG00000059455,1.0
ENSMUSG00000024493,0.6440677236679523
ENSMUSG00000117662,0.9980733702748389
ENSMUSG00000024491,0.5787215773195625
ENSMUSG00000024497,1.0
ENSMUSG00000024498,0.6290337737338688
ENSMUSG00000042816,1.0
ENSMUSG00000117719,1.0
ENSMUSG00000117926,1.0
ENSMUSG00000024500,0.4505066497129642
ENSMUSG00000084959,1.0
ENSMUSG00000117792,1.0
ENSMUSG00000039954,0.736148782685035
ENSMUSG00000024501,0.7635800721102401
ENSMUSG00000043424,1.0
ENSMUSG00000118018,0.937318750584782
ENSMUSG00000024502,0.6400184039857283
ENSMUSG00000024503,1.0
ENSMUSG00000038791,1.0
ENSMUSG00000071858,1.0
ENSMUSG00000117902,1.0
ENSMUSG00000118006,1.0
ENSMUSG00000055561,1.0
ENSMUSG00000051050,1.0
ENSMUSG00000055095,1.0
ENSMUSG00000061144,1.0
ENSMUSG00000110628,
ENSMUSG00000069385,1.0
ENSMUSG00000053729,1.0
ENSMUSG00000073573,1.0
ENSMUSG00000073572,1.0
ENSMUSG00000038071,1.0
ENSMUSG00000117919,1.0
ENSMUSG00000024471,1.0
ENSMUSG00000024472,0.7276056482193748
ENSMUSG00000071856,0.45580486643794316
ENSMUSG00000097610,0.9826227764583327
ENSMUSG00000034653,0.6860190064530248
ENSMUSG00000118013,1.0
ENSMUSG00000054477,0.5194421329659498
ENSMUSG00000098284,0.8408828211394412
ENSMUSG00000033949,0.7729274575109709
ENSMUSG00000024477,0.6341948645924392
ENSMUSG00000071855,0.8416228149173137
ENSMUSG00000118002,0.9664358368733051
ENSMUSG00000033319,0.6992825483859515
ENSMUSG00000056130,1.0
ENSMUSG00000033184,0.5340729287931766
ENSMUSG00000057561,0.7111976664444475
ENSMUSG00000117780,1.0
ENSMUSG00000033022,0.8297335576710604
ENSMUSG00000032905,0.6779332744030633
ENSMUSG00000024480,0.5875913215090076
ENSMUSG00000024481,1.0
ENSMUSG00000073568,1.0
ENSMUSG00000117588,1.0
ENSMUSG00000042705,0.670162783387712
ENSMUSG00000117621,1.0
ENSMUSG00000117350,1.0
ENSMUSG00000019647,0.452681299227399
ENSMUSG00000117474,1.0
ENSMUSG00000117602,1.0
ENSMUSG00000118180,1.0
ENSMUSG00000118259,1.0
ENSMUSG00000118139,1.0
ENSMUSG00000118113,1.0
ENSMUSG00000118267,1.0
ENSMUSG00000059040,1.0
ENSMUSG00000117885,1.0
ENSMUSG00000100297,
ENSMUSG00000024505,0.861353820561881
ENSMUSG00000087020,1.0
ENSMUSG00000100134,1.0
ENSMUSG00000037416,0.49052101294520545
ENSMUSG00000062210,0.6273544729374502
ENSMUSG00000086600,0.6674585768069823
ENSMUSG00000024507,0.6415673322205706
ENSMUSG00000035420,1.0
ENSMUSG00000048875,1.0
ENSMUSG00000073565,0.6019503108147197
ENSMUSG00000118334,1.0
ENSMUSG00000024510,
ENSMUSG00000024528,0.8025560547824608
ENSMUSG00000024529,1.0
ENSMUSG00000118365,1.0
ENSMUSG00000046886,1.0
ENSMUSG00000024532,1.0
ENSMUSG00000053624,1.0
ENSMUSG00000024534,0.700105190218655
ENSMUSG00000118407,1.0
ENSMUSG00000034484,0.6113398870825145
ENSMUSG00000024535,0.5055178075773258
ENSMUSG00000024538,0.9534673117844779
ENSMUSG00000069378,1.0
ENSMUSG00000118362,1.0
ENSMUSG00000048799,0.6027705775933732
ENSMUSG00000073563,0.5678646034197103
ENSMUSG00000096982,1.0
ENSMUSG00000117881,1.0
ENSMUSG00000118103,1.0
ENSMUSG00000118154,0.7391753609382812
ENSMUSG00000118120,1.0
ENSMUSG00000052713,0.47752580440343984
ENSMUSG00000096948,0.7588695067916497
ENSMUSG00000117733,0.9547439479975885
ENSMUSG00000118141,1.0
ENSMUSG00000001700,0.5709755821755348
ENSMUSG00000053644,0.656683664625637
ENSMUSG00000008301,0.6822730346236943
ENSMUSG00000032900,1.0
ENSMUSG00000118153,1.0
ENSMUSG00000024590,0.8420124449649039
ENSMUSG00000032656,0.6106277366920984
ENSMUSG00000087597,0.9498004331345276
ENSMUSG00000024592,0.8546067694118666
ENSMUSG00000024593,0.5302639935111871
ENSMUSG00000118343,
ENSMUSG00000024594,0.668173358802259
ENSMUSG00000086607,0.8954367945271342
ENSMUSG00000117864,0.687443249581133
ENSMUSG00000069372,0.9910503109353922
ENSMUSG00000085800,1.0
ENSMUSG00000058925,0.9999437064428516
ENSMUSG00000118322,1.0
ENSMUSG00000118391,1.0
ENSMUSG00000024597,0.3915669693031533
ENSMUSG00000024598,0.7442494975810677
ENSMUSG00000024600,1.0
ENSMUSG00000024601,0.7896291665081964
ENSMUSG00000118337,1.0
ENSMUSG00000053441,0.9785282218580933
ENSMUSG00000050875,0.8850011424861556
ENSMUSG00000058152,0.6512756946753575
ENSMUSG00000117701,1.0
ENSMUSG00000073555,1.0
ENSMUSG00000068606,1.0
ENSMUSG00000118361,1.0
ENSMUSG00000090942,1.0
ENSMUSG00000054072,0.9942061088345454
ENSMUSG00000038059,0.6744223890271801
ENSMUSG00000024603,0.4950752297483791
ENSMUSG00000024604,0.7108784872361662
ENSMUSG00000049173,1.0
ENSMUSG00000043079,0.7884165732966902
ENSMUSG00000054008,0.6038371587784793
ENSMUSG00000024608,0.2762215960512665
ENSMUSG00000024610,1.0
ENSMUSG00000024613,0.7483875419114513
ENSMUSG00000036412,1.0
ENSMUSG00000024617,0.5642922678566623
ENSMUSG00000052026,0.9618808361742768
ENSMUSG00000024619,1.0
ENSMUSG00000024620,0.4854779545664273
ENSMUSG00000024621,0.37662819009572546
ENSMUSG00000024622,0.693261894313222
ENSMUSG00000034320,0.820469769344123
ENSMUSG00000024575,0.9307385542910762
ENSMUSG00000033871,0.682033424270283
ENSMUSG00000118229,1.0
ENSMUSG00000117713,1.0
ENSMUSG00000045094,0.7349928777649978
ENSMUSG00000024576,0.4160739127284666
ENSMUSG00000098098,0.7946125003122112
ENSMUSG00000097324,0.7451280658941859
ENSMUSG00000024578,1.0
ENSMUSG00000102778,1.0
ENSMUSG00000024579,0.8011029973245906
ENSMUSG00000024580,0.8029010639472924
ENSMUSG00000098702,0.8678492573374949
ENSMUSG00000033032,0.5393619531228677
ENSMUSG00000032735,0.6714685318971276
ENSMUSG00000045629,0.7785928005017763
ENSMUSG00000118370,1.0
ENSMUSG00000045730,0.750400505059969
ENSMUSG00000054589,1.0
ENSMUSG00000026322,0.9381377256092656
ENSMUSG00000042211,0.6487219552823819
ENSMUSG00000044176,0.8222403901551292
ENSMUSG00000110576,1.0
ENSMUSG00000060201,1.0
ENSMUSG00000073551,1.0
ENSMUSG00000041789,0.9599247093125451
ENSMUSG00000117671,1.0
ENSMUSG00000071847,0.4882639771758781
ENSMUSG00000024581,0.6382940135250635
ENSMUSG00000041482,0.9983904316535931
ENSMUSG00000097980,1.0
ENSMUSG00000024583,0.6301746796514384
ENSMUSG00000040560,0.5706754866745398
ENSMUSG00000117977,1.0
ENSMUSG00000086128,0.9847709487236262
ENSMUSG00000056812,0.7962548480331721
ENSMUSG00000045991,0.8867522417007015
ENSMUSG00000024588,0.6331820602923911
ENSMUSG00000024587,0.5846902555425014
ENSMUSG00000039529,0.7269695195578624
ENSMUSG00000118356,1.0
ENSMUSG00000118045,1.0
ENSMUSG00000114210,1.0
ENSMUSG00000024589,0.45448400476816214
ENSMUSG00000117895,1.0
ENSMUSG00000118017,1.0
ENSMUSG00000032845,1.0
ENSMUSG00000118101,1.0
ENSMUSG00000118163,1.0
ENSMUSG00000117721,1.0
ENSMUSG00000118078,
ENSMUSG00000032688,0.7237459613894898
ENSMUSG00000117860,1.0
ENSMUSG00000117992,1.0
ENSMUSG00000042439,0.529554989316443
ENSMUSG00000118234,1.0
ENSMUSG00000117775,0.9043313560929961
ENSMUSG00000046610,1.0
ENSMUSG00000024516,0.45248989582567123
ENSMUSG00000118170,1.0
ENSMUSG00000024517,1.0
ENSMUSG00000024518,1.0
ENSMUSG00000097907,1.0
ENSMUSG00000024519,1.0
ENSMUSG00000041891,0.631799681157515
ENSMUSG00000117907,1.0
ENSMUSG00000046318,0.9928435686281253
ENSMUSG00000117764,1.0
ENSMUSG00000085055,1.0
ENSMUSG00000024521,1.0
ENSMUSG00000118376,1.0
ENSMUSG00000118201,
ENSMUSG00000117750,1.0
ENSMUSG00000117737,1.0
ENSMUSG00000117968,1.0
ENSMUSG00000047259,1.0
ENSMUSG00000118216,1.0
ENSMUSG00000117798,1.0
ENSMUSG00000117868,1.0
ENSMUSG00000117815,1.0
ENSMUSG00000024524,0.6876873639968603
ENSMUSG00000117757,1.0
ENSMUSG00000109901,0.7146656472356823
ENSMUSG00000062526,0.8408091181712254
ENSMUSG00000024525,0.9365143850472574
ENSMUSG00000046415,1.0
ENSMUSG00000024526,1.0
ENSMUSG00000001473,1.0
ENSMUSG00000024527,0.7280881886249011
ENSMUSG00000024530,0.6950605582639243
ENSMUSG00000024533,0.4664031664495854
ENSMUSG00000073542,0.9467651390621512
ENSMUSG00000024537,0.7611945852158042
ENSMUSG00000024539,0.7069567770090333
ENSMUSG00000118134,0.7935945284246899
ENSMUSG00000097835,0.9663533003376575
ENSMUSG00000079614,0.766537989909015
ENSMUSG00000024542,0.7078029216822481
ENSMUSG00000024544,0.3807463705793735
ENSMUSG00000117891,0.9400360416304455
ENSMUSG00000038121,0.7735580168643811
ENSMUSG00000009535,0.7067964541329572
ENSMUSG00000007480,1.0
ENSMUSG00000045569,1.0
ENSMUSG00000117811,1.0
ENSMUSG00000118317,1.0
ENSMUSG00000118102,1.0
ENSMUSG00000024546,1.0
ENSMUSG00000110211,1.0
ENSMUSG00000117889,1.0
ENSMUSG00000117970,1.0
ENSMUSG00000053477,0.26906752266837125
ENSMUSG00000118028,1.0
ENSMUSG00000038903,1.0
ENSMUSG00000084948,1.0
ENSMUSG00000086824,1.0
ENSMUSG00000024511,0.8497016142251496
ENSMUSG00000024512,1.0
ENSMUSG00000118497,1.0
ENSMUSG00000044906,0.7662099398235029
ENSMUSG00000079608,0.9789759665609605
ENSMUSG00000038425,0.9441779552583429
ENSMUSG00000024513,0.5727639460649735
ENSMUSG00000118309,1.0
ENSMUSG00000060534,0.44629149411702357
ENSMUSG00000117984,1.0
ENSMUSG00000118316,1.0
ENSMUSG00000037253,0.6736139724589167
ENSMUSG00000024515,0.5494504620952408
ENSMUSG00000117985,1.0
ENSMUSG00000036941,0.8220651844996264
ENSMUSG00000024556,0.7365192483954845
ENSMUSG00000064036,0.6386884578150501
ENSMUSG00000024558,0.49306444429531704
ENSMUSG00000090263,1.0
ENSMUSG00000053861,0.7835239830489426
ENSMUSG00000036223,1.0
ENSMUSG00000024560,0.7485476399963022
ENSMUSG00000024561,0.6889192473713556
ENSMUSG00000035394,1.0
ENSMUSG00000025885,0.9849936644796347
ENSMUSG00000086333,1.0
ENSMUSG00000036880,0.7921078100760878
ENSMUSG00000053846,1.0
ENSMUSG00000118384,1.0
ENSMUSG00000062328,0.3196142110436303
ENSMUSG00000036299,0.5384894594031584
ENSMUSG00000035765,0.6028803445999357
ENSMUSG00000092569,1.0
ENSMUSG00000025880,0.4200151790444887
ENSMUSG00000052928,0.5650952286986267
ENSMUSG00000097712,1.0
ENSMUSG00000097302,
ENSMUSG00000044646,0.7781921744950975
ENSMUSG00000118311,1.0
ENSMUSG00000117797,1.0
ENSMUSG00000118004,1.0
ENSMUSG00000024563,0.6669853238852319
ENSMUSG00000117960,1.0
ENSMUSG00000091519,1.0
ENSMUSG00000090000,0.5646699838369827
ENSMUSG00000025421,0.6511101734071014
ENSMUSG00000025420,0.8793720655019306
ENSMUSG00000025423,0.5989456395137102
ENSMUSG00000073532,0.9698425895000793
ENSMUSG00000025425,0.715860854729003
ENSMUSG00000118108,1.0
ENSMUSG00000032818,1.0
ENSMUSG00000025427,0.8013532733932536
ENSMUSG00000047466,0.6295562781667311
ENSMUSG00000097666,1.0
ENSMUSG00000041840,0.8919645842153281
ENSMUSG00000025428,0.45158369889174915
ENSMUSG00000025429,0.6157255457685884
ENSMUSG00000073529,1.0
ENSMUSG00000039840,0.7139264834000284
ENSMUSG00000091055,1.0
ENSMUSG00000059336,0.7249385124124471
ENSMUSG00000024552,1.0
ENSMUSG00000090451,1.0
ENSMUSG00000117661,1.0
ENSMUSG00000024548,0.48553326037810673
ENSMUSG00000056214,0.731575632825259
ENSMUSG00000096597,1.0
ENSMUSG00000053950,0.8148117044051211
ENSMUSG00000118373,1.0
ENSMUSG00000118061,1.0
ENSMUSG00000024570,0.8007111715914995
ENSMUSG00000024571,0.6294561113601701
ENSMUSG00000057130,0.7026084114009518
ENSMUSG00000078963,1.0
ENSMUSG00000034006,0.7939084758713958
ENSMUSG00000059852,1.0
ENSMUSG00000097593,1.0
ENSMUSG00000033323,0.7999161773743295
ENSMUSG00000118070,1.0
ENSMUSG00000118379,1.0
ENSMUSG00000033016,0.6726460234879023
ENSMUSG00000118265,1.0
ENSMUSG00000024566,0.5186760325120137
ENSMUSG00000114891,1.0
ENSMUSG00000024565,0.596834113776228
ENSMUSG00000098720,0.9492842930908809
ENSMUSG00000118268,1.0
ENSMUSG00000118262,1.0
ENSMUSG00000097181,1.0
ENSMUSG00000117717,1.0
ENSMUSG00000118227,1.0
ENSMUSG00000118300,1.0
ENSMUSG00000117870,1.0
ENSMUSG00000118172,1.0
ENSMUSG00000118363,
ENSMUSG00000118073,
ENSMUSG00000118254,1.0
ENSMUSG00000117892,1.0
ENSMUSG00000117817,1.0
ENSMUSG00000117923,1.0
ENSMUSG00000117913,1.0
ENSMUSG00000118279,
ENSMUSG00000118057,1.0
ENSMUSG00000024553,1.0
ENSMUSG00000041607,0.2436888963314163
ENSMUSG00000041258,0.626920703746331
ENSMUSG00000118012,1.0
ENSMUSG00000117824,1.0
ENSMUSG00000117842,1.0
ENSMUSG00000117888,1.0
ENSMUSG00000101773,1.0
ENSMUSG00000118085,1.0
ENSMUSG00000097738,1.0
ENSMUSG00000117762,1.0
ENSMUSG00000058881,0.667488320191588
ENSMUSG00000118339,1.0
ENSMUSG00000118094,1.0
ENSMUSG00000117976,1.0
ENSMUSG00000100430,1.0
ENSMUSG00000118333,1.0
ENSMUSG00000117783,1.0
ENSMUSG00000117993,1.0
ENSMUSG00000117715,1.0
ENSMUSG00000118060,1.0
ENSMUSG00000118387,1.0
ENSMUSG00000118175,1.0
ENSMUSG00000117658,1.0
ENSMUSG00000118222,1.0
ENSMUSG00000118200,1.0
ENSMUSG00000118024,1.0
ENSMUSG00000046982,0.5684367140930473
ENSMUSG00000049090,0.6546740696054724
ENSMUSG00000118225,1.0
ENSMUSG00000117915,1.0
ENSMUSG00000048410,0.5594935339200253
ENSMUSG00000118385,1.0
ENSMUSG00000056162,1.0
ENSMUSG00000117676,1.0
ENSMUSG00000024644,0.749119979186936
ENSMUSG00000089760,1.0
ENSMUSG00000047992,0.8281537172410363
ENSMUSG00000118075,0.9923654066883292
ENSMUSG00000117781,1.0
ENSMUSG00000024646,0.5078299101166767
ENSMUSG00000089744,1.0
ENSMUSG00000034391,1.0
ENSMUSG00000024645,0.774286656073599
ENSMUSG00000118198,1.0
ENSMUSG00000050321,0.7283072636920941
ENSMUSG00000117778,1.0
ENSMUSG00000117736,1.0
ENSMUSG00000024647,0.9522983674773039
ENSMUSG00000069324,1.0
ENSMUSG00000118352,1.0
ENSMUSG00000056153,0.7017296304206868
ENSMUSG00000023066,0.7169473169401218
ENSMUSG00000034028,1.0
ENSMUSG00000073514,0.632481430737123
ENSMUSG00000117805,1.0
ENSMUSG00000024614,0.5846313781195354
ENSMUSG00000110277,0.8584835355366255
ENSMUSG00000100969,1.0
ENSMUSG00000117761,
ENSMUSG00000118182,
ENSMUSG00000118393,
ENSMUSG00000024831,0.8846617316811803
ENSMUSG00000024829,0.7144572264469591
ENSMUSG00000024900,0.6271957020142259
ENSMUSG00000024905,1.0
ENSMUSG00000024907,1.0
ENSMUSG00000024908,0.5303737129768218
ENSMUSG00000114315,0.9804976058280573
ENSMUSG00000114302,1.0
ENSMUSG00000024913,0.6379638138838774
ENSMUSG00000118249,1.0
ENSMUSG00000035372,0.8815629062407289
ENSMUSG00000117739,1.0
ENSMUSG00000117773,1.0
ENSMUSG00000045098,0.549221701237805
ENSMUSG00000082848,0.8831534221544705
ENSMUSG00000024843,0.5097241785730927
ENSMUSG00000117912,1.0
ENSMUSG00000001750,0.7017040401477265
ENSMUSG00000059734,0.6962601632216795
ENSMUSG00000024885,0.9380149325305529
ENSMUSG00000036908,0.513492884463566
ENSMUSG00000037263,1.0
ENSMUSG00000075296,1.0
ENSMUSG00000024866,1.0
ENSMUSG00000037477,1.0
ENSMUSG00000118132,1.0
ENSMUSG00000110949,0.9770191886051045
ENSMUSG00000086107,1.0
ENSMUSG00000024871,0.9644548690829813
ENSMUSG00000037916,0.6993106234002653
ENSMUSG00000060803,0.7491220334005441
ENSMUSG00000038155,1.0
ENSMUSG00000058216,1.0
ENSMUSG00000024857,1.0
ENSMUSG00000024856,0.6542306963802293
ENSMUSG00000024851,0.8011565913370385
ENSMUSG00000024847,0.7168337912749982
ENSMUSG00000024845,0.5348245500378103
ENSMUSG00000024842,1.0
ENSMUSG00000044724,1.0
ENSMUSG00000024835,0.9978945935429492
ENSMUSG00000045826,1.0
ENSMUSG00000024830,0.7997494141052933
ENSMUSG00000075289,0.8468132480300611
ENSMUSG00000097233,1.0
ENSMUSG00000040247,1.0
ENSMUSG00000040385,0.5381329804838054
ENSMUSG00000117839,1.0
ENSMUSG00000024824,0.9224880668609399
ENSMUSG00000118245,1.0
ENSMUSG00000040663,1.0
ENSMUSG00000024854,0.6938058847181381
ENSMUSG00000117718,1.0
ENSMUSG00000034616,0.9384379345001708
ENSMUSG00000005986,0.8640458005937979
ENSMUSG00000118344,1.0
ENSMUSG00000024858,0.5882681297262272
ENSMUSG00000054611,0.48932133608674544
ENSMUSG00000041845,1.0
ENSMUSG00000087132,1.0
ENSMUSG00000049303,0.7890528322852799
ENSMUSG00000042041,1.0
ENSMUSG00000024892,0.6374895347619242
ENSMUSG00000045045,0.8886378673346815
ENSMUSG00000024889,0.8361907047831983
ENSMUSG00000071691,0.9602728114116702
ENSMUSG00000067889,0.7197029130757171
ENSMUSG00000033760,0.6035212190402406
ENSMUSG00000094936,0.7343047605456358
ENSMUSG00000006456,0.7882327254962909
ENSMUSG00000095913,1.0
ENSMUSG00000034108,0.7359211841611488
ENSMUSG00000067872,1.0
ENSMUSG00000083282,0.6671241334002174
ENSMUSG00000006457,1.0
ENSMUSG00000006463,0.8048263387863227
ENSMUSG00000006464,0.8434912039449067
ENSMUSG00000063904,0.8232941395073085
ENSMUSG00000024901,0.9153033705974127
ENSMUSG00000024902,0.737223493801921
ENSMUSG00000045903,0.9886815054066423
ENSMUSG00000024891,0.9275797382401302
ENSMUSG00000047379,0.7327325723285802
ENSMUSG00000080268,0.7550240574036826
ENSMUSG00000024883,0.9916657625225009
ENSMUSG00000056481,1.0
ENSMUSG00000061451,0.5038714247774643
ENSMUSG00000117893,1.0
ENSMUSG00000024875,0.8203787388845599
ENSMUSG00000024873,0.7633963334977857
ENSMUSG00000024870,0.5982401642659336
ENSMUSG00000024862,0.7398572619697076
ENSMUSG00000117710,1.0
ENSMUSG00000024855,0.5537094721986957
ENSMUSG00000024853,0.5484728079524194
ENSMUSG00000118243,1.0
ENSMUSG00000047658,0.9610504137451927
ENSMUSG00000118263,1.0
ENSMUSG00000038498,1.0
ENSMUSG00000024846,0.948350660671497
ENSMUSG00000024844,0.6552827455090584
ENSMUSG00000024841,0.7306661113988918
ENSMUSG00000039148,0.7489913311393395
ENSMUSG00000117959,1.0
ENSMUSG00000039330,1.0
ENSMUSG00000086938,0.7895148328626778
ENSMUSG00000024914,0.49925048845707903
ENSMUSG00000047423,0.7234514477658446
ENSMUSG00000024912,1.0
ENSMUSG00000095098,0.4749936476401332
ENSMUSG00000024911,0.6541144976703197
ENSMUSG00000024910,1.0
ENSMUSG00000024909,0.8257861761931133
ENSMUSG00000024906,0.8092399915448747
ENSMUSG00000056201,0.4130536776186185
ENSMUSG00000056185,0.7146984721936239
ENSMUSG00000100937,1.0
ENSMUSG00000024922,1.0
ENSMUSG00000117861,1.0
ENSMUSG00000049562,1.0
ENSMUSG00000024925,0.7011785781723437
ENSMUSG00000024926,0.7771097249521416
ENSMUSG00000024927,0.6782427900498164
ENSMUSG00000056917,0.594682485266998
ENSMUSG00000054874,0.7054292926949157
ENSMUSG00000004054,0.7428231510290839
ENSMUSG00000118077,1.0
ENSMUSG00000024936,1.0
ENSMUSG00000024937,0.8014133156814612
ENSMUSG00000089766,1.0
ENSMUSG00000024939,0.7579707191444371
ENSMUSG00000079478,0.8139774766928911
ENSMUSG00000024940,0.7812378409831596
ENSMUSG00000024941,0.7641202362285122
ENSMUSG00000092341,0.0876974498734652
ENSMUSG00000092274,0.44036115671254655
ENSMUSG00000043488,1.0
ENSMUSG00000024816,0.6019038986079812
ENSMUSG00000024818,0.8066874145929261
ENSMUSG00000044390,1.0
ENSMUSG00000024826,0.6481684423602261
ENSMUSG00000110156,0.7750999273902662
ENSMUSG00000045664,0.7407999719756052
ENSMUSG00000024833,0.9147505203599731
ENSMUSG00000037451,1.0
ENSMUSG00000024942,0.9586458634579202
ENSMUSG00000097404,1.0
ENSMUSG00000024807,0.723140637113214
ENSMUSG00000007338,0.826973440778452
ENSMUSG00000038274,0.2607167795333334
ENSMUSG00000075227,0.867905005977145
ENSMUSG00000024799,0.8814895624149787
ENSMUSG00000024797,0.892621844720584
ENSMUSG00000047733,1.0
ENSMUSG00000024792,0.8217711678303269
ENSMUSG00000024791,1.0
ENSMUSG00000117666,1.0
ENSMUSG00000054999,1.0
ENSMUSG00000024790,0.8765652280018572
ENSMUSG00000024787,0.6416051755742568
ENSMUSG00000024944,0.6468067896308247
ENSMUSG00000039699,1.0
ENSMUSG00000024786,1.0
ENSMUSG00000024784,1.0
ENSMUSG00000024777,0.7383911964571638
ENSMUSG00000024773,0.7462350893672803
ENSMUSG00000085196,1.0
ENSMUSG00000024772,0.7380208439592261
ENSMUSG00000024769,0.9280528016998477
ENSMUSG00000024947,0.761219121156236
ENSMUSG00000024948,0.6291817452746844
ENSMUSG00000079467,0.8005405992047296
ENSMUSG00000024949,0.5694090708383713
ENSMUSG00000032648,0.707715138859116
ENSMUSG00000032946,0.5890217523274069
ENSMUSG00000084876,1.0
ENSMUSG00000033768,0.4642100547953362
ENSMUSG00000052188,0.6867168616590228
ENSMUSG00000061742,1.0
ENSMUSG00000084825,1.0
ENSMUSG00000085285,1.0
ENSMUSG00000118181,1.0
ENSMUSG00000024952,1.0
ENSMUSG00000047810,1.0
ENSMUSG00000024953,0.567879415928557
ENSMUSG00000038812,0.6569967960956292
ENSMUSG00000024955,0.7091027662495523
ENSMUSG00000050623,1.0
ENSMUSG00000024957,1.0
ENSMUSG00000024958,0.7711442852821384
ENSMUSG00000024959,0.6971147584488251
ENSMUSG00000024960,0.8395826380541013
ENSMUSG00000056612,0.5573783249038606
ENSMUSG00000056629,0.5741026643178528
ENSMUSG00000024962,0.6409157356177662
ENSMUSG00000024963,0.7839517223220559
ENSMUSG00000037349,0.9555068010029988
ENSMUSG00000047656,0.897289509791513
ENSMUSG00000024965,0.5934332958988541
ENSMUSG00000024966,0.6248557101414476
ENSMUSG00000036278,0.5972851402847916
ENSMUSG00000117901,0.8400267339320583
ENSMUSG00000047787,0.6614102030615021
ENSMUSG00000024767,0.6538637359841799
ENSMUSG00000035885,0.3308360083674291
ENSMUSG00000024764,0.7051393413907802
ENSMUSG00000024968,0.9991406302192789
ENSMUSG00000024969,0.5436894423836429
ENSMUSG00000091558,0.8953645852879273
ENSMUSG00000024970,0.7387389121049966
ENSMUSG00000117743,0.9693707511160128
ENSMUSG00000099923,1.0
ENSMUSG00000053080,0.7969519659882027
ENSMUSG00000024758,0.3674414304275226
ENSMUSG00000024759,0.586156961772342
ENSMUSG00000060675,0.5664401509359296
ENSMUSG00000024972,1.0
ENSMUSG00000024973,1.0
ENSMUSG00000024757,1.0
ENSMUSG00000053303,1.0
ENSMUSG00000067656,1.0
ENSMUSG00000063590,1.0
ENSMUSG00000075044,1.0
ENSMUSG00000118280,0.9644321216771056
ENSMUSG00000052562,1.0
ENSMUSG00000063796,0.58903801355857
ENSMUSG00000024650,1.0
ENSMUSG00000117763,1.0
ENSMUSG00000032773,0.9105513623990871
ENSMUSG00000010095,0.532751243443128
ENSMUSG00000108414,0.696432770270613
ENSMUSG00000042729,0.8445456428632883
ENSMUSG00000090840,1.0
ENSMUSG00000010110,0.5897834123363991
ENSMUSG00000010097,0.6800698814247177
ENSMUSG00000117924,0.6113380629963913
ENSMUSG00000118346,0.7792367781008647
ENSMUSG00000003680,0.9611274936457013
ENSMUSG00000071662,0.6951741760723419
ENSMUSG00000071661,1.0
ENSMUSG00000071660,0.7301576376940266
ENSMUSG00000071659,0.5808227712687961
ENSMUSG00000071658,0.6185490748502204
ENSMUSG00000071657,0.707682926927467
ENSMUSG00000071656,1.0
ENSMUSG00000071655,0.5726260712263875
ENSMUSG00000071654,0.6330545888459924
ENSMUSG00000096740,1.0
ENSMUSG00000116166,
ENSMUSG00000071653,1.0
ENSMUSG00000071652,0.9290223176487379
ENSMUSG00000071650,0.5969663392731719
ENSMUSG00000071649,0.6102939833011225
ENSMUSG00000071648,0.9554726470089806
ENSMUSG00000071647,0.8382093662674508
ENSMUSG00000114220,0.9499072440316711
ENSMUSG00000071646,0.7542866944601431
ENSMUSG00000071645,0.8983418392058204
ENSMUSG00000071644,0.4775249939470454
ENSMUSG00000069833,0.48210511497219866
ENSMUSG00000024653,1.0
ENSMUSG00000024654,0.4856499749162043
ENSMUSG00000024658,0.7033348491804372
ENSMUSG00000118383,1.0
ENSMUSG00000096872,1.0
ENSMUSG00000118138,1.0
ENSMUSG00000024660,0.9523743374974346
ENSMUSG00000118100,1.0
ENSMUSG00000118008,1.0
ENSMUSG00000024661,0.1450524914719801
ENSMUSG00000037418,1.0
ENSMUSG00000024663,0.6705570990532916
ENSMUSG00000024664,0.8751841038282829
ENSMUSG00000024665,0.49353845667541124
ENSMUSG00000010663,0.5598330831433838
ENSMUSG00000064032,1.0
ENSMUSG00000024742,0.9532237671826782
ENSMUSG00000036372,0.6233074873966621
ENSMUSG00000036098,0.5429745951843536
ENSMUSG00000035735,0.7209538755814078
ENSMUSG00000118330,1.0
ENSMUSG00000024743,0.6428478389661575
ENSMUSG00000090291,0.9806946809907331
ENSMUSG00000035179,1.0
ENSMUSG00000024668,0.7076212870949878
ENSMUSG00000034820,0.6162258438218565
ENSMUSG00000024667,0.8195532912939097
ENSMUSG00000024666,0.839642956518397
ENSMUSG00000034445,0.7959430898961722
ENSMUSG00000034371,0.9871199964761349
ENSMUSG00000024740,0.6151980331123236
ENSMUSG00000043789,1.0
ENSMUSG00000118392,1.0
ENSMUSG00000024738,1.0
ENSMUSG00000114772,1.0
ENSMUSG00000048832,0.7741327243452345
ENSMUSG00000024669,1.0
ENSMUSG00000067577,1.0
ENSMUSG00000024670,1.0
ENSMUSG00000024737,0.6808676563009577
ENSMUSG00000118027,1.0
ENSMUSG00000024736,0.6991784746768176
ENSMUSG00000034659,0.6089407726282592
ENSMUSG00000024735,0.7091314997094775
ENSMUSG00000024734,1.0
ENSMUSG00000034117,1.0
ENSMUSG00000024732,0.8203901781500521
ENSMUSG00000024731,1.0
ENSMUSG00000067571,1.0
ENSMUSG00000094584,1.0
ENSMUSG00000101264,1.0
ENSMUSG00000075010,0.8415158892313024
ENSMUSG00000024730,1.0
ENSMUSG00000024729,1.0
ENSMUSG00000024728,1.0
ENSMUSG00000057240,1.0
ENSMUSG00000097091,1.0
ENSMUSG00000101031,1.0
ENSMUSG00000024673,1.0
ENSMUSG00000054523,1.0
ENSMUSG00000099398,1.0
ENSMUSG00000024672,1.0
ENSMUSG00000100392,1.0
ENSMUSG00000101389,1.0
ENSMUSG00000024675,1.0
ENSMUSG00000056290,1.0
ENSMUSG00000079419,1.0
ENSMUSG00000099757,1.0
ENSMUSG00000058470,1.0
ENSMUSG00000100529,1.0
ENSMUSG00000024677,0.9330578487543224
ENSMUSG00000024678,1.0
ENSMUSG00000024679,1.0
ENSMUSG00000024680,1.0
ENSMUSG00000024681,1.0
ENSMUSG00000055895,1.0
ENSMUSG00000041857,1.0
ENSMUSG00000055933,1.0
ENSMUSG00000024682,1.0
ENSMUSG00000024683,0.8773981877479772
ENSMUSG00000041488,0.7418878850883981
ENSMUSG00000048292,1.0
ENSMUSG00000060556,1.0
ENSMUSG00000067545,1.0
ENSMUSG00000060878,1.0
ENSMUSG00000046139,0.6986806906353882
ENSMUSG00000024687,0.636324525068825
ENSMUSG00000067529,1.0
ENSMUSG00000067528,1.0
ENSMUSG00000067526,1.0
ENSMUSG00000044994,1.0
ENSMUSG00000067525,1.0
ENSMUSG00000067524,1.0
ENSMUSG00000067522,1.0
ENSMUSG00000108889,1.0
ENSMUSG00000094133,1.0
ENSMUSG00000109022,1.0
ENSMUSG00000067519,1.0
ENSMUSG00000060049,1.0
ENSMUSG00000095640,1.0
ENSMUSG00000067513,
ENSMUSG00000096436,1.0
ENSMUSG00000109328,1.0
ENSMUSG00000046650,1.0
ENSMUSG00000050815,1.0
ENSMUSG00000040065,1.0
ENSMUSG00000046805,0.6238616794571039
ENSMUSG00000039982,0.6447152544671292
ENSMUSG00000086213,0.982339127067888
ENSMUSG00000114644,1.0
ENSMUSG00000114761,1.0
ENSMUSG00000024691,0.871035727008
ENSMUSG00000071633,1.0
ENSMUSG00000063683,1.0
ENSMUSG00000044441,1.0
ENSMUSG00000045030,1.0
ENSMUSG00000024694,1.0
ENSMUSG00000084981,1.0
ENSMUSG00000079415,1.0
ENSMUSG00000024695,0.4810939482328768
ENSMUSG00000024696,0.8064930595997791
ENSMUSG00000091014,1.0
ENSMUSG00000046272,1.0
ENSMUSG00000045126,1.0
ENSMUSG00000057817,
ENSMUSG00000060303,
ENSMUSG00000048456,1.0
ENSMUSG00000049498,
ENSMUSG00000062892,1.0
ENSMUSG00000046913,1.0
ENSMUSG00000094755,
ENSMUSG00000094986,
ENSMUSG00000061637,1.0
ENSMUSG00000062844,1.0
ENSMUSG00000057503,1.0
ENSMUSG00000045883,1.0
ENSMUSG00000094721,
ENSMUSG00000096365,1.0
ENSMUSG00000062199,
ENSMUSG00000096485,1.0
ENSMUSG00000049015,
ENSMUSG00000063777,1.0
ENSMUSG00000096320,1.0
ENSMUSG00000095189,
ENSMUSG00000096273,
ENSMUSG00000096708,
ENSMUSG00000071629,1.0
ENSMUSG00000095484,
ENSMUSG00000096289,1.0
ENSMUSG00000094846,1.0
ENSMUSG00000045678,1.0
ENSMUSG00000061387,1.0
ENSMUSG00000051156,1.0
ENSMUSG00000109520,1.0
ENSMUSG00000050865,1.0
ENSMUSG00000047207,1.0
ENSMUSG00000048356,
ENSMUSG00000044040,1.0
ENSMUSG00000045395,1.0
ENSMUSG00000054526,1.0
ENSMUSG00000057270,1.0
ENSMUSG00000056858,
ENSMUSG00000059105,1.0
ENSMUSG00000062314,1.0
ENSMUSG00000024642,0.5299593116046892
ENSMUSG00000117995,1.0
ENSMUSG00000024640,0.5124054144125619
ENSMUSG00000041491,0.729660024405679
ENSMUSG00000097557,0.9578120677284759
ENSMUSG00000024639,0.3997201251206979
ENSMUSG00000118033,1.0
ENSMUSG00000024697,1.0
ENSMUSG00000046230,0.5524317787418416
ENSMUSG00000118126,1.0
ENSMUSG00000056829,1.0
ENSMUSG00000039126,0.6053244596246935
ENSMUSG00000117941,1.0
ENSMUSG00000118367,1.0
ENSMUSG00000038843,0.7562686754714597
ENSMUSG00000024712,0.7292976083198713
ENSMUSG00000024713,0.8922228294342784
ENSMUSG00000118079,1.0
ENSMUSG00000117687,1.0
ENSMUSG00000024725,0.6033247033380836
ENSMUSG00000037847,0.8084442665467487
ENSMUSG00000024726,0.690327074274345
ENSMUSG00000047044,0.7524097470784873
ENSMUSG00000117878,1.0
ENSMUSG00000024727,1.0
ENSMUSG00000036192,0.42153754596665766
ENSMUSG00000117909,1.0
ENSMUSG00000118109,1.0
ENSMUSG00000118167,1.0
ENSMUSG00000118150,1.0
ENSMUSG00000118067,1.0
ENSMUSG00000094732,0.857418710600057
ENSMUSG00000024659,1.0
ENSMUSG00000114469,0.943715713423942
ENSMUSG00000053279,0.518374404656562
ENSMUSG00000024747,1.0
ENSMUSG00000024749,1.0
ENSMUSG00000118293,1.0
ENSMUSG00000118047,1.0
ENSMUSG00000118086,1.0
ENSMUSG00000118090,1.0
ENSMUSG00000024750,0.44616911110695645
ENSMUSG00000118342,1.0
ENSMUSG00000058624,0.753164616276066
ENSMUSG00000035171,0.6430697689991809
ENSMUSG00000047368,0.46445393469687013
ENSMUSG00000024754,0.7071772842998217
ENSMUSG00000118021,1.0
ENSMUSG00000118237,1.0
ENSMUSG00000118273,1.0
ENSMUSG00000118226,1.0
ENSMUSG00000052387,0.29156730426812916
ENSMUSG00000098739,0.9003036815859183
ENSMUSG00000097930,0.9337169240428488
ENSMUSG00000118155,1.0
ENSMUSG00000044387,0.9869593714875254
ENSMUSG00000033863,0.36820595352456714
ENSMUSG00000024943,0.63296554130834
ENSMUSG00000117837,1.0
ENSMUSG00000033207,0.9763776454374961
ENSMUSG00000118092,1.0
ENSMUSG00000033053,1.0
ENSMUSG00000074925,0.6079106737762812
ENSMUSG00000117685,1.0
ENSMUSG00000024897,0.4877404580353247
ENSMUSG00000118340,1.0
ENSMUSG00000071604,0.701965269888913
ENSMUSG00000096796,1.0
ENSMUSG00000024812,0.5335074262836168
ENSMUSG00000059363,0.8490705698274081
ENSMUSG00000024867,0.5456593571877479
ENSMUSG00000085003,1.0
ENSMUSG00000074922,0.7450781739523762
ENSMUSG00000117979,1.0
ENSMUSG00000048572,1.0
ENSMUSG00000041731,0.8162398729679681
ENSMUSG00000058927,1.0
ENSMUSG00000051490,1.0
ENSMUSG00000024878,0.7412849682198989
ENSMUSG00000052085,0.4846101478200012
ENSMUSG00000032702,0.5109626147314781
ENSMUSG00000024837,1.0
ENSMUSG00000042372,1.0
ENSMUSG00000101089,1.0
ENSMUSG00000048138,1.0
ENSMUSG00000118016,1.0
ENSMUSG00000117950,1.0
ENSMUSG00000118005,1.0
ENSMUSG00000117707,1.0
ENSMUSG00000118001,1.0
ENSMUSG00000114682,1.0
ENSMUSG00000024921,0.439256891214215
ENSMUSG00000093628,0.9155644636503305
ENSMUSG00000093772,0.9076638067980358
ENSMUSG00000074913,1.0
ENSMUSG00000118209,1.0
ENSMUSG00000118020,0.8207163784133474
ENSMUSG00000024924,0.6101344268222286
ENSMUSG00000117692,1.0
ENSMUSG00000047298,1.0
ENSMUSG00000117752,1.0
ENSMUSG00000041360,0.7492275126932836
ENSMUSG00000040929,0.5023988537479557
ENSMUSG00000092182,1.0
ENSMUSG00000101084,1.0
ENSMUSG00000052942,0.594803912654408
ENSMUSG00000089952,1.0
ENSMUSG00000097735,1.0
ENSMUSG00000024935,0.6230004979025634
ENSMUSG00000064202,0.7269171485143751
ENSMUSG00000040105,0.7861991121114853
ENSMUSG00000024780,0.44023406012821015
ENSMUSG00000024782,0.5526170281922064
ENSMUSG00000100075,1.0
ENSMUSG00000118038,0.8939062439264599
ENSMUSG00000024785,0.8259593934333682
ENSMUSG00000024789,0.5893043391780605
ENSMUSG00000050957,1.0
ENSMUSG00000039097,1.0
ENSMUSG00000016495,0.6437319634099145
ENSMUSG00000016496,1.0
ENSMUSG00000117964,1.0
ENSMUSG00000016498,1.0
ENSMUSG00000097855,0.8310259913455043
ENSMUSG00000038658,0.6527461346503461
ENSMUSG00000046324,0.6537768661891887
ENSMUSG00000024806,1.0
ENSMUSG00000046138,0.5092567936172262
ENSMUSG00000118251,1.0
ENSMUSG00000074909,0.8501712670315621
ENSMUSG00000024810,0.44872142287669065
ENSMUSG00000024815,1.0
ENSMUSG00000024817,0.5523295596794613
ENSMUSG00000024827,0.6634186912464699
ENSMUSG00000024863,1.0
ENSMUSG00000024868,1.0
ENSMUSG00000052920,0.37535236687168816
ENSMUSG00000053536,0.7218657044299516
ENSMUSG00000052595,1.0
ENSMUSG00000118366,1.0
ENSMUSG00000024887,0.7435247146663874
ENSMUSG00000040451,0.34296599935785976
ENSMUSG00000118064,1.0
ENSMUSG00000097787,0.9362516611382253
ENSMUSG00000062456,0.9062642049545641
ENSMUSG00000024896,0.6996785105545157
ENSMUSG00000118168,1.0
ENSMUSG00000024899,0.7415427209063893
ENSMUSG00000013662,0.6230253821390901
ENSMUSG00000013663,0.4228420459109557
ENSMUSG00000117664,1.0
ENSMUSG00000117914,1.0
ENSMUSG00000118196,1.0
ENSMUSG00000079344,1.0
ENSMUSG00000024766,0.838447447512455
ENSMUSG00000086812,1.0
ENSMUSG00000087303,1.0
ENSMUSG00000079342,1.0
ENSMUSG00000024768,1.0
ENSMUSG00000024771,1.0
ENSMUSG00000024770,1.0
ENSMUSG00000056078,1.0
ENSMUSG00000024774,1.0
ENSMUSG00000024776,0.6398047896485826
ENSMUSG00000035783,1.0
ENSMUSG00000024778,0.7886437360260702
ENSMUSG00000050370,1.0
ENSMUSG00000097558,1.0
ENSMUSG00000024781,0.6061810922631926
ENSMUSG00000045932,0.9082263977804924
ENSMUSG00000074896,0.9338876181922746
ENSMUSG00000079339,1.0
ENSMUSG00000062488,0.9883405074053689
ENSMUSG00000067297,1.0
ENSMUSG00000034459,0.8814981790432128
ENSMUSG00000009378,0.7410635750102037
ENSMUSG00000033610,0.7010327691016167
ENSMUSG00000024795,1.0
ENSMUSG00000117865,1.0
ENSMUSG00000117973,1.0
ENSMUSG00000118212,0.9242487319758367
ENSMUSG00000094707,0.7732193075532424
ENSMUSG00000024798,0.9873383980650401
ENSMUSG00000024800,0.7984117350141763
ENSMUSG00000024803,1.0
ENSMUSG00000117998,1.0
ENSMUSG00000117990,1.0
ENSMUSG00000118032,1.0
ENSMUSG00000114859,1.0
ENSMUSG00000024805,0.6276374582118149
ENSMUSG00000114235,1.0
ENSMUSG00000041180,0.7859743015147763
ENSMUSG00000087579,0.8136874798386602
ENSMUSG00000067279,0.6772381917499483
ENSMUSG00000024811,0.4925806018545096
ENSMUSG00000047632,0.730253010273108
ENSMUSG00000040565,0.5162549859318384
ENSMUSG00000039652,0.49388978218390717
ENSMUSG00000097591,0.8200324537930515
ENSMUSG00000023307,0.6369565575066345
ENSMUSG00000056999,0.5938389166759633
ENSMUSG00000012443,1.0
ENSMUSG00000024986,0.8120443022673565
ENSMUSG00000117800,1.0
ENSMUSG00000053799,0.6281857948029218
ENSMUSG00000062432,1.0
ENSMUSG00000024987,1.0
ENSMUSG00000048612,0.9964645471678192
ENSMUSG00000069554,1.0
ENSMUSG00000024989,1.0
ENSMUSG00000054200,1.0
ENSMUSG00000024990,1.0
ENSMUSG00000024992,1.0
ENSMUSG00000054237,0.7023961243622713
ENSMUSG00000067242,0.5110405914832797
ENSMUSG00000105709,1.0
ENSMUSG00000044026,1.0
ENSMUSG00000024998,0.43785022254712913
ENSMUSG00000101079,1.0
ENSMUSG00000024999,0.8121836216788597
ENSMUSG00000048720,0.5834388862253798
ENSMUSG00000025001,0.9339947910664577
ENSMUSG00000025002,1.0
ENSMUSG00000067231,1.0
ENSMUSG00000067229,1.0
ENSMUSG00000003053,1.0
ENSMUSG00000032808,1.0
ENSMUSG00000025003,1.0
ENSMUSG00000062624,1.0
ENSMUSG00000074882,1.0
ENSMUSG00000025004,1.0
ENSMUSG00000092008,1.0
ENSMUSG00000042248,1.0
ENSMUSG00000067225,1.0
ENSMUSG00000054827,1.0
ENSMUSG00000060613,1.0
ENSMUSG00000055044,0.8787624435265348
ENSMUSG00000025006,0.3736058640611332
ENSMUSG00000114796,0.9271186537513615
ENSMUSG00000025007,0.9321465475035027
ENSMUSG00000097792,1.0
ENSMUSG00000025008,0.8835852952955632
ENSMUSG00000048120,0.4421448407912589
ENSMUSG00000117952,1.0
ENSMUSG00000108929,1.0
ENSMUSG00000025010,0.9055539149839599
ENSMUSG00000097740,1.0
ENSMUSG00000049164,0.7407208024324384
ENSMUSG00000061132,0.5637893481281446
ENSMUSG00000025014,1.0
ENSMUSG00000050121,0.5077782558118166
ENSMUSG00000025013,0.9987091152759597
ENSMUSG00000025016,0.4679902578557953
ENSMUSG00000025017,0.5879029269113243
ENSMUSG00000025019,0.5263195367240079
ENSMUSG00000025020,0.9467475601673947
ENSMUSG00000025154,0.9997777372402802
ENSMUSG00000067199,0.9372308840181891
ENSMUSG00000047604,0.9542323082889588
ENSMUSG00000035049,0.962383433101308
ENSMUSG00000011752,0.5492196191778608
ENSMUSG00000034321,0.737801316035244
ENSMUSG00000025157,0.8456258449372552
ENSMUSG00000025159,0.666870478701087
ENSMUSG00000025171,0.7280631470448493
ENSMUSG00000025172,1.0
ENSMUSG00000025176,0.9807448961614939
ENSMUSG00000090369,1.0
ENSMUSG00000049670,0.8434622622706901
ENSMUSG00000025178,0.6457030592490857
ENSMUSG00000018821,0.8680425862398735
ENSMUSG00000044345,0.8170469923651128
ENSMUSG00000018820,0.7196506075174088
ENSMUSG00000018822,0.7601953044022016
ENSMUSG00000042532,0.7492291270976382
ENSMUSG00000042401,0.8568868248716892
ENSMUSG00000117728,1.0
ENSMUSG00000025184,0.6622158336597702
ENSMUSG00000090117,0.8384442773135263
ENSMUSG00000025185,1.0
ENSMUSG00000060224,1.0
ENSMUSG00000118354,1.0
ENSMUSG00000025188,0.8666903935211769
ENSMUSG00000090235,1.0
ENSMUSG00000074852,1.0
ENSMUSG00000117880,1.0
ENSMUSG00000114742,1.0
ENSMUSG00000025189,0.7484709626099648
ENSMUSG00000114721,1.0
ENSMUSG00000025190,0.6701208498263649
ENSMUSG00000118221,1.0
ENSMUSG00000117991,1.0
ENSMUSG00000092250,1.0
ENSMUSG00000044220,1.0
ENSMUSG00000118236,1.0
ENSMUSG00000040414,0.6983745201589873
ENSMUSG00000117698,1.0
ENSMUSG00000025192,0.839122953084034
ENSMUSG00000040018,0.8641899501050336
ENSMUSG00000025193,0.9027643889286108
ENSMUSG00000025194,1.0
ENSMUSG00000025195,0.7087142714633023
ENSMUSG00000118000,1.0
ENSMUSG00000025196,1.0
ENSMUSG00000025197,1.0
ENSMUSG00000025198,0.7721666619119947
ENSMUSG00000025199,0.6432452157458448
ENSMUSG00000025200,0.8920425088543648
ENSMUSG00000057506,0.6773361944912132
ENSMUSG00000037578,0.8518482755211635
ENSMUSG00000025202,0.8817693109369692
ENSMUSG00000117900,0.9089984350449087
ENSMUSG00000025203,0.2655886949226299
ENSMUSG00000117957,1.0
ENSMUSG00000050195,1.0
ENSMUSG00000037071,0.5800621000097177
ENSMUSG00000118076,1.0
ENSMUSG00000117796,1.0
ENSMUSG00000036961,1.0
ENSMUSG00000051984,1.0
ENSMUSG00000025204,0.5277411059981862
ENSMUSG00000036450,0.7964680271716684
ENSMUSG00000117911,1.0
ENSMUSG00000097683,1.0
ENSMUSG00000117823,1.0
ENSMUSG00000004231,1.0
ENSMUSG00000092469,1.0
ENSMUSG00000092369,1.0
ENSMUSG00000036097,0.624391502636552
ENSMUSG00000118204,0.8885040735968872
ENSMUSG00000025207,0.8332282939278498
ENSMUSG00000025208,0.6312761809053491
ENSMUSG00000025209,0.9053895756078904
ENSMUSG00000035342,0.5940145515487159
ENSMUSG00000074818,1.0
ENSMUSG00000025212,0.771015112797999
ENSMUSG00000117848,1.0
ENSMUSG00000025213,1.0
ENSMUSG00000025215,1.0
ENSMUSG00000092346,1.0
ENSMUSG00000025216,1.0
ENSMUSG00000100417,0.9916178407388991
ENSMUSG00000102057,1.0
ENSMUSG00000114673,1.0
ENSMUSG00000025217,0.5904295745054405
ENSMUSG00000025218,0.937798450485251
ENSMUSG00000041035,0.7359590520013971
ENSMUSG00000040913,0.6021373098452238
ENSMUSG00000025219,1.0
ENSMUSG00000056209,0.8375531970784029
ENSMUSG00000087367,1.0
ENSMUSG00000025220,0.514755251265492
ENSMUSG00000025221,0.848900161123668
ENSMUSG00000039901,0.5975847923055292
ENSMUSG00000117956,0.9965446749219264
ENSMUSG00000097690,1.0
ENSMUSG00000074811,1.0
ENSMUSG00000025223,0.6455411979598029
ENSMUSG00000055491,0.8159173848279662
ENSMUSG00000015176,0.7546474309480077
ENSMUSG00000117703,0.9073219070093244
ENSMUSG00000038754,1.0
ENSMUSG00000025229,1.0
ENSMUSG00000025224,0.5139874482339709
ENSMUSG00000086816,1.0
ENSMUSG00000118087,1.0
ENSMUSG00000025225,0.9139987711253545
ENSMUSG00000037126,0.7053077137266002
ENSMUSG00000025226,0.8283315553859942
ENSMUSG00000036748,0.6763425434673772
ENSMUSG00000025227,0.8122548221601271
ENSMUSG00000099655,1.0
ENSMUSG00000025228,0.5770697509051357
ENSMUSG00000025231,0.6754511262163448
ENSMUSG00000025034,0.5846309920996811
ENSMUSG00000025035,0.5492654633181866
ENSMUSG00000025036,0.8078294906091978
ENSMUSG00000047731,0.6162227402051865
ENSMUSG00000118040,1.0
ENSMUSG00000003555,1.0
ENSMUSG00000062376,0.6843952371353271
ENSMUSG00000003559,0.7395856358347349
ENSMUSG00000064105,0.6331770229575551
ENSMUSG00000117814,0.9005184591506727
ENSMUSG00000025041,0.5358033567761479
ENSMUSG00000034336,0.6889990183877739
ENSMUSG00000025050,0.8069301992067811
ENSMUSG00000025049,0.8941674434902609
ENSMUSG00000071528,0.48183081140908773
ENSMUSG00000025047,0.7178882065359421
ENSMUSG00000033033,0.8033635796759059
ENSMUSG00000079258,1.0
ENSMUSG00000094219,1.0
ENSMUSG00000006435,0.7002872948707191
ENSMUSG00000118127,1.0
ENSMUSG00000117659,1.0
ENSMUSG00000053617,0.5997575184670657
ENSMUSG00000042694,0.8405019875668076
ENSMUSG00000097990,1.0
ENSMUSG00000025060,0.5386163532721493
ENSMUSG00000118206,1.0
ENSMUSG00000086121,1.0
ENSMUSG00000025064,1.0
ENSMUSG00000117702,1.0
ENSMUSG00000118149,1.0
ENSMUSG00000025066,0.5906411197026338
ENSMUSG00000044948,0.9891073080373792
ENSMUSG00000025068,0.9009176437923168
ENSMUSG00000025069,0.9730361684112346
ENSMUSG00000117975,1.0
ENSMUSG00000046585,1.0
ENSMUSG00000117690,1.0
ENSMUSG00000063434,0.657220240444719
ENSMUSG00000117996,1.0
ENSMUSG00000118111,1.0
ENSMUSG00000043531,0.502420208541017
ENSMUSG00000110007,1.0
ENSMUSG00000097446,1.0
ENSMUSG00000117758,1.0
ENSMUSG00000117867,1.0
ENSMUSG00000118173,1.0
ENSMUSG00000035804,1.0
ENSMUSG00000118128,1.0
ENSMUSG00000118114,1.0
ENSMUSG00000117896,0.900161588416632
ENSMUSG00000025027,0.6604242491300462
ENSMUSG00000099988,0.7380371542557091
ENSMUSG00000118233,1.0
ENSMUSG00000025026,0.45804720148391637
ENSMUSG00000118314,1.0
ENSMUSG00000025025,0.5127100152569608
ENSMUSG00000118369,0.9447587587978403
ENSMUSG00000067085,1.0
ENSMUSG00000025024,0.6501669464894991
ENSMUSG00000117768,1.0
ENSMUSG00000097636,0.9834647213776572
ENSMUSG00000097779,1.0
ENSMUSG00000118210,1.0
ENSMUSG00000034765,0.8013742579101217
ENSMUSG00000071497,1.0
ENSMUSG00000024974,0.541961333305356
ENSMUSG00000043639,0.7779249455499072
ENSMUSG00000089679,1.0
ENSMUSG00000024975,0.5597766715969902
ENSMUSG00000084957,0.552455234717367
ENSMUSG00000024976,0.6001709359700477
ENSMUSG00000117981,0.9125773844168121
ENSMUSG00000033717,0.7765020375061321
ENSMUSG00000117921,1.0
ENSMUSG00000118207,1.0
ENSMUSG00000024978,0.5321613254036981
ENSMUSG00000118099,0.9163390966976525
ENSMUSG00000024979,1.0
ENSMUSG00000055523,1.0
ENSMUSG00000024981,0.8351450166894284
ENSMUSG00000024982,0.6846597844834372
ENSMUSG00000024983,0.45061940188610017
ENSMUSG00000024985,0.4663045881294555
ENSMUSG00000099746,1.0
ENSMUSG00000117827,1.0
ENSMUSG00000117695,1.0
ENSMUSG00000025075,1.0
ENSMUSG00000049134,1.0
ENSMUSG00000090990,1.0
ENSMUSG00000025076,0.8160637225999314
ENSMUSG00000035818,1.0
ENSMUSG00000025077,0.8689199521407114
ENSMUSG00000025078,0.5906196222862121
ENSMUSG00000117890,1.0
ENSMUSG00000117859,1.0
ENSMUSG00000035283,0.7065992213272475
ENSMUSG00000117696,0.9750848104264779
ENSMUSG00000035173,0.6103435374631079
ENSMUSG00000025081,1.0
ENSMUSG00000025082,1.0
ENSMUSG00000025083,0.5896754903150377
ENSMUSG00000025085,0.388528520173581
ENSMUSG00000117684,1.0
ENSMUSG00000097785,0.924785951622928
ENSMUSG00000117670,1.0
ENSMUSG00000033478,0.6816081669255997
ENSMUSG00000117927,1.0
ENSMUSG00000025086,0.8261221395825293
ENSMUSG00000117655,1.0
ENSMUSG00000118178,1.0
ENSMUSG00000117770,1.0
ENSMUSG00000054843,0.5959031806242063
ENSMUSG00000117871,1.0
ENSMUSG00000087002,1.0
ENSMUSG00000025089,0.6834174248468895
ENSMUSG00000025090,1.0
ENSMUSG00000100001,1.0
ENSMUSG00000046008,1.0
ENSMUSG00000118223,
ENSMUSG00000042179,1.0
ENSMUSG00000025091,1.0
ENSMUSG00000026931,1.0
ENSMUSG00000025092,0.7054688480183646
ENSMUSG00000048029,1.0
ENSMUSG00000041362,0.5477002008906051
ENSMUSG00000006270,1.0
ENSMUSG00000040901,1.0
ENSMUSG00000101630,1.0
ENSMUSG00000025094,0.9988090578390867
ENSMUSG00000074746,0.6407137075519472
ENSMUSG00000110210,1.0
ENSMUSG00000087095,0.7998781727651099
ENSMUSG00000043969,0.8469096894596073
ENSMUSG00000100119,1.0
ENSMUSG00000118031,1.0
ENSMUSG00000118190,1.0
ENSMUSG00000090965,1.0
ENSMUSG00000040022,0.5470122411262408
ENSMUSG00000091378,1.0
ENSMUSG00000053117,1.0
ENSMUSG00000057858,0.6147371070639616
ENSMUSG00000099678,1.0
ENSMUSG00000045052,1.0
ENSMUSG00000033417,0.6360455094190813
ENSMUSG00000117790,1.0
ENSMUSG00000072437,0.8762256919770384
ENSMUSG00000024991,0.48486304061176855
ENSMUSG00000024993,0.6648132643508633
ENSMUSG00000063698,0.8129299996637503
ENSMUSG00000024997,0.7079840275756789
ENSMUSG00000003228,0.5847831628848804
ENSMUSG00000074733,0.5391514484978723
ENSMUSG00000094649,1.0
ENSMUSG00000069475,1.0
ENSMUSG00000059326,0.7375565479468235
ENSMUSG00000095993,1.0
ENSMUSG00000100249,
ENSMUSG00000096426,
ENSMUSG00000094558,
ENSMUSG00000094876,
ENSMUSG00000095716,
ENSMUSG00000101381,
ENSMUSG00000078218,
ENSMUSG00000094307,
ENSMUSG00000094596,
ENSMUSG00000094273,
ENSMUSG00000078213,
ENSMUSG00000094860,
ENSMUSG00000044597,1.0
ENSMUSG00000095814,1.0
ENSMUSG00000097342,0.7532792946129713
ENSMUSG00000073295,0.8516754828576846
ENSMUSG00000073294,1.0
ENSMUSG00000073293,0.9106757540265897
ENSMUSG00000023279,1.0
ENSMUSG00000068270,0.6521519537243418
ENSMUSG00000062393,0.9988708860672447
ENSMUSG00000051592,1.0
ENSMUSG00000050089,1.0
ENSMUSG00000004317,0.6672683031958081
ENSMUSG00000046269,0.9892929873030818
ENSMUSG00000087252,1.0
ENSMUSG00000063018,0.9313311181532187
ENSMUSG00000039556,0.8851998522172205
ENSMUSG00000039545,1.0
ENSMUSG00000039521,1.0
ENSMUSG00000031143,0.9204529982097133
ENSMUSG00000031142,1.0
ENSMUSG00000031144,0.5976415389256224
ENSMUSG00000087644,0.9562891501231724
ENSMUSG00000031145,1.0
ENSMUSG00000031146,1.0
ENSMUSG00000031147,1.0
ENSMUSG00000031148,0.6874929440870619
ENSMUSG00000039382,0.7951246700655318
ENSMUSG00000031149,0.7540003804836992
ENSMUSG00000031150,0.9726730086052023
ENSMUSG00000000134,0.6806001894998731
ENSMUSG00000031153,0.6101504043744498
ENSMUSG00000009731,0.9466418270177924
ENSMUSG00000031154,0.6481224671694714
ENSMUSG00000031155,0.8327261729768366
ENSMUSG00000031156,0.7534731455431165
ENSMUSG00000031157,0.7635149942151924
ENSMUSG00000031158,0.7735907190664837
ENSMUSG00000073291,1.0
ENSMUSG00000073290,1.0
ENSMUSG00000039278,0.45852281381227317
ENSMUSG00000031160,1.0
ENSMUSG00000031161,0.8243814992514512
ENSMUSG00000031162,1.0
ENSMUSG00000031163,1.0
ENSMUSG00000087193,1.0
ENSMUSG00000039231,0.884277110384827
ENSMUSG00000031165,1.0
ENSMUSG00000086404,1.0
ENSMUSG00000031166,0.6898772924250514
ENSMUSG00000031167,0.639219534542991
ENSMUSG00000055188,1.0
ENSMUSG00000039201,0.8963235112403275
ENSMUSG00000031168,0.8045255963723241
ENSMUSG00000031169,0.7230326698960544
ENSMUSG00000031171,0.783780101563968
ENSMUSG00000031170,1.0
ENSMUSG00000068219,1.0
ENSMUSG00000068218,1.0
ENSMUSG00000079705,1.0
ENSMUSG00000023165,
ENSMUSG00000079704,1.0
ENSMUSG00000079702,1.0
ENSMUSG00000079701,1.0
ENSMUSG00000079703,1.0
ENSMUSG00000035371,1.0
ENSMUSG00000071816,1.0
ENSMUSG00000079699,1.0
ENSMUSG00000079697,1.0
ENSMUSG00000052364,0.8861129071859508
ENSMUSG00000078208,
ENSMUSG00000060685,
ENSMUSG00000078206,
ENSMUSG00000071815,1.0
ENSMUSG00000072249,
ENSMUSG00000045797,
ENSMUSG00000047344,0.8769961227512153
ENSMUSG00000079694,1.0
ENSMUSG00000015342,0.8771730086744486
ENSMUSG00000100200,1.0
ENSMUSG00000100448,1.0
ENSMUSG00000015340,1.0
ENSMUSG00000061065,1.0
ENSMUSG00000031176,0.6191438363527755
ENSMUSG00000040456,1.0
ENSMUSG00000048994,1.0
ENSMUSG00000054453,0.9586449935561672
ENSMUSG00000090084,1.0
ENSMUSG00000031174,0.7194431017995504
ENSMUSG00000031173,1.0
ENSMUSG00000058254,0.3618730790791463
ENSMUSG00000008035,0.4992956459115802
ENSMUSG00000085587,1.0
ENSMUSG00000100626,
ENSMUSG00000101819,
ENSMUSG00000096097,
ENSMUSG00000094904,
ENSMUSG00000095413,
ENSMUSG00000095655,
ENSMUSG00000095662,
ENSMUSG00000099443,
ENSMUSG00000095445,
ENSMUSG00000069038,
ENSMUSG00000040363,0.5877754979704349
ENSMUSG00000087591,1.0
ENSMUSG00000031007,0.5819409014986461
ENSMUSG00000044148,0.7672970852116323
ENSMUSG00000064127,0.6656741989460153
ENSMUSG00000085891,0.8959829330007122
ENSMUSG00000087424,1.0
ENSMUSG00000031010,0.4885840876876426
ENSMUSG00000100714,1.0
ENSMUSG00000000787,0.4792301284512668
ENSMUSG00000051228,1.0
ENSMUSG00000031012,0.49173903604674135
ENSMUSG00000040229,0.47765804199905787
ENSMUSG00000047678,1.0
ENSMUSG00000078346,1.0
ENSMUSG00000084907,1.0
ENSMUSG00000086048,1.0
ENSMUSG00000023257,
ENSMUSG00000025037,0.5755603939061754
ENSMUSG00000040147,0.6893976215050571
ENSMUSG00000040138,0.8175069782623609
ENSMUSG00000025038,0.9993777561875309
ENSMUSG00000025040,0.6973400569520397
ENSMUSG00000025043,
ENSMUSG00000037369,0.5380395953869095
ENSMUSG00000037358,0.8869871235163208
ENSMUSG00000073274,0.970138984900497
ENSMUSG00000097497,1.0
ENSMUSG00000068149,1.0
ENSMUSG00000037347,0.9147053074109145
ENSMUSG00000037341,0.7292929268579608
ENSMUSG00000060090,0.691093387271173
ENSMUSG00000037315,0.9009940472523686
ENSMUSG00000023070,1.0
ENSMUSG00000031059,0.5134766367295439
ENSMUSG00000031060,0.6600080928243764
ENSMUSG00000001924,0.6443860851188468
ENSMUSG00000031065,0.6065540104593607
ENSMUSG00000031066,0.7392852755861029
ENSMUSG00000001127,0.5343865370917884
ENSMUSG00000037217,0.6314515760264414
ENSMUSG00000001131,1.0
ENSMUSG00000001128,0.8537244956338458
ENSMUSG00000009406,0.8209006187231458
ENSMUSG00000001134,0.9033008051661254
ENSMUSG00000086877,0.9033704831746142
ENSMUSG00000054737,0.6147631564294831
ENSMUSG00000037167,1.0
ENSMUSG00000031079,0.989006072818329
ENSMUSG00000062814,1.0
ENSMUSG00000095316,
ENSMUSG00000087358,1.0
ENSMUSG00000087586,1.0
ENSMUSG00000068122,1.0
ENSMUSG00000031089,1.0
ENSMUSG00000101818,1.0
ENSMUSG00000101776,1.0
ENSMUSG00000036782,0.7073246387478226
ENSMUSG00000036769,0.6177584248228721
ENSMUSG00000068113,1.0
ENSMUSG00000090102,1.0
ENSMUSG00000087133,
ENSMUSG00000084063,1.0
ENSMUSG00000081218,1.0
ENSMUSG00000093923,1.0
ENSMUSG00000096620,1.0
ENSMUSG00000073267,1.0
ENSMUSG00000086959,1.0
ENSMUSG00000079655,1.0
ENSMUSG00000082639,1.0
ENSMUSG00000083628,1.0
ENSMUSG00000095063,1.0
ENSMUSG00000071788,1.0
ENSMUSG00000080725,
ENSMUSG00000095546,
ENSMUSG00000093817,
ENSMUSG00000095293,
ENSMUSG00000085534,1.0
ENSMUSG00000094624,1.0
ENSMUSG00000096457,
ENSMUSG00000096911,1.0
ENSMUSG00000095887,1.0
ENSMUSG00000087462,1.0
ENSMUSG00000085489,1.0
ENSMUSG00000073257,1.0
ENSMUSG00000085060,1.0
ENSMUSG00000073255,1.0
ENSMUSG00000085989,1.0
ENSMUSG00000085325,1.0
ENSMUSG00000094759,1.0
ENSMUSG00000094391,
ENSMUSG00000095754,
ENSMUSG00000118441,
ENSMUSG00000118465,
ENSMUSG00000096645,
ENSMUSG00000118431,
ENSMUSG00000095770,
ENSMUSG00000118402,
ENSMUSG00000096194,
ENSMUSG00000118459,
ENSMUSG00000094601,
ENSMUSG00000099711,
ENSMUSG00000118405,
ENSMUSG00000118409,
ENSMUSG00000101500,
ENSMUSG00000101294,
ENSMUSG00000095934,
ENSMUSG00000078324,
ENSMUSG00000096915,
ENSMUSG00000118429,
ENSMUSG00000095659,
ENSMUSG00000118438,
ENSMUSG00000087491,1.0
ENSMUSG00000073247,1.0
ENSMUSG00000086757,1.0
ENSMUSG00000085000,1.0
ENSMUSG00000073245,1.0
ENSMUSG00000031093,0.5883662257808739
ENSMUSG00000017057,0.6817120612312918
ENSMUSG00000036699,0.8370725224821549
ENSMUSG00000016239,0.7168242240597978
ENSMUSG00000079642,1.0
ENSMUSG00000091556,1.0
ENSMUSG00000006373,0.5864720954637976
ENSMUSG00000059708,0.7618506059444292
ENSMUSG00000037636,1.0
ENSMUSG00000016319,0.564479060987091
ENSMUSG00000084990,1.0
ENSMUSG00000006423,0.6758224621327412
ENSMUSG00000016308,0.7281618045565609
ENSMUSG00000044149,0.9363612915645038
ENSMUSG00000087155,1.0
ENSMUSG00000050379,0.7738745173185563
ENSMUSG00000044400,1.0
ENSMUSG00000079641,0.31311398823382897
ENSMUSG00000036572,0.600472472309365
ENSMUSG00000016409,0.6803139609369413
ENSMUSG00000036551,1.0
ENSMUSG00000016427,0.5675499602896048
ENSMUSG00000036537,1.0
ENSMUSG00000073243,
ENSMUSG00000071773,1.0
ENSMUSG00000051827,1.0
ENSMUSG00000071772,
ENSMUSG00000079639,1.0
ENSMUSG00000095601,
ENSMUSG00000094945,1.0
ENSMUSG00000079638,
ENSMUSG00000071771,1.0
ENSMUSG00000079637,1.0
ENSMUSG00000079636,
ENSMUSG00000079635,1.0
ENSMUSG00000095698,1.0
ENSMUSG00000079633,1.0
ENSMUSG00000096788,1.0
ENSMUSG00000059626,1.0
ENSMUSG00000071770,1.0
ENSMUSG00000095741,1.0
ENSMUSG00000095510,1.0
ENSMUSG00000079630,1.0
ENSMUSG00000080933,1.0
ENSMUSG00000079629,1.0
ENSMUSG00000079628,1.0
ENSMUSG00000071769,
ENSMUSG00000079627,1.0
ENSMUSG00000095180,1.0
ENSMUSG00000006200,1.0
ENSMUSG00000071767,1.0
ENSMUSG00000064137,1.0
ENSMUSG00000079626,1.0
ENSMUSG00000068048,1.0
ENSMUSG00000068173,1.0
ENSMUSG00000098348,
ENSMUSG00000053909,1.0
ENSMUSG00000051038,1.0
ENSMUSG00000071766,1.0
ENSMUSG00000050197,1.0
ENSMUSG00000048047,0.8023620129153336
ENSMUSG00000036502,0.8665416282156693
ENSMUSG00000016327,1.0
ENSMUSG00000016534,0.4937059429431872
ENSMUSG00000087390,1.0
ENSMUSG00000031095,0.8017978640465137
ENSMUSG00000000355,0.6568939632602832
ENSMUSG00000048970,0.789697548136901
ENSMUSG00000085635,1.0
ENSMUSG00000051361,1.0
ENSMUSG00000079619,1.0
ENSMUSG00000095240,
ENSMUSG00000086157,1.0
ENSMUSG00000001986,0.6081975398486084
ENSMUSG00000037475,0.4990947309098039
ENSMUSG00000025860,0.5044956920709006
ENSMUSG00000025862,0.49329833634584536
ENSMUSG00000105993,1.0
ENSMUSG00000005696,1.0
ENSMUSG00000016150,0.4590596537935579
ENSMUSG00000078320,
ENSMUSG00000050926,1.0
ENSMUSG00000045284,0.8579021680971796
ENSMUSG00000037086,1.0
ENSMUSG00000085157,1.0
ENSMUSG00000046615,
ENSMUSG00000101233,1.0
ENSMUSG00000031099,0.8422025021075438
ENSMUSG00000001173,0.5689000586975068
ENSMUSG00000037010,0.7285154794084596
ENSMUSG00000037005,1.0
ENSMUSG00000031101,0.9186631947153631
ENSMUSG00000036985,0.6352439543493095
ENSMUSG00000063785,0.737803933105644
ENSMUSG00000036959,0.7413188690256671
ENSMUSG00000031103,0.7873522136224724
ENSMUSG00000036932,0.7116630553999478
ENSMUSG00000031104,0.875902131598883
ENSMUSG00000036916,0.5935380922639362
ENSMUSG00000031105,0.8446191673407893
ENSMUSG00000051209,1.0
ENSMUSG00000031107,0.8978540601908931
ENSMUSG00000079606,1.0
ENSMUSG00000031109,0.5889691558540197
ENSMUSG00000087369,1.0
ENSMUSG00000086948,1.0
ENSMUSG00000036198,1.0
ENSMUSG00000071764,1.0
ENSMUSG00000067971,1.0
ENSMUSG00000031111,0.7935204389782496
ENSMUSG00000056281,1.0
ENSMUSG00000050504,1.0
ENSMUSG00000048173,1.0
ENSMUSG00000085396,0.6160550909906644
ENSMUSG00000031112,1.0
ENSMUSG00000036131,0.9854038236047243
ENSMUSG00000050029,0.7752833844148389
ENSMUSG00000036109,1.0
ENSMUSG00000062184,0.7392401682411596
ENSMUSG00000055780,1.0
ENSMUSG00000031118,1.0
ENSMUSG00000031119,0.8597898122970647
ENSMUSG00000055653,0.9263116030215118
ENSMUSG00000086704,1.0
ENSMUSG00000055110,1.0
ENSMUSG00000086173,1.0
ENSMUSG00000073207,1.0
ENSMUSG00000025626,0.6760385066873758
ENSMUSG00000025630,0.6162540094263859
ENSMUSG00000101603,1.0
ENSMUSG00000087365,0.9322718639010704
ENSMUSG00000061082,1.0
ENSMUSG00000036022,0.9226281751462873
ENSMUSG00000036013,1.0
ENSMUSG00000023074,0.7176055262176331
ENSMUSG00000060967,1.0
ENSMUSG00000079593,1.0
ENSMUSG00000051851,1.0
ENSMUSG00000067925,0.5524894357951258
ENSMUSG00000067924,0.6296898822821501
ENSMUSG00000055555,1.0
ENSMUSG00000054727,1.0
ENSMUSG00000059334,1.0
ENSMUSG00000054626,0.9519612266310753
ENSMUSG00000086711,1.0
ENSMUSG00000096468,1.0
ENSMUSG00000094714,
ENSMUSG00000067909,1.0
ENSMUSG00000031125,1.0
ENSMUSG00000073177,1.0
ENSMUSG00000085114,1.0
ENSMUSG00000073176,0.8961817895705534
ENSMUSG00000097288,1.0
ENSMUSG00000054850,0.9892344524049352
ENSMUSG00000058932,1.0
ENSMUSG00000035967,0.5503509164669534
ENSMUSG00000064016,1.0
ENSMUSG00000061273,0.7260607588894088
ENSMUSG00000060681,0.719730640616513
ENSMUSG00000023092,0.7190322664163525
ENSMUSG00000067878,1.0
ENSMUSG00000053852,1.0
ENSMUSG00000031130,1.0
ENSMUSG00000067873,0.6898105008625739
ENSMUSG00000031131,1.0
ENSMUSG00000085808,1.0
ENSMUSG00000031132,1.0
ENSMUSG00000031133,0.658508009337921
ENSMUSG00000031134,0.6833876079214909
ENSMUSG00000079584,1.0
ENSMUSG00000036357,0.999939509910361
ENSMUSG00000067860,0.7931349999302708
ENSMUSG00000046180,1.0
ENSMUSG00000031137,0.4935537179713739
ENSMUSG00000031138,1.0
ENSMUSG00000031139,0.9973616350865266
ENSMUSG00000062949,0.5772193813513906
ENSMUSG00000079583,
ENSMUSG00000067835,1.0
ENSMUSG00000045179,0.9927012928386115
ENSMUSG00000087565,1.0
ENSMUSG00000087401,1.0
ENSMUSG00000071753,0.4988113468844201
ENSMUSG00000090546,0.8982130835583905
ENSMUSG00000057615,1.0
ENSMUSG00000045330,1.0
ENSMUSG00000031194,1.0
ENSMUSG00000085757,1.0
ENSMUSG00000079579,1.0
ENSMUSG00000031179,1.0
ENSMUSG00000046699,0.8137224111972434
ENSMUSG00000031181,
ENSMUSG00000031182,1.0
ENSMUSG00000036790,0.6657159137451397
ENSMUSG00000086185,
ENSMUSG00000079578,
ENSMUSG00000079577,
ENSMUSG00000025288,
ENSMUSG00000000838,0.622458102943119
ENSMUSG00000062170,1.0
ENSMUSG00000071748,1.0
ENSMUSG00000056815,
ENSMUSG00000086676,1.0
ENSMUSG00000031189,0.7104805425367177
ENSMUSG00000100511,1.0
ENSMUSG00000059690,1.0
ENSMUSG00000035847,0.5494634743748007
ENSMUSG00000045237,0.9441310937426639
ENSMUSG00000073141,1.0
ENSMUSG00000073139,0.7835101558006212
ENSMUSG00000059401,0.7178634281490756
ENSMUSG00000031337,0.6856982183546753
ENSMUSG00000015214,0.6818558186940341
ENSMUSG00000035776,0.6665189477242108
ENSMUSG00000085284,0.9569114034824507
ENSMUSG00000015217,0.8400608862770474
ENSMUSG00000056380,1.0
ENSMUSG00000073131,0.6502525347565848
ENSMUSG00000073130,1.0
ENSMUSG00000033361,0.9235535094138073
ENSMUSG00000053593,1.0
ENSMUSG00000005864,1.0
ENSMUSG00000033343,
ENSMUSG00000031340,1.0
ENSMUSG00000043453,1.0
ENSMUSG00000031343,0.8439329620522361
ENSMUSG00000031344,1.0
ENSMUSG00000031347,0.7232563044676671
ENSMUSG00000031349,0.7080798991197339
ENSMUSG00000084944,1.0
ENSMUSG00000031351,1.0
ENSMUSG00000050424,1.0
ENSMUSG00000046287,0.9898889527245617
ENSMUSG00000079845,1.0
ENSMUSG00000057836,1.0
ENSMUSG00000092255,1.0
ENSMUSG00000058328,0.7632939119025272
ENSMUSG00000067771,1.0
ENSMUSG00000071745,1.0
ENSMUSG00000072479,1.0
ENSMUSG00000079566,1.0
ENSMUSG00000073125,1.0
ENSMUSG00000067768,1.0
ENSMUSG00000078317,0.9020880130601568
ENSMUSG00000031362,1.0
ENSMUSG00000058147,1.0
ENSMUSG00000067764,1.0
ENSMUSG00000109368,1.0
ENSMUSG00000031365,0.8139889381251658
ENSMUSG00000096966,1.0
ENSMUSG00000097110,1.0
ENSMUSG00000031374,1.0
ENSMUSG00000031372,1.0
ENSMUSG00000031371,0.9172204113886657
ENSMUSG00000031375,0.6962057070163443
ENSMUSG00000031376,0.692683643659458
ENSMUSG00000031383,1.0
ENSMUSG00000002012,0.8856981360778878
ENSMUSG00000019558,0.6727430545785147
ENSMUSG00000002015,0.6261762365682421
ENSMUSG00000031378,0.7452984995461124
ENSMUSG00000031385,0.6762282505056011
ENSMUSG00000002007,0.8874971138100386
ENSMUSG00000002010,0.698166674850978
ENSMUSG00000002014,0.5679031156288356
ENSMUSG00000002006,0.726641218741824
ENSMUSG00000085669,1.0
ENSMUSG00000031391,0.7991713419247285
ENSMUSG00000031389,0.7986456385233878
ENSMUSG00000031390,1.0
ENSMUSG00000031388,0.8223630214452127
ENSMUSG00000031387,0.9207045672049332
ENSMUSG00000031386,0.674635738649266
ENSMUSG00000031392,0.6118641076870553
ENSMUSG00000031393,0.5072123016380911
ENSMUSG00000031394,1.0
ENSMUSG00000062564,1.0
ENSMUSG00000031397,1.0
ENSMUSG00000031328,0.6555310000136025
ENSMUSG00000001964,0.7422025524092867
ENSMUSG00000008682,0.3431995262702975
ENSMUSG00000019088,0.9318299240838768
ENSMUSG00000009995,0.6532786034319711
ENSMUSG00000019087,0.532441618949055
ENSMUSG00000015291,0.5497168630592054
ENSMUSG00000001962,0.78639763439386
ENSMUSG00000031398,0.9063222813141111
ENSMUSG00000015289,0.6701916322954338
ENSMUSG00000015290,0.7883355236630741
ENSMUSG00000032806,1.0
ENSMUSG00000031399,0.8321473873100985
ENSMUSG00000004221,0.8067571730169533
ENSMUSG00000031400,0.7699046465752493
ENSMUSG00000079536,1.0
ENSMUSG00000043715,1.0
ENSMUSG00000051706,1.0
ENSMUSG00000079534,1.0
ENSMUSG00000079532,1.0
ENSMUSG00000079531,1.0
ENSMUSG00000032750,0.7735373878426904
ENSMUSG00000031403,0.7380421991700453
ENSMUSG00000031402,0.8078620700937278
ENSMUSG00000073094,1.0
ENSMUSG00000031196,0.9300309511053534
ENSMUSG00000031198,0.6988033016099205
ENSMUSG00000090110,0.7738597125393092
ENSMUSG00000031200,0.9211876703454801
ENSMUSG00000031201,0.7326857767142746
ENSMUSG00000031197,0.638364843963709
ENSMUSG00000086573,1.0
ENSMUSG00000031202,0.791148214756244
ENSMUSG00000086937,1.0
ENSMUSG00000087396,0.8056306671262445
ENSMUSG00000016382,0.522079126859035
ENSMUSG00000085598,1.0
ENSMUSG00000086104,
ENSMUSG00000086207,1.0
ENSMUSG00000071738,1.0
ENSMUSG00000073085,1.0
ENSMUSG00000079525,1.0
ENSMUSG00000025246,0.49889461225193305
ENSMUSG00000035725,0.7392649861259315
ENSMUSG00000085973,1.0
ENSMUSG00000000003,1.0
ENSMUSG00000079522,1.0
ENSMUSG00000044121,
ENSMUSG00000067684,
ENSMUSG00000079521,
ENSMUSG00000067679,1.0
ENSMUSG00000079519,1.0
ENSMUSG00000035651,
ENSMUSG00000047996,0.6104000936033733
ENSMUSG00000078315,
ENSMUSG00000073077,0.9767357568066325
ENSMUSG00000046942,1.0
ENSMUSG00000025666,0.5045178331337699
ENSMUSG00000060673,1.0
ENSMUSG00000045103,0.3702730515967999
ENSMUSG00000035522,1.0
ENSMUSG00000035491,1.0
ENSMUSG00000035476,0.8344895499370041
ENSMUSG00000025059,0.6317005447925425
ENSMUSG00000087232,1.0
ENSMUSG00000078314,1.0
ENSMUSG00000025058,1.0
ENSMUSG00000035454,1.0
ENSMUSG00000025056,1.0
ENSMUSG00000035427,1.0
ENSMUSG00000052372,0.3687404704093512
ENSMUSG00000097961,1.0
ENSMUSG00000035395,1.0
ENSMUSG00000079513,
ENSMUSG00000035387,1.0
ENSMUSG00000091497,1.0
ENSMUSG00000059972,
ENSMUSG00000073069,
ENSMUSG00000094861,
ENSMUSG00000096072,
ENSMUSG00000057805,
ENSMUSG00000064129,
ENSMUSG00000061392,
ENSMUSG00000062162,
ENSMUSG00000067649,1.0
ENSMUSG00000071726,1.0
ENSMUSG00000095110,1.0
ENSMUSG00000096153,1.0
ENSMUSG00000035277,0.8927404900113088
ENSMUSG00000006678,0.7188285383377131
ENSMUSG00000035246,0.7083887980869612
ENSMUSG00000035232,0.78433821220664
ENSMUSG00000081044,1.0
ENSMUSG00000087640,0.8897011298512384
ENSMUSG00000079509,0.5892937725864756
ENSMUSG00000035150,0.6459362852763522
ENSMUSG00000043929,0.777641812088329
ENSMUSG00000118554,1.0
ENSMUSG00000043549,1.0
ENSMUSG00000079508,0.7725430651309645
ENSMUSG00000084904,0.9306696150058292
ENSMUSG00000025151,0.5860843961818871
ENSMUSG00000071723,0.8685019689036689
ENSMUSG00000073062,0.8464253122798525
ENSMUSG00000109459,1.0
ENSMUSG00000071722,1.0
ENSMUSG00000025656,0.5847846538876299
ENSMUSG00000050332,0.8222323053105401
ENSMUSG00000031204,1.0
ENSMUSG00000109858,1.0
ENSMUSG00000035062,0.8373884312569776
ENSMUSG00000035045,0.578054391347065
ENSMUSG00000071721,1.0
ENSMUSG00000057421,0.7458200134079954
ENSMUSG00000031207,0.5380696750931013
ENSMUSG00000078122,1.0
ENSMUSG00000044206,1.0
ENSMUSG00000045802,1.0
ENSMUSG00000031209,0.7410791642331795
ENSMUSG00000031210,1.0
ENSMUSG00000031212,1.0
ENSMUSG00000034457,1.0
ENSMUSG00000046532,0.85595362715141
ENSMUSG00000031214,0.4459806388478522
ENSMUSG00000047694,0.7238265022207834
ENSMUSG00000031216,0.5747027121271956
ENSMUSG00000031217,0.7901780947790972
ENSMUSG00000073051,1.0
ENSMUSG00000085053,
ENSMUSG00000085553,1.0
ENSMUSG00000034403,0.6971146845712695
ENSMUSG00000071719,0.9757943546567184
ENSMUSG00000059327,0.6674669425450617
ENSMUSG00000031220,1.0
ENSMUSG00000051582,1.0
ENSMUSG00000031221,0.7292945427067724
ENSMUSG00000067597,1.0
ENSMUSG00000015665,1.0
ENSMUSG00000044359,1.0
ENSMUSG00000060890,1.0
ENSMUSG00000015668,0.7935259780419753
ENSMUSG00000034311,1.0
ENSMUSG00000019359,0.7792599636762789
ENSMUSG00000085314,1.0
ENSMUSG00000086736,1.0
ENSMUSG00000000881,0.7432558898437821
ENSMUSG00000009670,1.0
ENSMUSG00000031297,0.9887902264366862
ENSMUSG00000046032,0.626270944869009
ENSMUSG00000042903,0.8415058964943165
ENSMUSG00000090141,1.0
ENSMUSG00000031304,1.0
ENSMUSG00000079487,0.7412076359154153
ENSMUSG00000031302,0.6532720788592695
ENSMUSG00000047797,0.6718908311448931
ENSMUSG00000031310,0.7384761703051075
ENSMUSG00000031311,0.6103799300464502
ENSMUSG00000031312,1.0
ENSMUSG00000031314,0.5945095533442367
ENSMUSG00000034160,0.44027035513442603
ENSMUSG00000050232,1.0
ENSMUSG00000045010,1.0
ENSMUSG00000046774,1.0
ENSMUSG00000079481,0.6083218851346638
ENSMUSG00000049191,0.9431619832786883
ENSMUSG00000079480,0.6941968714545573
ENSMUSG00000051220,1.0
ENSMUSG00000031320,0.2941139777726717
ENSMUSG00000051159,1.0
ENSMUSG00000085568,0.7597461584962151
ENSMUSG00000067567,0.3903443772140949
ENSMUSG00000034055,0.4651033643615
ENSMUSG00000081443,1.0
ENSMUSG00000079479,1.0
ENSMUSG00000073027,1.0
ENSMUSG00000067562,
ENSMUSG00000067561,
ENSMUSG00000032894,1.0
ENSMUSG00000031323,1.0
ENSMUSG00000079476,1.0
ENSMUSG00000109745,1.0
ENSMUSG00000082229,0.8292745838199178
ENSMUSG00000031326,1.0
ENSMUSG00000031327,0.6982970314679922
ENSMUSG00000097953,1.0
ENSMUSG00000031329,1.0
ENSMUSG00000085715,0.6896470151395939
ENSMUSG00000086503,0.3264351935283293
ENSMUSG00000097571,0.629689555554617
ENSMUSG00000086370,0.6222297171519912
ENSMUSG00000031330,1.0
ENSMUSG00000033965,0.5776392490892482
ENSMUSG00000056537,0.6158032566226356
ENSMUSG00000046449,0.7697416287361033
ENSMUSG00000031333,0.6216249727508479
ENSMUSG00000073016,0.9936498742428937
ENSMUSG00000033906,0.9385683547779081
ENSMUSG00000100364,1.0
ENSMUSG00000031224,1.0
ENSMUSG00000087174,0.7230769156605528
ENSMUSG00000031226,0.7506719785136151
ENSMUSG00000031227,0.762204894438238
ENSMUSG00000087620,0.6201438942811378
ENSMUSG00000090132,
ENSMUSG00000031230,1.0
ENSMUSG00000031229,0.4165102335087709
ENSMUSG00000031232,0.5204032739784318
ENSMUSG00000031231,0.49341179145793934
ENSMUSG00000033792,0.6260963302771156
ENSMUSG00000033777,0.9545589280212755
ENSMUSG00000062070,0.6167757400309432
ENSMUSG00000047242,0.819642678017056
ENSMUSG00000073012,1.0
ENSMUSG00000033737,1.0
ENSMUSG00000052821,0.8202507041677333
ENSMUSG00000073010,1.0
ENSMUSG00000047686,1.0
ENSMUSG00000049929,0.8271092624044216
ENSMUSG00000050921,1.0
ENSMUSG00000054293,1.0
ENSMUSG00000073008,1.0
ENSMUSG00000031239,0.4149739894029728
ENSMUSG00000031241,1.0
ENSMUSG00000031242,0.7938564644715327
ENSMUSG00000073007,1.0
ENSMUSG00000073006,1.0
ENSMUSG00000063663,0.6836808938212786
ENSMUSG00000086629,0.6830578212577411
ENSMUSG00000031245,0.8109324354790697
ENSMUSG00000031246,0.5330068093923334
ENSMUSG00000048621,1.0
ENSMUSG00000109088,0.8762458954040001
ENSMUSG00000056854,0.852043408702858
ENSMUSG00000073001,1.0
ENSMUSG00000025665,0.9968938983635608
ENSMUSG00000034551,0.8184194550137665
ENSMUSG00000109156,1.0
ENSMUSG00000034555,1.0
ENSMUSG00000079460,1.0
ENSMUSG00000025525,0.8100209243661942
ENSMUSG00000025527,1.0
ENSMUSG00000025528,1.0
ENSMUSG00000025529,0.9424980161269554
ENSMUSG00000034607,1.0
ENSMUSG00000084963,1.0
ENSMUSG00000025531,0.5897035006500501
ENSMUSG00000025592,0.8861412943592187
ENSMUSG00000025597,0.6479355573203055
ENSMUSG00000050435,1.0
ENSMUSG00000047079,
ENSMUSG00000085619,1.0
ENSMUSG00000072995,1.0
ENSMUSG00000082482,
ENSMUSG00000067441,
ENSMUSG00000100780,
ENSMUSG00000100194,
ENSMUSG00000100133,
ENSMUSG00000086431,1.0
ENSMUSG00000034732,1.0
ENSMUSG00000034755,0.5054594845162556
ENSMUSG00000083616,1.0
ENSMUSG00000055733,0.77819211688924
ENSMUSG00000094864,
ENSMUSG00000079450,0.7810831125597862
ENSMUSG00000095005,1.0
ENSMUSG00000095034,
ENSMUSG00000084776,1.0
ENSMUSG00000118415,1.0
ENSMUSG00000094288,
ENSMUSG00000094999,
ENSMUSG00000095474,1.0
ENSMUSG00000085536,1.0
ENSMUSG00000095108,
ENSMUSG00000095521,
ENSMUSG00000118483,1.0
ENSMUSG00000072049,1.0
ENSMUSG00000095420,
ENSMUSG00000118451,
ENSMUSG00000096318,
ENSMUSG00000118453,
ENSMUSG00000094675,
ENSMUSG00000118442,
ENSMUSG00000095283,
ENSMUSG00000118468,
ENSMUSG00000118470,
ENSMUSG00000118475,
ENSMUSG00000118432,
ENSMUSG00000094540,
ENSMUSG00000118484,
ENSMUSG00000095008,
ENSMUSG00000118464,
ENSMUSG00000094342,
ENSMUSG00000096897,
ENSMUSG00000118418,
ENSMUSG00000095563,1.0
ENSMUSG00000058670,1.0
ENSMUSG00000062791,1.0
ENSMUSG00000049815,
ENSMUSG00000043569,1.0
ENSMUSG00000086244,
ENSMUSG00000034480,0.40358949144436196
ENSMUSG00000051323,0.6491310582685716
ENSMUSG00000031250,1.0
ENSMUSG00000067377,0.8648282433000923
ENSMUSG00000084875,1.0
ENSMUSG00000031253,1.0
ENSMUSG00000031255,1.0
ENSMUSG00000031256,0.7001788101389173
ENSMUSG00000031257,0.8598005171673315
ENSMUSG00000031258,1.0
ENSMUSG00000052549,1.0
ENSMUSG00000067369,0.761734352477121
ENSMUSG00000033578,0.8251607642927009
ENSMUSG00000031262,1.0
ENSMUSG00000000223,0.8103073616028725
ENSMUSG00000009596,1.0
ENSMUSG00000048007,0.80156602470944
ENSMUSG00000031264,0.7830147823309295
ENSMUSG00000079435,0.4025170939203591
ENSMUSG00000031266,0.9700659361987928
ENSMUSG00000045427,0.6094354160716433
ENSMUSG00000087024,1.0
ENSMUSG00000049804,0.8673094338381014
ENSMUSG00000033460,0.780029325482302
ENSMUSG00000050394,0.9882829559141567
ENSMUSG00000049047,0.7018326169293609
ENSMUSG00000033436,0.8109971606652641
ENSMUSG00000009941,1.0
ENSMUSG00000052676,0.6846507943562744
ENSMUSG00000089759,1.0
ENSMUSG00000085556,1.0
ENSMUSG00000079432,1.0
ENSMUSG00000031409,0.8744650126650538
ENSMUSG00000067360,1.0
ENSMUSG00000087428,1.0
ENSMUSG00000094004,1.0
ENSMUSG00000096508,1.0
ENSMUSG00000054994,1.0
ENSMUSG00000086685,1.0
ENSMUSG00000031410,1.0
ENSMUSG00000031411,1.0
ENSMUSG00000058252,1.0
ENSMUSG00000060726,1.0
ENSMUSG00000072969,0.8526777876340768
ENSMUSG00000043384,0.5081277873968135
ENSMUSG00000072964,0.7294709057946611
ENSMUSG00000072966,0.7335252587952873
ENSMUSG00000048040,0.650608322342621
ENSMUSG00000048355,0.8152148786863864
ENSMUSG00000042750,0.6175601183384832
ENSMUSG00000057000,1.0
ENSMUSG00000087553,1.0
ENSMUSG00000047844,0.8222318057494719
ENSMUSG00000051579,0.7047053547700464
ENSMUSG00000054034,0.7736012675227485
ENSMUSG00000050071,0.7306637771551487
ENSMUSG00000079428,1.0
ENSMUSG00000042712,0.5840058366714699
ENSMUSG00000046432,0.639999291032949
ENSMUSG00000057439,1.0
ENSMUSG00000031424,1.0
ENSMUSG00000044550,0.7177249051562496
ENSMUSG00000049536,0.7964026946666476
ENSMUSG00000031422,0.5782724482059548
ENSMUSG00000087368,0.7514272513380434
ENSMUSG00000018595,1.0
ENSMUSG00000031425,0.14265502172326092
ENSMUSG00000043463,0.943411721714575
ENSMUSG00000048155,
ENSMUSG00000089996,0.8906786054086576
ENSMUSG00000089768,0.9301615604012159
ENSMUSG00000044348,0.8163611069606419
ENSMUSG00000031428,0.6065032988966251
ENSMUSG00000042595,0.7607069266875944
ENSMUSG00000023443,1.0
ENSMUSG00000059203,0.7988832778229121
ENSMUSG00000071686,1.0
ENSMUSG00000052854,1.0
ENSMUSG00000031271,1.0
ENSMUSG00000031270,1.0
ENSMUSG00000042525,
ENSMUSG00000042515,0.9579779110046017
ENSMUSG00000086807,1.0
ENSMUSG00000051257,1.0
ENSMUSG00000042498,1.0
ENSMUSG00000031438,0.8794932363134876
ENSMUSG00000042473,0.899747101736287
ENSMUSG00000098559,1.0
ENSMUSG00000072945,1.0
ENSMUSG00000047230,1.0
ENSMUSG00000031434,0.9388415547937713
ENSMUSG00000031433,0.6948264026161407
ENSMUSG00000072944,1.0
ENSMUSG00000042433,1.0
ENSMUSG00000086441,1.0
ENSMUSG00000042425,0.9317572786527448
ENSMUSG00000031432,0.8121867022511559
ENSMUSG00000031431,0.3980529464670758
ENSMUSG00000000266,0.7271610880119228
ENSMUSG00000085146,1.0
ENSMUSG00000042386,1.0
ENSMUSG00000031430,1.0
ENSMUSG00000031429,0.8557128129931976
ENSMUSG00000079418,0.5603237085269636
ENSMUSG00000031273,1.0
ENSMUSG00000031274,0.7178233399645563
ENSMUSG00000054667,1.0
ENSMUSG00000086426,1.0
ENSMUSG00000081607,1.0
ENSMUSG00000086907,1.0
ENSMUSG00000042282,0.9912529416402442
ENSMUSG00000042271,0.714137071929727
ENSMUSG00000090122,0.9745299380406998
ENSMUSG00000031278,0.6779335545479299
ENSMUSG00000047045,0.5230888812286885
ENSMUSG00000042225,0.7281762546169301
ENSMUSG00000085584,1.0
ENSMUSG00000031283,0.8691024446626272
ENSMUSG00000031284,0.655386992603064
ENSMUSG00000067276,1.0
ENSMUSG00000031285,0.7899627193388112
ENSMUSG00000085139,1.0
ENSMUSG00000041718,0.8004368204005974
ENSMUSG00000041710,0.8273308401262435
ENSMUSG00000072934,1.0
ENSMUSG00000071679,0.6754240975674902
ENSMUSG00000041700,1.0
ENSMUSG00000041688,0.7010148426828923
ENSMUSG00000041380,0.7875739658843446
ENSMUSG00000031289,1.0
ENSMUSG00000067262,
ENSMUSG00000031290,0.7287259419008443
ENSMUSG00000095872,1.0
ENSMUSG00000072931,1.0
ENSMUSG00000072930,1.0
ENSMUSG00000079395,1.0
ENSMUSG00000079374,
ENSMUSG00000096834,1.0
ENSMUSG00000079387,1.0
ENSMUSG00000094712,1.0
ENSMUSG00000094885,1.0
ENSMUSG00000086974,1.0
ENSMUSG00000094941,1.0
ENSMUSG00000096008,
ENSMUSG00000095621,1.0
ENSMUSG00000096338,
ENSMUSG00000072923,1.0
ENSMUSG00000094378,1.0
ENSMUSG00000095082,1.0
ENSMUSG00000087360,1.0
ENSMUSG00000041353,0.7336467077101264
ENSMUSG00000025269,0.7122524065758934
ENSMUSG00000025270,1.0
ENSMUSG00000025271,1.0
ENSMUSG00000025272,0.7772420733836782
ENSMUSG00000025268,0.8728539732125372
ENSMUSG00000098311,
ENSMUSG00000025266,0.6273544954063698
ENSMUSG00000025265,0.8071754750313216
ENSMUSG00000025264,0.812035381560089
ENSMUSG00000086286,1.0
ENSMUSG00000041245,0.7737709081091904
ENSMUSG00000084771,0.9228407716115068
ENSMUSG00000025262,0.6135459636940117
ENSMUSG00000041229,0.657049106790778
ENSMUSG00000025261,0.4741378077674232
ENSMUSG00000025260,0.7352759502668781
ENSMUSG00000025257,1.0
ENSMUSG00000041133,0.601928448237433
ENSMUSG00000041115,0.6100933428335336
ENSMUSG00000025332,0.5885068126890288
ENSMUSG00000087403,0.6561641554275109
ENSMUSG00000041096,0.7125345115162031
ENSMUSG00000056679,0.8054416388201474
ENSMUSG00000084885,0.8389468617423513
ENSMUSG00000091863,1.0
ENSMUSG00000045180,0.5839469701636975
ENSMUSG00000025333,1.0
ENSMUSG00000067215,0.998925980232597
ENSMUSG00000047238,0.6852930591162713
ENSMUSG00000085982,0.9582717206433108
ENSMUSG00000071665,1.0
ENSMUSG00000041658,0.7571609862073366
ENSMUSG00000041649,0.8521446991529394
ENSMUSG00000050148,0.62029714661616
ENSMUSG00000048573,
ENSMUSG00000041633,0.8228180795967163
ENSMUSG00000109128,0.9999972625987585
ENSMUSG00000086316,0.684721496648065
ENSMUSG00000046550,1.0
ENSMUSG00000094802,1.0
ENSMUSG00000094577,
ENSMUSG00000096867,
ENSMUSG00000094592,1.0
ENSMUSG00000059663,1.0
ENSMUSG00000025051,
ENSMUSG00000072888,1.0
ENSMUSG00000072100,
ENSMUSG00000063728,1.0
ENSMUSG00000094196,
ENSMUSG00000079350,1.0
ENSMUSG00000055746,1.0
ENSMUSG00000079349,
ENSMUSG00000096644,1.0
ENSMUSG00000057402,1.0
ENSMUSG00000025283,0.4406972227942849
ENSMUSG00000025287,0.8276578056863089
ENSMUSG00000025289,0.8005518520790244
ENSMUSG00000041552,0.7471783296834019
ENSMUSG00000084932,1.0
ENSMUSG00000055109,0.8936117270683019
ENSMUSG00000057457,1.0
ENSMUSG00000071708,0.6623824842932511
ENSMUSG00000046873,0.6746793347277541
ENSMUSG00000091736,
ENSMUSG00000041476,1.0
ENSMUSG00000086188,1.0
ENSMUSG00000047485,1.0
ENSMUSG00000025658,0.5492084121629566
ENSMUSG00000031309,0.5332935701052464
ENSMUSG00000067194,0.6045484372712874
ENSMUSG00000041020,0.5853609599538306
ENSMUSG00000044150,0.7238269280174914
ENSMUSG00000040990,0.4988569871291467
ENSMUSG00000031303,1.0
ENSMUSG00000031299,0.6265517810685483
ENSMUSG00000031298,0.9996391242538477
ENSMUSG00000087505,1.0
ENSMUSG00000031295,0.7251556534721706
ENSMUSG00000085695,1.0
ENSMUSG00000062168,1.0
ENSMUSG00000031293,0.999884297174702
ENSMUSG00000031292,0.6203902978054513
ENSMUSG00000055691,1.0
ENSMUSG00000000037,1.0
ENSMUSG00000108981,1.0
ENSMUSG00000043518,0.946695149863847
ENSMUSG00000059493,0.7062648145661996
ENSMUSG00000087571,1.0
ENSMUSG00000040855,0.6719267262765964
ENSMUSG00000086034,1.0
ENSMUSG00000031353,0.6502533260454384
ENSMUSG00000038344,0.6415478418049236
ENSMUSG00000031357,0.7150374905838107
ENSMUSG00000031360,0.6975932438064851
ENSMUSG00000040808,1.0
ENSMUSG00000031364,1.0
ENSMUSG00000083695,1.0
ENSMUSG00000031367,0.6614368821693941
ENSMUSG00000031370,0.642474073733826
ENSMUSG00000031373,0.9893956092265858
ENSMUSG00000040749,1.0
ENSMUSG00000015401,1.0
ENSMUSG00000015405,1.0
ENSMUSG00000031377,1.0
ENSMUSG00000031379,0.8011487469686107
ENSMUSG00000031380,0.9968749481681979
ENSMUSG00000031381,0.7943487019500775
ENSMUSG00000031382,1.0
ENSMUSG00000031384,1.0
ENSMUSG00000061778,0.6899335773523567
ENSMUSG00000047757,1.0
ENSMUSG00000079600,1.0
ENSMUSG00000018589,0.9203559494551437
ENSMUSG00000040621,0.7966228290263411
ENSMUSG00000031342,0.29379309800853953
ENSMUSG00000040586,0.7808466313852513
ENSMUSG00000079317,0.7114463380684152
ENSMUSG00000079316,0.6977230633938638
ENSMUSG00000051224,0.9788662074346192
ENSMUSG00000000402,0.9581585409219116
ENSMUSG00000087677,1.0
ENSMUSG00000086860,1.0
ENSMUSG00000084920,1.0
ENSMUSG00000086008,1.0
ENSMUSG00000084806,1.0
ENSMUSG00000087340,1.0
ENSMUSG00000049775,0.17019593751751758
ENSMUSG00000040522,1.0
ENSMUSG00000044583,0.6865851525147415
ENSMUSG00000025742,0.7728322456722704
ENSMUSG00000086258,1.0
ENSMUSG00000049176,0.5805412371363659
ENSMUSG00000031358,0.7358913969613228
ENSMUSG00000031355,0.6008221666576005
ENSMUSG00000087201,0.9856780900900755
ENSMUSG00000031354,1.0
ENSMUSG00000031352,0.7435855734738963
ENSMUSG00000087159,0.914354144023207
ENSMUSG00000087587,1.0
ENSMUSG00000035299,0.6494148880865485
ENSMUSG00000055357,1.0
ENSMUSG00000072844,0.8821411519688339
ENSMUSG00000087263,1.0
ENSMUSG00000086695,1.0
ENSMUSG00000095562,0.9069720875707741
ENSMUSG00000093806,1.0
ENSMUSG00000101796,
ENSMUSG00000101492,
ENSMUSG00000053211,1.0
ENSMUSG00000069053,1.0
ENSMUSG00000101036,1.0
ENSMUSG00000101107,1.0
ENSMUSG00000056673,0.7953908364978325
ENSMUSG00000069049,0.6466940457591143
ENSMUSG00000099876,1.0
ENSMUSG00000068457,0.6472321665023302
ENSMUSG00000069045,0.6058406254336615
ENSMUSG00000069044,1.0
ENSMUSG00000000103,1.0
ENSMUSG00000094881,
ENSMUSG00000069036,
ENSMUSG00000095573,
ENSMUSG00000102053,1.0
ENSMUSG00000094658,
ENSMUSG00000095852,1.0
ENSMUSG00000091987,1.0
ENSMUSG00000101667,
ENSMUSG00000093918,1.0
ENSMUSG00000094511,1.0
ENSMUSG00000093987,1.0
ENSMUSG00000095948,
ENSMUSG00000096520,1.0
ENSMUSG00000100446,
ENSMUSG00000100984,
ENSMUSG00000100958,
ENSMUSG00000100597,
ENSMUSG00000093927,1.0
ENSMUSG00000101041,
ENSMUSG00000095693,
ENSMUSG00000099761,
ENSMUSG00000096706,1.0
ENSMUSG00000096268,
ENSMUSG00000100634,
ENSMUSG00000100056,
ENSMUSG00000101291,
ENSMUSG00000096036,
ENSMUSG00000100292,
ENSMUSG00000101081,1.0
ENSMUSG00000099815,
ENSMUSG00000101525,1.0
ENSMUSG00000095148,
ENSMUSG00000101243,1.0
ENSMUSG00000079806,
ENSMUSG00000101388,
ENSMUSG00000096686,
ENSMUSG00000099505,
ENSMUSG00000100161,
ENSMUSG00000101913,
ENSMUSG00000094484,1.0
ENSMUSG00000100939,1.0
ENSMUSG00000100262,
ENSMUSG00000100948,
ENSMUSG00000100961,
ENSMUSG00000101521,
ENSMUSG00000094081,
ENSMUSG00000100645,1.0
ENSMUSG00000100124,
ENSMUSG00000102026,
ENSMUSG00000099800,
ENSMUSG00000099861,
ENSMUSG00000095324,
ENSMUSG00000101229,1.0
ENSMUSG00000101456,
ENSMUSG00000100421,1.0
ENSMUSG00000101928,1.0
ENSMUSG00000101366,
ENSMUSG00000100491,
ENSMUSG00000101053,
ENSMUSG00000100080,
ENSMUSG00000101441,
ENSMUSG00000091077,
ENSMUSG00000094679,1.0
ENSMUSG00000101095,
ENSMUSG00000094773,
ENSMUSG00000096223,1.0
ENSMUSG00000094556,
ENSMUSG00000095032,
ENSMUSG00000099372,
ENSMUSG00000095242,
ENSMUSG00000101396,1.0
ENSMUSG00000095950,
ENSMUSG00000100369,
ENSMUSG00000099668,
ENSMUSG00000094813,
ENSMUSG00000099482,
ENSMUSG00000099776,
ENSMUSG00000094838,
ENSMUSG00000100368,
ENSMUSG00000100231,1.0
ENSMUSG00000095508,
ENSMUSG00000104505,
ENSMUSG00000104267,
ENSMUSG00000103352,
ENSMUSG00000102335,
ENSMUSG00000095769,
ENSMUSG00000096820,
ENSMUSG00000103474,
ENSMUSG00000095759,
ENSMUSG00000103468,
ENSMUSG00000093903,1.0
ENSMUSG00000103176,
ENSMUSG00000104522,
ENSMUSG00000095462,
ENSMUSG00000102177,
ENSMUSG00000102346,
ENSMUSG00000093883,
ENSMUSG00000095900,1.0
ENSMUSG00000104048,
ENSMUSG00000103524,
ENSMUSG00000094227,
ENSMUSG00000103681,
ENSMUSG00000104409,
ENSMUSG00000103872,
ENSMUSG00000102787,
ENSMUSG00000104499,
ENSMUSG00000103431,
ENSMUSG00000104191,1.0
ENSMUSG00000102251,
ENSMUSG00000102835,
ENSMUSG00000103943,
ENSMUSG00000102624,
ENSMUSG00000102138,
ENSMUSG00000102582,
ENSMUSG00000102392,1.0
ENSMUSG00000095172,
ENSMUSG00000094829,
ENSMUSG00000095520,
ENSMUSG00000102586,
ENSMUSG00000095365,1.0
ENSMUSG00000102400,
ENSMUSG00000102520,
ENSMUSG00000094161,
ENSMUSG00000102726,
ENSMUSG00000102739,
ENSMUSG00000094325,1.0
ENSMUSG00000103757,
ENSMUSG00000096819,
ENSMUSG00000103994,1.0
ENSMUSG00000095879,
ENSMUSG00000095267,
ENSMUSG00000103917,
ENSMUSG00000102150,1.0
ENSMUSG00000103782,
ENSMUSG00000104050,
ENSMUSG00000103871,
ENSMUSG00000104472,
ENSMUSG00000095927,
ENSMUSG00000103347,
ENSMUSG00000104407,
ENSMUSG00000103612,
ENSMUSG00000102273,
ENSMUSG00000102294,
ENSMUSG00000103190,
ENSMUSG00000102867,
ENSMUSG00000102968,
ENSMUSG00000103371,1.0
ENSMUSG00000103489,
ENSMUSG00000102195,
ENSMUSG00000104506,
ENSMUSG00000103664,
ENSMUSG00000103005,
ENSMUSG00000103752,
ENSMUSG00000102551,
ENSMUSG00000103365,
ENSMUSG00000103829,
ENSMUSG00000102668,1.0
ENSMUSG00000104131,
ENSMUSG00000094294,
ENSMUSG00000093848,1.0
ENSMUSG00000102429,
ENSMUSG00000104425,
ENSMUSG00000102146,
ENSMUSG00000104345,
ENSMUSG00000103528,1.0
ENSMUSG00000102772,
ENSMUSG00000103425,
ENSMUSG00000103077,
ENSMUSG00000103787,1.0
ENSMUSG00000103954,
ENSMUSG00000103919,1.0
ENSMUSG00000103812,
ENSMUSG00000104259,
ENSMUSG00000103773,
ENSMUSG00000104062,
ENSMUSG00000104289,
ENSMUSG00000103589,
ENSMUSG00000102396,1.0
ENSMUSG00000102598,
ENSMUSG00000103029,
ENSMUSG00000102239,
ENSMUSG00000104500,
ENSMUSG00000103236,
ENSMUSG00000093868,
ENSMUSG00000102350,
ENSMUSG00000103615,
ENSMUSG00000094911,
ENSMUSG00000104431,
ENSMUSG00000103977,
ENSMUSG00000102643,
ENSMUSG00000103660,
ENSMUSG00000094939,
ENSMUSG00000103982,
ENSMUSG00000102576,
ENSMUSG00000103813,
ENSMUSG00000104412,
ENSMUSG00000102977,
ENSMUSG00000102547,
ENSMUSG00000103842,
ENSMUSG00000103462,
ENSMUSG00000101513,
ENSMUSG00000101809,
ENSMUSG00000102104,
ENSMUSG00000100055,
ENSMUSG00000101929,
ENSMUSG00000101971,
ENSMUSG00000101743,
ENSMUSG00000101311,
ENSMUSG00000101692,
ENSMUSG00000101198,
ENSMUSG00000099955,
ENSMUSG00000099541,
ENSMUSG00000101920,
ENSMUSG00000099430,
ENSMUSG00000100570,
ENSMUSG00000101753,
ENSMUSG00000101484,
ENSMUSG00000101158,1.0
ENSMUSG00000099537,
ENSMUSG00000101192,
ENSMUSG00000099431,1.0
ENSMUSG00000100859,
ENSMUSG00000099653,
ENSMUSG00000100875,
ENSMUSG00000100117,
ENSMUSG00000099650,
ENSMUSG00000101560,
ENSMUSG00000101954,
ENSMUSG00000099348,
ENSMUSG00000099380,
ENSMUSG00000101412,
ENSMUSG00000099880,
ENSMUSG00000101642,
ENSMUSG00000101719,
ENSMUSG00000100896,
ENSMUSG00000101379,
ENSMUSG00000100565,
ENSMUSG00000100038,
ENSMUSG00000100415,
ENSMUSG00000101775,
ENSMUSG00000100321,
ENSMUSG00000100467,
ENSMUSG00000095192,
ENSMUSG00000100311,
ENSMUSG00000094232,
ENSMUSG00000099990,
ENSMUSG00000096698,
ENSMUSG00000099855,
ENSMUSG00000100928,
ENSMUSG00000099695,
ENSMUSG00000100399,
ENSMUSG00000094789,
ENSMUSG00000094444,
ENSMUSG00000101423,
ENSMUSG00000095626,
ENSMUSG00000101761,
ENSMUSG00000096777,
ENSMUSG00000100739,
ENSMUSG00000095345,
ENSMUSG00000100709,
ENSMUSG00000095968,
ENSMUSG00000101779,
ENSMUSG00000101745,
ENSMUSG00000100957,
ENSMUSG00000099756,
ENSMUSG00000095263,1.0
ENSMUSG00000096272,
ENSMUSG00000099426,
ENSMUSG00000096711,
ENSMUSG00000101728,
ENSMUSG00000095553,
ENSMUSG00000101099,
ENSMUSG00000101601,
ENSMUSG00000101516,
ENSMUSG00000100790,
ENSMUSG00000101302,
ENSMUSG00000102125,
ENSMUSG00000095011,1.0
ENSMUSG00000094064,
ENSMUSG00000099461,
ENSMUSG00000096532,
ENSMUSG00000101681,
ENSMUSG00000101472,
ENSMUSG00000101407,
ENSMUSG00000099500,
ENSMUSG00000100097,
ENSMUSG00000101474,
ENSMUSG00000099737,
ENSMUSG00000101654,
ENSMUSG00000101808,
ENSMUSG00000100500,
ENSMUSG00000099463,
ENSMUSG00000100745,
ENSMUSG00000099651,
ENSMUSG00000099390,
ENSMUSG00000100422,
ENSMUSG00000095793,1.0
ENSMUSG00000101626,
ENSMUSG00000101091,
ENSMUSG00000099799,
ENSMUSG00000101632,
ENSMUSG00000099963,
ENSMUSG00000101127,
ENSMUSG00000096650,1.0
ENSMUSG00000102058,
ENSMUSG00000100034,1.0
ENSMUSG00000099822,
ENSMUSG00000101781,
ENSMUSG00000101377,
ENSMUSG00000099814,
ENSMUSG00000101284,
ENSMUSG00000100651,
ENSMUSG00000101933,1.0
ENSMUSG00000100647,
ENSMUSG00000101815,
ENSMUSG00000101820,
ENSMUSG00000099832,1.0
ENSMUSG00000099967,
ENSMUSG00000101157,1.0
ENSMUSG00000101879,
ENSMUSG00000099601,
ENSMUSG00000094575,
ENSMUSG00000100952,
ENSMUSG00000099730,
ENSMUSG00000099807,
ENSMUSG00000101435,
ENSMUSG00000100892,1.0
ENSMUSG00000101050,
ENSMUSG00000099793,
ENSMUSG00000101771,
ENSMUSG00000100719,
ENSMUSG00000101740,
ENSMUSG00000100588,
ENSMUSG00000101040,
ENSMUSG00000101272,
ENSMUSG00000101633,
ENSMUSG00000099723,1.0
ENSMUSG00000093895,1.0
ENSMUSG00000100043,1.0
ENSMUSG00000099786,
ENSMUSG00000094354,
ENSMUSG00000095725,
ENSMUSG00000100900,
ENSMUSG00000095433,
ENSMUSG00000100508,
ENSMUSG00000101090,
ENSMUSG00000099379,
ENSMUSG00000100070,
ENSMUSG00000096885,
ENSMUSG00000095452,
ENSMUSG00000099628,
ENSMUSG00000096120,
ENSMUSG00000099897,
ENSMUSG00000099785,
ENSMUSG00000101536,
ENSMUSG00000099780,
ENSMUSG00000099849,
ENSMUSG00000100822,
ENSMUSG00000101471,1.0
ENSMUSG00000099700,
ENSMUSG00000101811,
ENSMUSG00000101247,
ENSMUSG00000099408,
ENSMUSG00000101207,
ENSMUSG00000100051,1.0
ENSMUSG00000099977,
ENSMUSG00000099415,
ENSMUSG00000100953,
ENSMUSG00000100693,
ENSMUSG00000099638,
ENSMUSG00000094181,1.0
ENSMUSG00000102081,
ENSMUSG00000102031,
ENSMUSG00000102116,1.0
ENSMUSG00000101649,
ENSMUSG00000101802,
ENSMUSG00000099790,1.0
ENSMUSG00000100011,
ENSMUSG00000101675,
ENSMUSG00000100499,
ENSMUSG00000100256,
ENSMUSG00000101003,
ENSMUSG00000100628,
ENSMUSG00000100003,
ENSMUSG00000099462,
ENSMUSG00000101138,
ENSMUSG00000100871,
ENSMUSG00000100716,
ENSMUSG00000100325,
ENSMUSG00000099789,
ENSMUSG00000099593,
ENSMUSG00000101109,
ENSMUSG00000101541,
ENSMUSG00000094782,1.0
ENSMUSG00000100852,
ENSMUSG00000099532,
ENSMUSG00000102054,
ENSMUSG00000101131,
ENSMUSG00000099674,
ENSMUSG00000101069,
ENSMUSG00000101653,1.0
ENSMUSG00000100423,
ENSMUSG00000100023,
ENSMUSG00000099903,
ENSMUSG00000100972,
ENSMUSG00000100938,
ENSMUSG00000100970,
ENSMUSG00000101204,
ENSMUSG00000095979,1.0
ENSMUSG00000100206,
ENSMUSG00000100765,
ENSMUSG00000100914,
ENSMUSG00000100338,1.0
ENSMUSG00000099666,
ENSMUSG00000100118,
ENSMUSG00000102122,
ENSMUSG00000100388,
ENSMUSG00000100915,
ENSMUSG00000096769,1.0
ENSMUSG00000099985,
ENSMUSG00000099916,
ENSMUSG00000099613,
ENSMUSG00000101222,
ENSMUSG00000100787,
ENSMUSG00000101002,
ENSMUSG00000100820,
ENSMUSG00000100232,
ENSMUSG00000100485,1.0
ENSMUSG00000100461,
ENSMUSG00000100248,
ENSMUSG00000099559,
ENSMUSG00000099494,
ENSMUSG00000102022,
ENSMUSG00000095606,
ENSMUSG00000099506,
ENSMUSG00000100584,
ENSMUSG00000101570,
ENSMUSG00000101885,
ENSMUSG00000099654,
ENSMUSG00000094729,
ENSMUSG00000100332,
ENSMUSG00000101547,
ENSMUSG00000100401,
ENSMUSG00000100778,
ENSMUSG00000100045,1.0
ENSMUSG00000101566,
ENSMUSG00000101190,
ENSMUSG00000100227,
ENSMUSG00000099456,
ENSMUSG00000100089,
ENSMUSG00000101542,
ENSMUSG00000100424,
ENSMUSG00000101422,
ENSMUSG00000094570,
ENSMUSG00000101967,
ENSMUSG00000101723,
ENSMUSG00000099442,
ENSMUSG00000095135,1.0
ENSMUSG00000101580,
ENSMUSG00000100054,
ENSMUSG00000100242,
ENSMUSG00000100167,
ENSMUSG00000100144,
ENSMUSG00000101021,
ENSMUSG00000099485,1.0
ENSMUSG00000099548,
ENSMUSG00000101150,
ENSMUSG00000099595,
ENSMUSG00000100073,
ENSMUSG00000101782,
ENSMUSG00000101155,1.0
ENSMUSG00000100578,
ENSMUSG00000101245,
ENSMUSG00000096122,1.0
ENSMUSG00000101943,
ENSMUSG00000099388,
ENSMUSG00000101399,1.0
ENSMUSG00000101350,
ENSMUSG00000100614,
ENSMUSG00000100501,
ENSMUSG00000100083,
ENSMUSG00000100076,
ENSMUSG00000101100,
ENSMUSG00000101744,
ENSMUSG00000101317,
ENSMUSG00000101244,
ENSMUSG00000096626,1.0
ENSMUSG00000100085,
ENSMUSG00000101424,
ENSMUSG00000100264,
ENSMUSG00000100715,
ENSMUSG00000100582,
ENSMUSG00000099551,
ENSMUSG00000101531,
ENSMUSG00000100425,
ENSMUSG00000101300,
ENSMUSG00000101426,
ENSMUSG00000101891,
ENSMUSG00000100238,
ENSMUSG00000099866,
ENSMUSG00000101110,
ENSMUSG00000095141,1.0
ENSMUSG00000101910,
ENSMUSG00000100579,
ENSMUSG00000100057,
ENSMUSG00000101592,
ENSMUSG00000100609,
ENSMUSG00000101993,
ENSMUSG00000100667,
ENSMUSG00000100012,
ENSMUSG00000099836,
ENSMUSG00000099865,1.0
ENSMUSG00000101353,
ENSMUSG00000100726,
ENSMUSG00000100606,
ENSMUSG00000101170,1.0
ENSMUSG00000099355,
ENSMUSG00000101285,
ENSMUSG00000094821,1.0
ENSMUSG00000093950,
ENSMUSG00000101614,
ENSMUSG00000101182,1.0
ENSMUSG00000101668,
ENSMUSG00000099699,
ENSMUSG00000100856,
ENSMUSG00000101119,
ENSMUSG00000099520,
ENSMUSG00000101125,
ENSMUSG00000100452,
ENSMUSG00000100329,
ENSMUSG00000099940,
ENSMUSG00000101766,
ENSMUSG00000101539,
ENSMUSG00000101569,
ENSMUSG00000095785,
ENSMUSG00000101507,
ENSMUSG00000093993,
ENSMUSG00000100333,
ENSMUSG00000100126,
ENSMUSG00000099778,
ENSMUSG00000101512,
ENSMUSG00000101256,
ENSMUSG00000101758,
ENSMUSG00000099395,
ENSMUSG00000100607,
ENSMUSG00000099829,1.0
ENSMUSG00000101278,
ENSMUSG00000096666,
ENSMUSG00000100373,
ENSMUSG00000095302,
ENSMUSG00000100809,1.0
ENSMUSG00000099962,
ENSMUSG00000101313,
ENSMUSG00000100478,
ENSMUSG00000099716,1.0
ENSMUSG00000101794,
ENSMUSG00000101529,
ENSMUSG00000099501,
ENSMUSG00000099991,
ENSMUSG00000096016,1.0
ENSMUSG00000101861,
ENSMUSG00000101598,
ENSMUSG00000095634,
ENSMUSG00000101393,
ENSMUSG00000100885,
ENSMUSG00000100032,
ENSMUSG00000101080,
ENSMUSG00000102119,1.0
ENSMUSG00000102005,
ENSMUSG00000101491,
ENSMUSG00000102388,1.0
ENSMUSG00000100971,
ENSMUSG00000099555,
ENSMUSG00000099550,1.0
ENSMUSG00000100278,
ENSMUSG00000094052,
ENSMUSG00000101725,1.0
ENSMUSG00000101440,
ENSMUSG00000094616,1.0
ENSMUSG00000100653,
ENSMUSG00000101706,
ENSMUSG00000101627,
ENSMUSG00000099704,
ENSMUSG00000101893,
ENSMUSG00000101713,
ENSMUSG00000099531,
ENSMUSG00000101134,1.0
ENSMUSG00000100537,
ENSMUSG00000100535,
ENSMUSG00000096902,1.0
ENSMUSG00000100694,
ENSMUSG00000101425,
ENSMUSG00000099782,
ENSMUSG00000099554,
ENSMUSG00000101774,
ENSMUSG00000100805,
ENSMUSG00000101528,1.0
ENSMUSG00000094507,
ENSMUSG00000100115,
ENSMUSG00000101218,
ENSMUSG00000100140,
ENSMUSG00000101146,1.0
ENSMUSG00000099896,
ENSMUSG00000100544,
ENSMUSG00000100902,1.0
ENSMUSG00000094404,
ENSMUSG00000100708,
ENSMUSG00000099526,
ENSMUSG00000101960,
ENSMUSG00000100526,
ENSMUSG00000101785,1.0
ENSMUSG00000100149,
ENSMUSG00000100823,
ENSMUSG00000099416,
ENSMUSG00000094647,1.0
ENSMUSG00000099646,
ENSMUSG00000100063,
ENSMUSG00000100722,
ENSMUSG00000096898,
ENSMUSG00000100366,
ENSMUSG00000102111,1.0
ENSMUSG00000101060,
ENSMUSG00000099792,1.0
ENSMUSG00000099479,
ENSMUSG00000101115,1.0
ENSMUSG00000100849,
ENSMUSG00000101321,1.0
ENSMUSG00000100328,
ENSMUSG00000094739,
ENSMUSG00000101804,
ENSMUSG00000095867,
ENSMUSG00000100784,1.0
ENSMUSG00000099636,
ENSMUSG00000094746,1.0
ENSMUSG00000102016,
ENSMUSG00000101465,
ENSMUSG00000095578,1.0
ENSMUSG00000101981,
ENSMUSG00000100286,
ENSMUSG00000100925,
ENSMUSG00000099740,1.0
ENSMUSG00000100187,
ENSMUSG00000099894,1.0
ENSMUSG00000101962,
ENSMUSG00000100879,
ENSMUSG00000099480,
ENSMUSG00000100298,
ENSMUSG00000101286,1.0
ENSMUSG00000101907,
ENSMUSG00000100035,
ENSMUSG00000101329,
ENSMUSG00000100532,
ENSMUSG00000099925,1.0
ENSMUSG00000101508,
ENSMUSG00000100407,
ENSMUSG00000095153,1.0
ENSMUSG00000100531,
ENSMUSG00000094660,1.0
ENSMUSG00000101160,
ENSMUSG00000099840,1.0
ENSMUSG00000101405,
ENSMUSG00000099633,
ENSMUSG00000099642,1.0
ENSMUSG00000102127,
ENSMUSG00000099362,
ENSMUSG00000099921,
ENSMUSG00000095650,1.0
ENSMUSG00000101989,
ENSMUSG00000100288,
ENSMUSG00000099341,
ENSMUSG00000101282,
ENSMUSG00000102061,
ENSMUSG00000101961,
ENSMUSG00000100240,1.0
ENSMUSG00000099824,
ENSMUSG00000100817,1.0
ENSMUSG00000102110,
ENSMUSG00000100350,
ENSMUSG00000100887,
ENSMUSG00000099496,
ENSMUSG00000094399,1.0
ENSMUSG00000100243,
ENSMUSG00000099856,1.0
ENSMUSG00000101866,
ENSMUSG00000101931,
ENSMUSG00000100352,
ENSMUSG00000100682,1.0
ENSMUSG00000101915,1.0
ENSMUSG00000101770,
ENSMUSG00000099643,
ENSMUSG00000100930,
ENSMUSG00000100440,
ENSMUSG00000099649,
ENSMUSG00000101984,
ENSMUSG00000099436,
ENSMUSG00000100067,
ENSMUSG00000101694,1.0
ENSMUSG00000101533,1.0
ENSMUSG00000102045,1.0
ENSMUSG00000100492,1.0
ENSMUSG00000099982,
ENSMUSG00000101402,
ENSMUSG00000100574,
ENSMUSG00000100608,1.0
ENSMUSG00000102011,1.0
ENSMUSG00000100533,
ENSMUSG00000096178,1.0
ENSMUSG00000099619,
ENSMUSG00000099399,
ENSMUSG00000095366,0.8839306129481167
ENSMUSG00000096768,0.44596006370726676
ENSMUSG00000096850,
ENSMUSG00000064341,0.21103568796702582
ENSMUSG00000064345,0.17964136488357155
ENSMUSG00000064351,0.14148732868814531
ENSMUSG00000064354,0.13789418165675763
ENSMUSG00000064356,0.3384093891510008
ENSMUSG00000064357,0.11841420566599255
ENSMUSG00000064358,0.13783302668860475
ENSMUSG00000064360,0.23401556798060372
ENSMUSG00000065947,0.30658555940073756
ENSMUSG00000064363,0.16713045638168794
ENSMUSG00000064367,0.2991156438130214
ENSMUSG00000064368,0.5045921619197078
ENSMUSG00000064370,0.17594278069183664
ENSMUSG00000079800,1.0
ENSMUSG00000095092,
ENSMUSG00000079192,
ENSMUSG00000079794,
ENSMUSG00000094799,
ENSMUSG00000095250,
ENSMUSG00000095787,
ENSMUSG00000096100,
ENSMUSG00000095672,
ENSMUSG00000079190,1.0
ENSMUSG00000094514,1.0
ENSMUSG00000094915,
ENSMUSG00000079808,1.0
ENSMUSG00000063897,0.745703538799845
ENSMUSG00000096776,
ENSMUSG00000096244,
ENSMUSG00000079222,1.0
ENSMUSG00000094874,
ENSMUSG00000095500,1.0
ENSMUSG00000095450,
ENSMUSG00000094728,
ENSMUSG00000062783,1.0
ENSMUSG00000096808,1.0
ENSMUSG00000051412,0.715593248814007
ENSMUSG00000090805,1.0
ENSMUSG00000061654,0.9943838688849397
ENSMUSG00000079834,0.6504030375320778
ENSMUSG00000094121,
ENSMUSG00000094576,1.0
ENSMUSG00000079774,
ENSMUSG00000079773,
ENSMUSG00000096271,
ENSMUSG00000094741,
ENSMUSG00000074720,
ENSMUSG00000094337,
ENSMUSG00000095570,
ENSMUSG00000096728,
ENSMUSG00000096730,1.0
ENSMUSG00000095456,
ENSMUSG00000095247,1.0
ENSMUSG00000095585,
ENSMUSG00000096873,
ENSMUSG00000095755,
ENSMUSG00000096646,
ENSMUSG00000096506,1.0
ENSMUSG00000095552,1.0
ENSMUSG00000095207,
ENSMUSG00000093828,1.0
ENSMUSG00000095623,
ENSMUSG00000094661,
ENSMUSG00000095320,
ENSMUSG00000094350,1.0
ENSMUSG00000096237,1.0
ENSMUSG00000095742,1.0
ENSMUSG00000095666,
ENSMUSG00000096680,
ENSMUSG00000095505,
ENSMUSG00000094303,
ENSMUSG00000096236,
ENSMUSG00000096756,
ENSMUSG00000094722,
ENSMUSG00000095728,
ENSMUSG00000095076,
ENSMUSG00000094836,
ENSMUSG00000094383,
ENSMUSG00000094474,1.0
ENSMUSG00000094791,
ENSMUSG00000096550,
ENSMUSG00000094172,
ENSMUSG00000094887,1.0
ENSMUSG00000091585,
ENSMUSG00000095763,1.0
ENSMUSG00000095523,
ENSMUSG00000095475,
ENSMUSG00000094855,
ENSMUSG00000095019,
ENSMUSG00000095041,0.4597201664301271
